INSERT INTO public.eth_contracts (id, address, created, name, network, type, underlying) VALUES (2, '0x222412af183bceadefd72e4cb1b71f1889953b1c', 0, 'CONTROLLER', 'bsc', 3, null);
INSERT INTO public.eth_contracts (id, address, created, name, network, type, underlying) VALUES (3, '0xf00dd244228f51547f0563e60bca65a30fbf5f7f', 0, 'GOVERNANCE', 'bsc', 3, null);
INSERT INTO public.eth_contracts (id, address, created, name, network, type, underlying) VALUES (7, '0xd9a0d1f5e02de2403f68bb71a15f8847a854b494', 6965422, 'PCS_LP_ETH_BUSD', 'bsc', 2, null);
INSERT INTO public.eth_contracts (id, address, created, name, network, type, underlying) VALUES (4, '0x250632378e573c6be1ac2f97fcdf00515d0aa91b', 6929588, 'BETH', 'bsc', 4, null);
INSERT INTO public.eth_contracts (id, address, created, name, network, type, underlying) VALUES (9, '0x394e653bbfc9a3497a0487abee153ca6498f053d', 6929588, 'BETH_#V1', 'bsc', 0, null);
INSERT INTO public.eth_contracts (id, address, created, name, network, type, underlying) VALUES (5, '0x99d865ed50d2c32c1493896810fa386c1ce81d91', 6929588, 'PCS_LP_ETH_BETH', 'bsc', 2, null);
INSERT INTO public.eth_contracts (id, address, created, name, network, type, underlying) VALUES (1, '0xc3f7ffb5d5869b3ade9448d094d81b0521e8326f', 5992197, 'BETH', 'bsc', 0, null);
INSERT INTO public.eth_contracts (id, address, created, name, network, type, underlying) VALUES (60, '0xf1121f56961c6dfd40355dde61404d51b3f1c34e', 6333903, 'ST_PCS_USDT_WBNB', 'bsc', 1, null);
INSERT INTO public.eth_contracts (id, address, created, name, network, type, underlying) VALUES (52, '0x3331039530dd04b5df06c2d226ac28e958bacc0f', 6333775, 'ST_ETH', 'bsc', 1, null);
INSERT INTO public.eth_contracts (id, address, created, name, network, type, underlying) VALUES (10, '0xd75ffa16ffbcf4078d55ff246cfba79bb8ce3f63', 6929609, 'BTCB', 'bsc', 0, null);
INSERT INTO public.eth_contracts (id, address, created, name, network, type, underlying) VALUES (16, '0x41182c32f854dd97ba0e0b1816022e0acb2fc0bb', 6965785, 'PCS_LP_WBNB_XVS', 'bsc', 2, null);
INSERT INTO public.eth_contracts (id, address, created, name, network, type, underlying) VALUES (26, '0xa527a61703d82139f8a06bc30097cc9caa2df5a6', 6965257, 'PCS_LP_Cake_WBNB', 'bsc', 2, null);
INSERT INTO public.eth_contracts (id, address, created, name, network, type, underlying) VALUES (41, '0xe604fd5b1317babd0cf2c72f7f5f2ad8c00adbe1', 6939011, 'PCS_BDO_WBNB', 'bsc', 0, null);
INSERT INTO public.eth_contracts (id, address, created, name, network, type, underlying) VALUES (61, '0x063eb32430bd63f4144f3e87d3339e4d2a318c52', 6333907, 'ST_PCS_WBNB_XVS', 'bsc', 1, null);
INSERT INTO public.eth_contracts (id, address, created, name, network, type, underlying) VALUES (49, '0xb3b56c7bdc87f9deb7972cd8b5c09329ce421f89', 6333736, 'ST_BETH', 'bsc', 1, null);
INSERT INTO public.eth_contracts (id, address, created, name, network, type, underlying) VALUES (14, '0xcf5f83f8fe0ab0f9e9c1db07e6606dd598b2bbf5', 6929652, 'XVS', 'bsc', 0, null);
INSERT INTO public.eth_contracts (id, address, created, name, network, type, underlying) VALUES (23, '0xf7a3a95d0f7e8a5eeae483cdd7b76af287283d34', 6965200, 'PCS_WBNB_BUSD', 'bsc', 0, null);
INSERT INTO public.eth_contracts (id, address, created, name, network, type, underlying) VALUES (11, '0x7130d2a12b9bcbfae4f2634d864a1ee1ce3ead9c', 6929609, 'BTCB', 'bsc', 4, null);
INSERT INTO public.eth_contracts (id, address, created, name, network, type, underlying) VALUES (19, '0x33da6b1a05b4afcc5a321aacaa1334bda4345a14', 6906958, 'VAI', 'bsc', 0, null);
INSERT INTO public.eth_contracts (id, address, created, name, network, type, underlying) VALUES (54, '0xda88e38735e75b58fee6ea4fc5be576c1e22f6cd', 6333808, 'ST_VAI', 'bsc', 1, null);
INSERT INTO public.eth_contracts (id, address, created, name, network, type, underlying) VALUES (20, '0x4bd17003473389a42daf6a0a729f6fdb328bbbd7', 6906958, 'VAI', 'bsc', 4, null);
INSERT INTO public.eth_contracts (id, address, created, name, network, type, underlying) VALUES (46, '0xc97ddaa8091abaf79a4910b094830cce5cdd78f4', 6145006, 'PCS_sBDO_BUSD', 'bsc', 0, null);
INSERT INTO public.eth_contracts (id, address, created, name, network, type, underlying) VALUES (24, '0x3d5b0a8cd80e2a87953525fc136c33112e4b885a', 6215053, 'PCS_Cake', 'bsc', 0, null);
INSERT INTO public.eth_contracts (id, address, created, name, network, type, underlying) VALUES (94, '0x63671425ef4d25ec2b12c7d05de855c143f16e3b', 6534727, 'EPS_3EPS', 'bsc', 0, null);
INSERT INTO public.eth_contracts (id, address, created, name, network, type, underlying) VALUES (96, '0x2fee56e039acccefa3cb1f3051ad00fe550a472c', 6536682, 'ST_EPS_3EPS', 'bsc', 1, null);
INSERT INTO public.eth_contracts (id, address, created, name, network, type, underlying) VALUES (22, '0x1274b70bf34e1a57e78c2a2f3e28a4e1b66cbe48', 6929672, 'WBNB', 'bsc', 0, null);
INSERT INTO public.eth_contracts (id, address, created, name, network, type, underlying) VALUES (13, '0x2ce34b1bb247f242f1d2a33811e01138968efbff', 6929630, 'ETH', 'bsc', 0, null);
INSERT INTO public.eth_contracts (id, address, created, name, network, type, underlying) VALUES (21, '0xff17ff314925dff772b71abdff2782bc913b3575', 6773864, 'PCS_LP_VAI_BUSD', 'bsc', 2, null);
INSERT INTO public.eth_contracts (id, address, created, name, network, type, underlying) VALUES (72, '0xfce146bf3146100cfe5db4129cf6c82b0ef4ad8c', 6333929, 'renBTC', 'bsc', 4, null);
INSERT INTO public.eth_contracts (id, address, created, name, network, type, underlying) VALUES (25, '0x0e09fabb73bd3ade0a17ecc321fd13a19e81ce82', 6965342, 'Cake', 'bsc', 4, null);
INSERT INTO public.eth_contracts (id, address, created, name, network, type, underlying) VALUES (28, '0xe1f9a3ee001a2ecc906e8de637dbf20bb2d44633', 6965422, 'PCS_ETH_WBNB', 'bsc', 0, null);
INSERT INTO public.eth_contracts (id, address, created, name, network, type, underlying) VALUES (6, '0x2170ed0880ac9a755fd29b2688956bd959f933f8', 6965422, 'ETH', 'bsc', 4, null);
INSERT INTO public.eth_contracts (id, address, created, name, network, type, underlying) VALUES (73, '0x3c1acdbbbd09a22f08f024951596ff8ae3ad0787', 6333936, 'PCS_LP_1INCH_BUSD', 'bsc', 2, null);
INSERT INTO public.eth_contracts (id, address, created, name, network, type, underlying) VALUES (39, '0xcd8fb1302c30fde56bce5b34211e84561bbf0df1', 6144994, 'PCS_BUSD_EGG', 'bsc', 0, null);
INSERT INTO public.eth_contracts (id, address, created, name, network, type, underlying) VALUES (69, '0xbf2989575de9850f0a4b534740a88f5d2b460a4f', 6186796, '1INCH_1INCH_renBTC', 'bsc', 0, null);
INSERT INTO public.eth_contracts (id, address, created, name, network, type, underlying) VALUES (70, '0xe3f6509818ccf031370bb4cb398eb37c21622ac4', 6333929, '1INCH_LP_1INCH_renBTC', 'bsc', 2, null);
INSERT INTO public.eth_contracts (id, address, created, name, network, type, underlying) VALUES (67, '0x9178f402453b118b6b897ff520256ed63b2d9998', 6333924, 'ST_PCS_sBDO_BUSD', 'bsc', 1, null);
INSERT INTO public.eth_contracts (id, address, created, name, network, type, underlying) VALUES (31, '0x20bcc3b8a0091ddac2d0bc30f68e6cbb97de59cd', 6965624, 'PCS_LP_USDT_WBNB', 'bsc', 2, null);
INSERT INTO public.eth_contracts (id, address, created, name, network, type, underlying) VALUES (55, '0xe83f395b076f9b95200f9bec40f5e446599f4f06', 6333873, 'ST_WBNB', 'bsc', 1, null);
INSERT INTO public.eth_contracts (id, address, created, name, network, type, underlying) VALUES (32, '0x55d398326f99059ff775485246999027b3197955', 6965705, 'USDT', 'bsc', 4, null);
INSERT INTO public.eth_contracts (id, address, created, name, network, type, underlying) VALUES (38, '0x19e7cbecdd23a16dfa5573df54d98f7caae03019', 6333916, 'PCS_LP_BUSD_EGG', 'bsc', 2, null);
INSERT INTO public.eth_contracts (id, address, created, name, network, type, underlying) VALUES (34, '0x0bb94083d5718a8cb716fadc016187a0d6c99425', 6965885, 'PCS_WBNB_XVS', 'bsc', 0, null);
INSERT INTO public.eth_contracts (id, address, created, name, network, type, underlying) VALUES (30, '0x6d386490e2367fc31b4acc99ab7c7d4d998a3121', 6965705, 'PCS_USDT_WBNB', 'bsc', 0, null);
INSERT INTO public.eth_contracts (id, address, created, name, network, type, underlying) VALUES (15, '0xcf6bb5389c92bdda8a3747ddb454cb7a64626c63', 6965885, 'XVS', 'bsc', 4, null);
INSERT INTO public.eth_contracts (id, address, created, name, network, type, underlying) VALUES (168, '0x0bc529c00c6401aef6d220be8c6ea1667f6ad93e', 10777246, 'YFI', 'eth', 4, null);
INSERT INTO public.eth_contracts (id, address, created, name, network, type, underlying) VALUES (45, '0x84646f736795a8bc22ab34e05c8982cd058328c7', 6145003, 'PCS_BDO_BUSD', 'bsc', 0, null);
INSERT INTO public.eth_contracts (id, address, created, name, network, type, underlying) VALUES (27, '0xffbd102fafbd9e15c9122d9c62ab299afd4d3e4f', 6965342, 'PCS_Cake_WBNB', 'bsc', 0, null);
INSERT INTO public.eth_contracts (id, address, created, name, network, type, underlying) VALUES (42, '0x74690f829fec83ea424ee1f1654041b2491a7be9', 6939011, 'PCS_LP_BDO_WBNB', 'bsc', 2, null);
INSERT INTO public.eth_contracts (id, address, created, name, network, type, underlying) VALUES (58, '0xd4bc6001937c6ff493e4bae3ba0f812799f86ab0', 6333889, 'ST_PCS_Cake_WBNB', 'bsc', 1, null);
INSERT INTO public.eth_contracts (id, address, created, name, network, type, underlying) VALUES (43, '0x190b589cf9fb8ddeabbfeae36a813ffb2a702454', 6939011, 'BDO', 'bsc', 4, null);
INSERT INTO public.eth_contracts (id, address, created, name, network, type, underlying) VALUES (44, '0xc5b0d73a7c0e4eaf66babf7ee16a2096447f7ad6', 6939011, 'PCS_LP_BDO_BUSD', 'bsc', 2, null);
INSERT INTO public.eth_contracts (id, address, created, name, network, type, underlying) VALUES (63, '0x7caa01b3dc8ee91aa6fa7093e184f045e0da8792', 6333912, 'ST_PCS_BUSD_EGG', 'bsc', 1, null);
INSERT INTO public.eth_contracts (id, address, created, name, network, type, underlying) VALUES (35, '0xe3f309f151746b3c0953e4c0e455bff3dc2176aa', 6144991, 'PCS_WBNB_EGG', 'bsc', 0, null);
INSERT INTO public.eth_contracts (id, address, created, name, network, type, underlying) VALUES (64, '0xfc8c1f0e25d91cb10db243acbca5ac3c422a6277', 6333916, 'ST_EGG', 'bsc', 1, null);
INSERT INTO public.eth_contracts (id, address, created, name, network, type, underlying) VALUES (68, '0x59258f4e15a5fc74a7284055a8094f58108dbd4f', 5993608, 'PCS_WBNB_BUSD_#V1', 'bsc', 0, null);
INSERT INTO public.eth_contracts (id, address, created, name, network, type, underlying) VALUES (29, '0x70d8929d04b60af4fb9b58713ebcf18765ade422', 6965359, 'PCS_LP_ETH_WBNB', 'bsc', 2, null);
INSERT INTO public.eth_contracts (id, address, created, name, network, type, underlying) VALUES (53, '0x8709b440c0f4f6830a468c6f696d010e85c9510b', 6333786, 'ST_XVS', 'bsc', 1, null);
INSERT INTO public.eth_contracts (id, address, created, name, network, type, underlying) VALUES (169, '0x2fdbadf3c4d5a8666bc06645b8358ab803996e28', 10777246, 'UNI_LP_YFI_WETH', 'eth', 2, null);
INSERT INTO public.eth_contracts (id, address, created, name, network, type, underlying) VALUES (40, '0x0392f36d2896c966e141c8fd9eca58a7ca9fa8af', 6332322, 'EGG', 'bsc', 0, null);
INSERT INTO public.eth_contracts (id, address, created, name, network, type, underlying) VALUES (65, '0xdeb314a2222884b6c1e848bffcf68dcfbc5c1406', 6334063, 'ST_PCS_BDO_WBNB', 'bsc', 1, null);
INSERT INTO public.eth_contracts (id, address, created, name, network, type, underlying) VALUES (51, '0xc6f39cff6797bac5e29275177b6e8e315cf87d95', 6333766, 'ST_BTCB', 'bsc', 1, null);
INSERT INTO public.eth_contracts (id, address, created, name, network, type, underlying) VALUES (48, '0x0d9319565be7f53cefe84ad201be3f40feae2740', 6333924, 'sBDO', 'bsc', 4, null);
INSERT INTO public.eth_contracts (id, address, created, name, network, type, underlying) VALUES (74, '0x10bfaf483880d67214e7f689af05611c1a33f927', 6333929, 'PCS_LP_WBNB_renBTC', 'bsc', 2, null);
INSERT INTO public.eth_contracts (id, address, created, name, network, type, underlying) VALUES (71, '0x111111111117dc0aa78b770fa6a738034120c302', 6333936, '1INCH', 'bsc', 4, null);
INSERT INTO public.eth_contracts (id, address, created, name, network, type, underlying) VALUES (62, '0x26a4fe4c858f0d8a11442d358d182f2832a7f84c', 6333910, 'ST_PCS_WBNB_EGG', 'bsc', 1, null);
INSERT INTO public.eth_contracts (id, address, created, name, network, type, underlying) VALUES (56, '0xeab819e2be63ffc0df64e7bba4ddb3bdea280310', 6333878, 'ST_PCS_WBNB_BUSD', 'bsc', 1, null);
INSERT INTO public.eth_contracts (id, address, created, name, network, type, underlying) VALUES (57, '0x78963b538c4835e00648df764029196700ea8ee9', 6333884, 'ST_PCS_Cake', 'bsc', 1, null);
INSERT INTO public.eth_contracts (id, address, created, name, network, type, underlying) VALUES (59, '0x221ed06024ee4296fb544a44cfeddf7c9f882cf3', 6333893, 'ST_PCS_ETH_WBNB', 'bsc', 1, null);
INSERT INTO public.eth_contracts (id, address, created, name, network, type, underlying) VALUES (36, '0xd1b59d11316e87c3a0a069e80f590ba35cd8d8d3', 6333910, 'PCS_LP_WBNB_EGG', 'bsc', 2, null);
INSERT INTO public.eth_contracts (id, address, created, name, network, type, underlying) VALUES (66, '0x03b58ce34e9cb6a908b019228778cbb9f3a1a2ba', 6333921, 'ST_PCS_BDO_BUSD', 'bsc', 1, null);
INSERT INTO public.eth_contracts (id, address, created, name, network, type, underlying) VALUES (37, '0xf952fc3ca7325cc27d15885d37117676d25bfda6', 6333916, 'EGG', 'bsc', 4, null);
INSERT INTO public.eth_contracts (id, address, created, name, network, type, underlying) VALUES (47, '0xa0718093baa3e7aae054eed71f303a4ebc1c076f', 6333924, 'PCS_LP_sBDO_BUSD', 'bsc', 2, null);
INSERT INTO public.eth_contracts (id, address, created, name, network, type, underlying) VALUES (109, '0xc2a1fa5753b7c3272f32abec19140658d539e61c', 6619902, 'ST_PCS_SPACE_WBNB', 'bsc', 1, null);
INSERT INTO public.eth_contracts (id, address, created, name, network, type, underlying) VALUES (77, '0x9090bccd472b9d11de302572167ded6632e185ab', 6186984, '1INCH_WBNB_1INCH', 'bsc', 0, null);
INSERT INTO public.eth_contracts (id, address, created, name, network, type, underlying) VALUES (100, '0x0694e3cb1055ff33d774d51a55272ddee305f745', 6536699, 'ST_PCS_EPS_WBNB', 'bsc', 1, null);
INSERT INTO public.eth_contracts (id, address, created, name, network, type, underlying) VALUES (98, '0xf9045866e7b372def1eff3712ce55fac1a98daf0', 6536699, 'PCS_LP_EPS_WBNB', 'bsc', 2, null);
INSERT INTO public.eth_contracts (id, address, created, name, network, type, underlying) VALUES (99, '0xa7f552078dcc247c2684336020c03648500c6d9f', 6536699, 'EPS', 'bsc', 4, null);
INSERT INTO public.eth_contracts (id, address, created, name, network, type, underlying) VALUES (115, '0x5c6fe09fcefeaca84dc18018cf8acf7476b2498f', 6620015, 'ST_BELT_bDAI_bUSDC_bUSDT_bBUSD', 'bsc', 1, null);
INSERT INTO public.eth_contracts (id, address, created, name, network, type, underlying) VALUES (80, '0x21fa8c490e7c1a0d3f1c82e63a5d2ee276614c60', 6191727, 'DAI', 'bsc', 0, null);
INSERT INTO public.eth_contracts (id, address, created, name, network, type, underlying) VALUES (83, '0xd16a735656f0a310e6ea8f502cf1d6307803d76a', 6191768, 'ST_DAI', 'bsc', 1, null);
INSERT INTO public.eth_contracts (id, address, created, name, network, type, underlying) VALUES (33, '0xc15fa3e22c912a276550f3e5fe3b0deb87b55acd', 6852878, 'PCS_LP_USDT_BUSD', 'bsc', 2, null);
INSERT INTO public.eth_contracts (id, address, created, name, network, type, underlying) VALUES (138, '0x133ee93fe93320e1182923e1a640912ede17c90c', 6906958, 'PCS_LP_VAI_BUSD_#V1', 'bsc', 2, null);
INSERT INTO public.eth_contracts (id, address, created, name, network, type, underlying) VALUES (114, '0x86afa7ff694ab8c985b79733745662760e454169', 6620015, 'Belt.fi bDAI/bUSDC/bUSDT/bBUSD', 'bsc', 4, '0x1af3f329e8be154074d8769d1ffa4ee058b1dbc3');
INSERT INTO public.eth_contracts (id, address, created, name, network, type, underlying) VALUES (75, '0xe9e03506a088eacdfa1a690cd3019ac105d7b871', 6333929, 'ST_1INCH_1INCH_renBTC', 'bsc', 1, null);
INSERT INTO public.eth_contracts (id, address, created, name, network, type, underlying) VALUES (127, '0x4165884840ee7e6280c512c75b23b098f7e420fc', 6736344, 'ST_EPS_btcEPS', 'bsc', 1, null);
INSERT INTO public.eth_contracts (id, address, created, name, network, type, underlying) VALUES (101, '0xb75f4c87ebed0a2c6e3d6ff62844e3663cf83bb8', 6619780, 'PCS_SWIRL_WBNB', 'bsc', 0, null);
INSERT INTO public.eth_contracts (id, address, created, name, network, type, underlying) VALUES (81, '0x1af3f329e8be154074d8769d1ffa4ee058b1dbc3', 6929694, 'DAI', 'bsc', 4, null);
INSERT INTO public.eth_contracts (id, address, created, name, network, type, underlying) VALUES (117, '0x83b92d283cd279ff2e057bd86a95bdefffed6faa', 6964380, 'PCS_LP_WBNB_BELT', 'bsc', 2, null);
INSERT INTO public.eth_contracts (id, address, created, name, network, type, underlying) VALUES (136, '0x66fdb2eccfb58cf098eaa419e5efde841368e489', 6929694, 'PCS_LP_DAI_BUSD_#V1', 'bsc', 2, null);
INSERT INTO public.eth_contracts (id, address, created, name, network, type, underlying) VALUES (79, '0x57c30567e0dbd1c308fd2c5665c4084f368560a2', 6333936, 'ST_1INCH_WBNB_1INCH', 'bsc', 1, null);
INSERT INTO public.eth_contracts (id, address, created, name, network, type, underlying) VALUES (78, '0xdaf66c0b7e8e2fc76b15b07ad25ee58e04a66796', 6333936, '1INCH_LP_WBNB_1INCH', 'bsc', 2, null);
INSERT INTO public.eth_contracts (id, address, created, name, network, type, underlying) VALUES (85, '0xf53c6789f35c4ecf152d2168ca203808595cb524', 6333941, 'ST_DAI_#V1', 'bsc', 1, null);
INSERT INTO public.eth_contracts (id, address, created, name, network, type, underlying) VALUES (110, '0x129ccee12a9542ff77e066e6f8d7df49f8cbf89d', 6619941, 'PCS_SPACE_BUSD', 'bsc', 0, null);
INSERT INTO public.eth_contracts (id, address, created, name, network, type, underlying) VALUES (104, '0x299b00d031ba65ca3a22a8f7e8059dab0b072247', 6619830, 'PCS_SWIRL_WBNB_#V1', 'bsc', 0, null);
INSERT INTO public.eth_contracts (id, address, created, name, network, type, underlying) VALUES (97, '0x0a7d74604b39229d444855ef294f287099774ac8', 6534771, 'PCS_EPS_WBNB', 'bsc', 0, null);
INSERT INTO public.eth_contracts (id, address, created, name, network, type, underlying) VALUES (89, '0x08b6732e1d07726e8f398a0ea97200d26e172066', 6333946, 'ST_USDC', 'bsc', 1, null);
INSERT INTO public.eth_contracts (id, address, created, name, network, type, underlying) VALUES (91, '0xe637e7d1e37875c787b773dbeb28fcc55fe91c16', 6333951, 'ST_USDT', 'bsc', 1, null);
INSERT INTO public.eth_contracts (id, address, created, name, network, type, underlying) VALUES (105, '0xea2c3c25985fbb5418c61451c2cbd1311e0ebe9e', 6619853, 'ST_PCS_SWIRL_WBNB', 'bsc', 1, null);
INSERT INTO public.eth_contracts (id, address, created, name, network, type, underlying) VALUES (93, '0x76aaddf1ebaf9300dad18469d01a0ee62633abe7', 6333954, 'ST_BUSD', 'bsc', 1, null);
INSERT INTO public.eth_contracts (id, address, created, name, network, type, underlying) VALUES (102, '0x135aedcfb35b0b5dcf61db7891a21253452eb970', 6619853, 'PCS_LP_SWIRL_WBNB', 'bsc', 2, null);
INSERT INTO public.eth_contracts (id, address, created, name, network, type, underlying) VALUES (120, '0xe64bfe13aa99335487f1f42a56cddbffaec83bbf', 6736265, 'EPS_fusdt3EPS', 'bsc', 0, null);
INSERT INTO public.eth_contracts (id, address, created, name, network, type, underlying) VALUES (112, '0x03292bdfe36591f70575c77847d7f004ffd0966a', 6619965, 'ST_PCS_SPACE_BUSD', 'bsc', 1, null);
INSERT INTO public.eth_contracts (id, address, created, name, network, type, underlying) VALUES (103, '0x52d86850bc8207b520340b7e39cdaf22561b9e56', 6619853, 'SWIRL', 'bsc', 4, null);
INSERT INTO public.eth_contracts (id, address, created, name, network, type, underlying) VALUES (111, '0x6b936c5c1fd7de08e03684b0588a87dbd8ce6b63', 6619965, 'PCS_LP_SPACE_BUSD', 'bsc', 2, null);
INSERT INTO public.eth_contracts (id, address, created, name, network, type, underlying) VALUES (108, '0x0abd3e3502c15ec252f90f64341cba74a24fba06', 6619965, 'SPACE', 'bsc', 4, null);
INSERT INTO public.eth_contracts (id, address, created, name, network, type, underlying) VALUES (107, '0x78d9a0c50f6484291b4122f61888bb9ee71879ff', 6619965, 'PCS_LP_SPACE_WBNB', 'bsc', 2, null);
INSERT INTO public.eth_contracts (id, address, created, name, network, type, underlying) VALUES (126, '0x2a435ecb3fcc0e316492dc1cdd62d0f189be5640', 6736344, 'btcEPS', 'bsc', 4, '0x7130d2a12b9bcbfae4f2634d864a1ee1ce3ead9c');
INSERT INTO public.eth_contracts (id, address, created, name, network, type, underlying) VALUES (95, '0xaf4de8e872131ae328ce21d909c74705d3aaf452', 6536682, '3EPS', 'bsc', 4, '0xe9e7cea3dedca5984780bafc599bd69add087d56');
INSERT INTO public.eth_contracts (id, address, created, name, network, type, underlying) VALUES (119, '0x8e8ca3719360809cd4bfe175de58992e7d3e7874', 6620063, 'ST_PCS_WBNB_BELT', 'bsc', 1, null);
INSERT INTO public.eth_contracts (id, address, created, name, network, type, underlying) VALUES (106, '0x14cb410659b4a4a7ccea99e6f6c9eac8718160df', 6619882, 'PCS_SPACE_WBNB', 'bsc', 0, null);
INSERT INTO public.eth_contracts (id, address, created, name, network, type, underlying) VALUES (128, '0x1c4adff419f6b91e51d0ade953c9bbf5d16a583f', 6965596, 'SUSHI_WBNB_ICE', 'bsc', 0, null);
INSERT INTO public.eth_contracts (id, address, created, name, network, type, underlying) VALUES (118, '0xe0e514c71282b6f4e823703a39374cf58dc3ea4f', 6965010, 'BELT', 'bsc', 4, null);
INSERT INTO public.eth_contracts (id, address, created, name, network, type, underlying) VALUES (124, '0x9b36e1dcbb21dfa6863b2711ed6f0f080888072c', 6736290, 'ST_EPS_fusdt3EPS', 'bsc', 1, null);
INSERT INTO public.eth_contracts (id, address, created, name, network, type, underlying) VALUES (122, '0x049d68029688eabf473097a2fc38ef61633a3c7a', 6736290, 'fUSDT', 'bsc', 4, null);
INSERT INTO public.eth_contracts (id, address, created, name, network, type, underlying) VALUES (113, '0x2427da81376a0c0a0c654089a951887242d67c92', 6619994, 'BELT_bDAI_bUSDC_bUSDT_bBUSD', 'bsc', 0, null);
INSERT INTO public.eth_contracts (id, address, created, name, network, type, underlying) VALUES (123, '0xdd1dfba2451edcaf38172e6a700a3b78cd67eff7', 6736290, 'PCS_LP_fUSDT_BUSD', 'bsc', 2, null);
INSERT INTO public.eth_contracts (id, address, created, name, network, type, underlying) VALUES (116, '0xad941e12544f49077fc6425cda1871e11cea5288', 6965010, 'PCS_WBNB_BELT', 'bsc', 0, null);
INSERT INTO public.eth_contracts (id, address, created, name, network, type, underlying) VALUES (76, '0x8e1e53d73be3a72d8c6108f8758069a54b4b564e', 6736455, 'PCS_LP_FARM_BUSD', 'bsc', 2, null);
INSERT INTO public.eth_contracts (id, address, created, name, network, type, underlying) VALUES (129, '0xfe3171b9c20d002376d4b0097207edf54b02ea3b', 6965596, 'PCS_LP_WBNB_ICE', 'bsc', 2, null);
INSERT INTO public.eth_contracts (id, address, created, name, network, type, underlying) VALUES (121, '0x373410a99b64b089dfe16f1088526d399252dace', 6736290, 'fusdt3EPS', 'bsc', 4, '0x049d68029688eabf473097a2fc38ef61633a3c7a');
INSERT INTO public.eth_contracts (id, address, created, name, network, type, underlying) VALUES (88, '0x680dd100e4b394bda26a59dd5c119a391e747d18', 6812505, 'PCS_LP_USDC_BUSD', 'bsc', 2, null);
INSERT INTO public.eth_contracts (id, address, created, name, network, type, underlying) VALUES (82, '0x3ab77e40340ab084c3e23be8e5a6f7afed9d41dc', 6812467, 'PCS_LP_DAI_BUSD', 'bsc', 2, null);
INSERT INTO public.eth_contracts (id, address, created, name, network, type, underlying) VALUES (125, '0x5da237ad194b8bbb008ac8916df99a92a8a7c8eb', 6736321, 'EPS_btcEPS', 'bsc', 0, null);
INSERT INTO public.eth_contracts (id, address, created, name, network, type, underlying) VALUES (132, '0xfeb902db08e4e1f362866628098d6110dbe3d072', 6736433, 'ICE', 'bsc', 0, null);
INSERT INTO public.eth_contracts (id, address, created, name, network, type, underlying) VALUES (131, '0xfe7f456f8274355f17243b7282bd88129e894b1a', 6736402, 'ST_PCS_WBNB_ICE', 'bsc', 1, null);
INSERT INTO public.eth_contracts (id, address, created, name, network, type, underlying) VALUES (90, '0x374787234b369b56b3701e0b932051b37726096a', 6929766, 'USDT', 'bsc', 0, null);
INSERT INTO public.eth_contracts (id, address, created, name, network, type, underlying) VALUES (133, '0x1bb6fdaf6258071f4d2e96d70ffeb8ad392f299b', 6736455, 'ST_ICE', 'bsc', 1, null);
INSERT INTO public.eth_contracts (id, address, created, name, network, type, underlying) VALUES (87, '0x8ac76a51cc950d9822d68b83fe1ad97b32cd580d', 6929726, 'USDC', 'bsc', 4, null);
INSERT INTO public.eth_contracts (id, address, created, name, network, type, underlying) VALUES (50, '0x4b5c23cac08a567ecf0c1ffca8372a45a5d33743', 6736455, 'FARM', 'bsc', 4, null);
INSERT INTO public.eth_contracts (id, address, created, name, network, type, underlying) VALUES (86, '0x5089ea6c884a03823672888b57ebce929ece63ca', 6929726, 'USDC', 'bsc', 0, null);
INSERT INTO public.eth_contracts (id, address, created, name, network, type, underlying) VALUES (84, '0x78cf4a86ba3b4c5246d097e5cd0833cb641c1425', 6929694, 'DAI_#V1', 'bsc', 0, null);
INSERT INTO public.eth_contracts (id, address, created, name, network, type, underlying) VALUES (92, '0x1bfb4ed996f4356aa705891dedb7d7776402bec1', 6929805, 'BUSD', 'bsc', 0, null);
INSERT INTO public.eth_contracts (id, address, created, name, network, type, underlying) VALUES (137, '0x2354ef4df11afacb85a5c7f98b624072eccddbb1', 6929726, 'PCS_LP_USDC_BUSD_#V1', 'bsc', 2, null);
INSERT INTO public.eth_contracts (id, address, created, name, network, type, underlying) VALUES (130, '0xf16e81dce15b08f326220742020379b855b87df9', 6965596, 'ICE', 'bsc', 4, null);
INSERT INTO public.eth_contracts (id, address, created, name, network, type, underlying) VALUES (12, '0xb8875e207ee8096a929d543c9981c9586992eacb', 6929609, 'PCS_LP_BTCB_BUSD', 'bsc', 2, null);
INSERT INTO public.eth_contracts (id, address, created, name, network, type, underlying) VALUES (134, '0x7eb5d86fd78f3852a3e0e064f2842d45a3db6ea2', 6965885, 'PCS_LP_WBNB_XVS_#V1', 'bsc', 2, null);
INSERT INTO public.eth_contracts (id, address, created, name, network, type, underlying) VALUES (8, '0xe9e7cea3dedca5984780bafc599bd69add087d56', 6965885, 'BUSD', 'bsc', 4, null);
INSERT INTO public.eth_contracts (id, address, created, name, network, type, underlying) VALUES (18, '0x1b96b92314c44b159149f7e0303511fb2fc4774f', 6965100, 'PCS_LP_WBNB_BUSD', 'bsc', 2, null);
INSERT INTO public.eth_contracts (id, address, created, name, network, type, underlying) VALUES (139, '0x7efaef62fddcca950418312c6c91aef321375a00', 6965705, 'PCS_LP_USDT_BUSD_#V1', 'bsc', 2, null);
INSERT INTO public.eth_contracts (id, address, created, name, network, type, underlying) VALUES (140, '0x0ed7e52944161450477ee417de9cd3a859b14fd0', 6965342, 'PCS_LP_Cake_WBNB_#V1', 'bsc', 2, null);
INSERT INTO public.eth_contracts (id, address, created, name, network, type, underlying) VALUES (17, '0xbb4cdb9cbd36b01bd1cbaebf2de08d9173bc095c', 6965885, 'WBNB', 'bsc', 4, null);
INSERT INTO public.eth_contracts (id, address, created, name, network, type, underlying) VALUES (146, '0x222412af183bceadefd72e4cb1b71f1889953b1c', 0, 'CONTROLLER', 'eth', 3, null);
INSERT INTO public.eth_contracts (id, address, created, name, network, type, underlying) VALUES (290, '0x518d6ce2d7a689a591bf46433443c31615b206c5', 11002542, 'SUSHI_LP_WBTC_renBTC', 'eth', 2, null);
INSERT INTO public.eth_contracts (id, address, created, name, network, type, underlying) VALUES (194, '0x99b0d6641a63ce173e6eb063b3d3aed9a35cf9bf', 11323127, 'ST_UNI_FARM_USDC', 'eth', 1, null);
INSERT INTO public.eth_contracts (id, address, created, name, network, type, underlying) VALUES (141, '0xf3bc6fc080ffcc30d93df48bfa2aa14b869554bb', 6965010, 'PCS_LP_WBNB_BELT_#V1', 'bsc', 2, null);
INSERT INTO public.eth_contracts (id, address, created, name, network, type, underlying) VALUES (271, '0x63671425ef4d25ec2b12c7d05de855c143f16e3b', 11095368, 'UNI_USDC_WETH', 'eth', 0, null);
INSERT INTO public.eth_contracts (id, address, created, name, network, type, underlying) VALUES (171, '0x6b3595068778dd592e39a122f4f5a5cf09c90fe2', 12134782, 'SUSHI', 'eth', 4, null);
INSERT INTO public.eth_contracts (id, address, created, name, network, type, underlying) VALUES (258, '0xe11c81b924bb91b44bae19793539054b48158a9d', 11002544, 'ST_WETH_#V1', 'eth', 1, null);
INSERT INTO public.eth_contracts (id, address, created, name, network, type, underlying) VALUES (280, '0xdc27244311c56ed038e7acf104245ec6a040d07f', 11002587, 'ST_UNI_DAI_WETH', 'eth', 1, null);
INSERT INTO public.eth_contracts (id, address, created, name, network, type, underlying) VALUES (142, '0x74e4716e431f45807dcf19f284c7aa99f18a4fbc', 6965422, 'PCS_LP_ETH_WBNB_#V1', 'bsc', 2, null);
INSERT INTO public.eth_contracts (id, address, created, name, network, type, underlying) VALUES (261, '0x0de0fa91b6dbab8c8503aaa2d1dfa91a192cb149', 11095639, 'UNI_LP_WBTC_USDT', 'eth', 2, null);
INSERT INTO public.eth_contracts (id, address, created, name, network, type, underlying) VALUES (278, '0x9494a3026f28d0b189252428cebbfa52e69608c4', 11002557, 'ST_UNI_WETH_USDT', 'eth', 1, null);
INSERT INTO public.eth_contracts (id, address, created, name, network, type, underlying) VALUES (143, '0x51f914a192a97408d991fdddafb8f8537c5ffb0a', 6965596, 'SUSHI_LP_WBNB_ICE', 'bsc', 2, null);
INSERT INTO public.eth_contracts (id, address, created, name, network, type, underlying) VALUES (279, '0xc24da7a6b5adc8771588d58b6109ef52c95a311e', 11002586, 'ST_UNI_USDC_WETH', 'eth', 1, null);
INSERT INTO public.eth_contracts (id, address, created, name, network, type, underlying) VALUES (144, '0x16b9a82891338f9ba80e2d6970fdda79d1eb0dae', 6965705, 'PCS_LP_USDT_WBNB_#V1', 'bsc', 2, null);
INSERT INTO public.eth_contracts (id, address, created, name, network, type, underlying) VALUES (187, '0x55111bad5bc368a2cb9ecc9fbc923296bedb3b89', 10777265, 'UNI_LP_$BASED_WETH', 'eth', 2, null);
INSERT INTO public.eth_contracts (id, address, created, name, network, type, underlying) VALUES (188, '0xc6f39cff6797bac5e29275177b6e8e315cf87d95', 10777268, 'ST_UNI_WETH', 'eth', 1, null);
INSERT INTO public.eth_contracts (id, address, created, name, network, type, underlying) VALUES (248, '0x007e383bf3c3ffa12a5de06a53bab103335eff28', 10868438, 'UNI_LP_DAI_fDAI', 'eth', 2, null);
INSERT INTO public.eth_contracts (id, address, created, name, network, type, underlying) VALUES (190, '0xe54f9e6ab80ebc28515af8b8233c1aee6506a15e', 10777268, 'UNKNOWN', 'eth', 4, null);
INSERT INTO public.eth_contracts (id, address, created, name, network, type, underlying) VALUES (191, '0x6f8a975758436a5ec38d2f9d2336504430465517', 10777275, 'ST_BPT_FARM_USDC', 'eth', 1, null);
INSERT INTO public.eth_contracts (id, address, created, name, network, type, underlying) VALUES (170, '0x4938960c507a4d7094c53a8cddcf925835393b8f', 10777250, 'ST_SUSHI', 'eth', 1, null);
INSERT INTO public.eth_contracts (id, address, created, name, network, type, underlying) VALUES (135, '0x58f876857a02d6762e0101bb5c46a8c1ed44dc16', 6965885, 'PCS_LP_WBNB_BUSD_#V1', 'bsc', 2, null);
INSERT INTO public.eth_contracts (id, address, created, name, network, type, underlying) VALUES (255, '0xae461ca67b15dc8dc81ce7615e0320da1a9ab8d5', 12382161, 'UNI_LP_DAI_USDC', 'eth', 2, null);
INSERT INTO public.eth_contracts (id, address, created, name, network, type, underlying) VALUES (192, '0x0395e4a17ff11d36dac9959f2d7c8eca10fe89c9', 10777275, 'BPT', 'eth', 4, null);
INSERT INTO public.eth_contracts (id, address, created, name, network, type, underlying) VALUES (173, '0xc97ddaa8091abaf79a4910b094830cce5cdd78f4', 10777253, 'ST_YFII', 'eth', 1, null);
INSERT INTO public.eth_contracts (id, address, created, name, network, type, underlying) VALUES (174, '0xa1d0e215a23d7030842fc67ce582a6afa3ccab83', 10777253, 'YFII', 'eth', 4, null);
INSERT INTO public.eth_contracts (id, address, created, name, network, type, underlying) VALUES (175, '0x8973be4402bf0a39448f419c2d64bd3591dd2299', 10777253, 'UNI_LP_YFII_WETH', 'eth', 2, null);
INSERT INTO public.eth_contracts (id, address, created, name, network, type, underlying) VALUES (172, '0xce84867c3c02b05dc570d0135103d3fb9cc19433', 10822840, 'UNI_LP_SUSHI_WETH', 'eth', 2, null);
INSERT INTO public.eth_contracts (id, address, created, name, network, type, underlying) VALUES (176, '0x3631a32c959c5c52bc90ab5b7d212a8d00321918', 10777257, 'ST_YFV', 'eth', 1, null);
INSERT INTO public.eth_contracts (id, address, created, name, network, type, underlying) VALUES (281, '0x3bdc3e2572a5540bb1eb1e55bb8749d33fd1a105', 11002589, 'ST_UNI_WBTC_WETH', 'eth', 1, null);
INSERT INTO public.eth_contracts (id, address, created, name, network, type, underlying) VALUES (178, '0xd58b1b5d2148f744e9eb3a87f20bebf3ca5f8974', 10777257, 'UNI_LP_YFV_USDT', 'eth', 2, null);
INSERT INTO public.eth_contracts (id, address, created, name, network, type, underlying) VALUES (179, '0xf71042c88458ff1702c3870f62f4c764712cc9f0', 10777262, 'ST_OGN', 'eth', 1, null);
INSERT INTO public.eth_contracts (id, address, created, name, network, type, underlying) VALUES (180, '0x8207c1ffc5b6804f6024322ccf34f29c3541ae26', 10777262, 'OGN', 'eth', 4, null);
INSERT INTO public.eth_contracts (id, address, created, name, network, type, underlying) VALUES (181, '0xce2cc0513634cef3a7c9c257e294ef5e3092f185', 10777262, 'UNI_LP_OGN_WETH', 'eth', 2, null);
INSERT INTO public.eth_contracts (id, address, created, name, network, type, underlying) VALUES (276, '0x8bcbf139b8d7b26f37d89f2c8aa9de810b5a3814', 10914707, 'ST_CreamPoolToken_FARM_WETH', 'eth', 1, null);
INSERT INTO public.eth_contracts (id, address, created, name, network, type, underlying) VALUES (182, '0xb3b56c7bdc87f9deb7972cd8b5c09329ce421f89', 10777265, 'ST_UNI_sUSD_$BASED', 'eth', 1, null);
INSERT INTO public.eth_contracts (id, address, created, name, network, type, underlying) VALUES (184, '0x57ab1ec28d129707052df4df418d58a2d46d5f51', 10777265, 'sUSD', 'eth', 4, null);
INSERT INTO public.eth_contracts (id, address, created, name, network, type, underlying) VALUES (186, '0xf80758ab42c3b07da84053fd88804bcb6baa4b5c', 10777265, 'UNI_LP_sUSD_WETH', 'eth', 2, null);
INSERT INTO public.eth_contracts (id, address, created, name, network, type, underlying) VALUES (185, '0x68a118ef45063051eac49c7e647ce5ace48a68a5', 10777265, '$BASED', 'eth', 4, null);
INSERT INTO public.eth_contracts (id, address, created, name, network, type, underlying) VALUES (269, '0x81fbef4704776cc5bba0a5df3a90056d2c6900b3', 11751941, 'UNI_LP_WETH_renBTC', 'eth', 2, null);
INSERT INTO public.eth_contracts (id, address, created, name, network, type, underlying) VALUES (249, '0x19f8ce19c9730a1d0db5149e65e48c2f0daa9919', 10822845, 'ST_BPT_LINK_FARM_#V2', 'eth', 1, null);
INSERT INTO public.eth_contracts (id, address, created, name, network, type, underlying) VALUES (250, '0x418d3dfca5099923cd57e0bf9ed1e9994f515152', 10822845, 'BPT_#V10', 'eth', 4, null);
INSERT INTO public.eth_contracts (id, address, created, name, network, type, underlying) VALUES (257, '0x8e298734681adbfc41ee5d17ff8b0d6d803e7098', 11095261, 'WETH', 'eth', 0, null);
INSERT INTO public.eth_contracts (id, address, created, name, network, type, underlying) VALUES (273, '0xa478c2975ab1ea89e8196811f51a7b7ade33eb11', 11232251, 'UNI_LP_DAI_WETH', 'eth', 2, null);
INSERT INTO public.eth_contracts (id, address, created, name, network, type, underlying) VALUES (189, '0xe92346d9369fe03b735ed9bdeb6bdc2591b8227e', 10822848, 'UNI_LP_WETH_', 'eth', 2, null);
INSERT INTO public.eth_contracts (id, address, created, name, network, type, underlying) VALUES (272, '0x1a9f22b4c385f78650e7874d64e442839dc32327', 11095377, 'UNI_DAI_WETH', 'eth', 0, null);
INSERT INTO public.eth_contracts (id, address, created, name, network, type, underlying) VALUES (270, '0xb19ebfb37a936cce783142955d39ca70aa29d43c', 11095358, 'UNI_WETH_USDT', 'eth', 0, null);
INSERT INTO public.eth_contracts (id, address, created, name, network, type, underlying) VALUES (251, '0x45a760b3e83ff8c107c4df955b1483de0982f393', 10822822, 'ST_BPT_CRV_FARM_#V2', 'eth', 1, null);
INSERT INTO public.eth_contracts (id, address, created, name, network, type, underlying) VALUES (231, '0xc5ddd0986caeb7fb7fc1556712af141e9e6a83ca', 10816110, 'ST_BPT_CRV_FARM_#V1', 'eth', 1, null);
INSERT INTO public.eth_contracts (id, address, created, name, network, type, underlying) VALUES (252, '0xac6bac9dc3de2c14b420e287de8ecb330d96e492', 10822822, 'BPT_#V11', 'eth', 4, null);
INSERT INTO public.eth_contracts (id, address, created, name, network, type, underlying) VALUES (274, '0xb1feb6ab4ef7d0f41363da33868e85eb0f3a57ee', 11095392, 'UNI_WBTC_WETH', 'eth', 0, null);
INSERT INTO public.eth_contracts (id, address, created, name, network, type, underlying) VALUES (289, '0xec56a21cf0d7feb93c25587c12bffe094aa0ecda', 11277149, 'ST_TUSD', 'eth', 1, null);
INSERT INTO public.eth_contracts (id, address, created, name, network, type, underlying) VALUES (256, '0xcdac55c36f3188e42d8491f8c59a6c372764b894', 10843002, 'ST_UNI_FARM_USDC_#V1', 'eth', 1, null);
INSERT INTO public.eth_contracts (id, address, created, name, network, type, underlying) VALUES (253, '0x346523a81f16030110e6c858ee0e11f156840bd1', 10822862, 'ST_BPT_FARM_USDC_#V1', 'eth', 1, null);
INSERT INTO public.eth_contracts (id, address, created, name, network, type, underlying) VALUES (254, '0x0126cfa7ec6b6d4a960b5979943c06a9742af55e', 10822862, 'BPT_#V12', 'eth', 4, null);
INSERT INTO public.eth_contracts (id, address, created, name, network, type, underlying) VALUES (264, '0xbdbfa2b08fc2a4e53df841fb2e2ae45f10d3f054', 10864340, 'ST_UNI_WBTC_frenBTC_#V1', 'eth', 1, null);
INSERT INTO public.eth_contracts (id, address, created, name, network, type, underlying) VALUES (183, '0xaad22f5543fcdaa694b68f94be177b561836ae57', 10822831, 'UNI_LP_sUSD_$BASED', 'eth', 2, null);
INSERT INTO public.eth_contracts (id, address, created, name, network, type, underlying) VALUES (562, '0xbb1565072fb4f3244ebce5bc8dfeda6baeb78ad3', 12398445, 'UNI_LP_WETH_GPUNKS20', 'eth', 2, null);
INSERT INTO public.eth_contracts (id, address, created, name, network, type, underlying) VALUES (245, '0x43286f57cf5981a5db56828df91a46cfab983e58', 10868434, 'ST_UNI_USDC_fUSDC', 'eth', 1, null);
INSERT INTO public.eth_contracts (id, address, created, name, network, type, underlying) VALUES (177, '0x45f24baeef268bb6d63aee5129015d69702bcdfa', 10822839, 'YFV', 'eth', 4, null);
INSERT INTO public.eth_contracts (id, address, created, name, network, type, underlying) VALUES (246, '0x4161fa43eaa1ac3882aeed12c5fc05249e533e67', 10868434, 'UNI_LP_USDC_fUSDC', 'eth', 2, null);
INSERT INTO public.eth_contracts (id, address, created, name, network, type, underlying) VALUES (265, '0x489c78aa0969118439176c14af22b3b56bd1d46e', 10868451, 'ST_UNI_fcrvRenWBTC_WBTC', 'eth', 1, null);
INSERT INTO public.eth_contracts (id, address, created, name, network, type, underlying) VALUES (259, '0xbb846ad2552c0669062c9eadfa63148bcba3e2b0', 10868441, 'ST_UNI_WBTC_fWBTC', 'eth', 1, null);
INSERT INTO public.eth_contracts (id, address, created, name, network, type, underlying) VALUES (262, '0x298a92daf7c71ced261c79300a620e8bee54daa6', 10868445, 'ST_UNI_WBTC_frenBTC', 'eth', 1, null);
INSERT INTO public.eth_contracts (id, address, created, name, network, type, underlying) VALUES (260, '0xaebfea924de4080c14df5c432cece261934457e0', 10868441, 'UNI_LP_WBTC_fWBTC', 'eth', 2, null);
INSERT INTO public.eth_contracts (id, address, created, name, network, type, underlying) VALUES (247, '0xb492faeda6c9ffb9b9854a58f28d5333ff7a11bc', 10868438, 'ST_UNI_DAI_fDAI', 'eth', 1, null);
INSERT INTO public.eth_contracts (id, address, created, name, network, type, underlying) VALUES (263, '0x007f74c5c82d68a138cc3bc623e51270279fa525', 10868445, 'UNI_LP_WBTC_frenBTC', 'eth', 2, null);
INSERT INTO public.eth_contracts (id, address, created, name, network, type, underlying) VALUES (266, '0xb6a6a3d8ef31d9faeb1ab1487ace79fe1f5df1bb', 10868451, 'UNI_LP_fcrvRenWBTC_WBTC', 'eth', 2, null);
INSERT INTO public.eth_contracts (id, address, created, name, network, type, underlying) VALUES (267, '0x82bdac405762482f9411a7d970841ce55f64e04b', 10868454, 'ST_UNI_fWETH_WETH', 'eth', 1, null);
INSERT INTO public.eth_contracts (id, address, created, name, network, type, underlying) VALUES (268, '0x24b34098f6950a5d5b6bbe1358ad79b609b924fb', 10868454, 'UNI_LP_fWETH_WETH', 'eth', 2, null);
INSERT INTO public.eth_contracts (id, address, created, name, network, type, underlying) VALUES (277, '0x655ad905dec61e4fb7d4840a1f450685801511b2', 10914707, 'CRPT', 'eth', 4, null);
INSERT INTO public.eth_contracts (id, address, created, name, network, type, underlying) VALUES (147, '0xf00dd244228f51547f0563e60bca65a30fbf5f7f', 0, 'GOVERNANCE', 'eth', 3, null);
INSERT INTO public.eth_contracts (id, address, created, name, network, type, underlying) VALUES (166, '0x9db10c305c671153662119d453c4d2c123725566', 10822845, 'UNI_LP_LINK_USDT', 'eth', 2, null);
INSERT INTO public.eth_contracts (id, address, created, name, network, type, underlying) VALUES (158, '0xf9e5f9024c2f3f2908a1d0e7272861a767c9484b', 11002529, 'ST_DAI', 'eth', 1, null);
INSERT INTO public.eth_contracts (id, address, created, name, network, type, underlying) VALUES (199, '0xfbe122d0ba3c75e1f7c80bd27613c9f35b81feec', 11095331, 'renBTC_#V1', 'eth', 0, null);
INSERT INTO public.eth_contracts (id, address, created, name, network, type, underlying) VALUES (582, '0xb89777534acccc9ae7cba0e72163f9f214189263', 12375452, 'UNI_COMFI_WETH', 'eth', 0, null);
INSERT INTO public.eth_contracts (id, address, created, name, network, type, underlying) VALUES (159, '0xe1f9a3ee001a2ecc906e8de637dbf20bb2d44633', 11002532, 'ST_USDC', 'eth', 1, null);
INSERT INTO public.eth_contracts (id, address, created, name, network, type, underlying) VALUES (167, '0x84646f736795a8bc22ab34e05c8982cd058328c7', 10777246, 'ST_YFI', 'eth', 1, null);
INSERT INTO public.eth_contracts (id, address, created, name, network, type, underlying) VALUES (232, '0x44356324864a30216e89193bc8b0f6309227d690', 10822824, 'ST_BPT_SWRV_FARM_#V1', 'eth', 1, null);
INSERT INTO public.eth_contracts (id, address, created, name, network, type, underlying) VALUES (226, '0x192e9d29d43db385063799bc239e772c3b6888f3', 11095343, 'CRV_crvRenWBTC_#V1', 'eth', 0, null);
INSERT INTO public.eth_contracts (id, address, created, name, network, type, underlying) VALUES (421, '0xdb9c2eba87301e6951d6fbe7a458832eaab2137e', 11687841, 'ST_ESD', 'eth', 1, null);
INSERT INTO public.eth_contracts (id, address, created, name, network, type, underlying) VALUES (156, '0xae024f29c26d6f71ec71658b1980189956b0546d', 10770203, 'ST_PS', 'eth', 1, null);
INSERT INTO public.eth_contracts (id, address, created, name, network, type, underlying) VALUES (160, '0x5bd997039fff16f653ef15d1428f2c791519f58d', 11002534, 'ST_USDT', 'eth', 1, null);
INSERT INTO public.eth_contracts (id, address, created, name, network, type, underlying) VALUES (229, '0xcfe1103863f9e7cf3452ca8932eef44d314bf9c5', 11002540, 'ST_renBTC', 'eth', 1, null);
INSERT INTO public.eth_contracts (id, address, created, name, network, type, underlying) VALUES (228, '0x6291ece696cb6682a9bb1d42fca4160771b1d7cc', 11002539, 'ST_WBTC', 'eth', 1, null);
INSERT INTO public.eth_contracts (id, address, created, name, network, type, underlying) VALUES (563, '0xcccbf11ac3030ee8cd7a04cfe15a3718df6dd030', 12398445, 'GPUNKS20', 'eth', 4, null);
INSERT INTO public.eth_contracts (id, address, created, name, network, type, underlying) VALUES (217, '0x9a63d269b17e18dad592b219fea3d06201f5f946', 10815799, 'ST_BPT_YFV_FARM', 'eth', 1, null);
INSERT INTO public.eth_contracts (id, address, created, name, network, type, underlying) VALUES (230, '0x5365a2c47b90ee8c9317fac20edc3ce7037384fb', 11002542, 'ST_CRV_crvRenWBTC', 'eth', 1, null);
INSERT INTO public.eth_contracts (id, address, created, name, network, type, underlying) VALUES (202, '0xe72d38d0a72aaa1e1fd98d59bfc959f871e99b6f', 10815689, 'ST_BPT_CRV_FARM', 'eth', 1, null);
INSERT INTO public.eth_contracts (id, address, created, name, network, type, underlying) VALUES (372, '0x3449fc1cd036255ba1eb19d65ff4ba2b8903a69a', 12382161, 'BAC', 'eth', 4, null);
INSERT INTO public.eth_contracts (id, address, created, name, network, type, underlying) VALUES (291, '0x7ddc3fff0612e75ea5ddc0d6bd4e268f70362cff', 11067469, 'UNI_WETH_USDT_#V1', 'eth', 0, null);
INSERT INTO public.eth_contracts (id, address, created, name, network, type, underlying) VALUES (150, '0xdac17f958d2ee523a2206206994597c13d831ec7', 12324674, 'USDT', 'eth', 4, null);
INSERT INTO public.eth_contracts (id, address, created, name, network, type, underlying) VALUES (154, '0xf2b223eb3d2b382ead8d85f3c1b7ef87c1d35f3a', 11021705, 'CRV_yDAI_yUSDC_yUSDT_yTUSD', 'eth', 0, null);
INSERT INTO public.eth_contracts (id, address, created, name, network, type, underlying) VALUES (207, '0xd8f5a5bea95740d2749d20f4c26d543579a7b6d8', 10815770, 'ST_BPT_SWRV_FARM', 'eth', 1, null);
INSERT INTO public.eth_contracts (id, address, created, name, network, type, underlying) VALUES (201, '0xf12c086347a328f3a000d892f23875d886d530cf', 11277134, 'UNI_LP_WBTC_renBTC', 'eth', 2, null);
INSERT INTO public.eth_contracts (id, address, created, name, network, type, underlying) VALUES (145, '0xe85c8581e60d7cd32bbfd86303d2a4fa6a951dac', 11095301, 'DAI', 'eth', 0, null);
INSERT INTO public.eth_contracts (id, address, created, name, network, type, underlying) VALUES (153, '0xc7ee21406bb581e741fbb8b21f213188433d9f2f', 11095293, 'USDT', 'eth', 0, null);
INSERT INTO public.eth_contracts (id, address, created, name, network, type, underlying) VALUES (235, '0x158edb94d0bfc093952fb3009deeed613042907c', 10822839, 'ST_BPT_YFV_FARM_#V1', 'eth', 1, null);
INSERT INTO public.eth_contracts (id, address, created, name, network, type, underlying) VALUES (203, '0x5d960b091abc9a082a57d0c6d1a510bf655ef98a', 10816110, 'BPT_#V1', 'eth', 4, null);
INSERT INTO public.eth_contracts (id, address, created, name, network, type, underlying) VALUES (238, '0xb4d1d6150dac0d1a994afb2a196adadbe639ff95', 10822848, 'ST_BPT_UNI-V2_FARM_#V5', 'eth', 1, null);
INSERT INTO public.eth_contracts (id, address, created, name, network, type, underlying) VALUES (204, '0xd533a949740bb3306d119cc777fa900ba034cd52', 10822822, 'CRV', 'eth', 4, null);
INSERT INTO public.eth_contracts (id, address, created, name, network, type, underlying) VALUES (211, '0x78c3e52db6abee5cbd353a429e4c88b23e36b089', 10815782, 'ST_BPT_UNI-V2_FARM', 'eth', 1, null);
INSERT INTO public.eth_contracts (id, address, created, name, network, type, underlying) VALUES (197, '0x2260fac5e5542a773aa44fbcfedf7c193bc2c599', 12324688, 'WBTC', 'eth', 4, null);
INSERT INTO public.eth_contracts (id, address, created, name, network, type, underlying) VALUES (233, '0xf465573288d9d89c6e89b1bc3bc9ce2b997e77df', 10822831, 'ST_BPT_UNI-V2_FARM_#V3', 'eth', 1, null);
INSERT INTO public.eth_contracts (id, address, created, name, network, type, underlying) VALUES (220, '0x74fad021134e5851896fa58f536981c6eb4da5e6', 10815807, 'ST_BPT_SUSHI_FARM', 'eth', 1, null);
INSERT INTO public.eth_contracts (id, address, created, name, network, type, underlying) VALUES (227, '0x49849c98ae39fff122806c06791fa73784fb3675', 11277132, 'crvRenWBTC', 'eth', 4, '0xeb4c2781e4eba804ce9a9803c67d0893436bb27d');
INSERT INTO public.eth_contracts (id, address, created, name, network, type, underlying) VALUES (161, '0xe604fd5b1317babd0cf2c72f7f5f2ad8c00adbe1', 10777241, 'ST_WETH', 'eth', 1, null);
INSERT INTO public.eth_contracts (id, address, created, name, network, type, underlying) VALUES (237, '0xb0c22da17d32c01861972bc7c55b650c2d533800', 10816134, 'ST_BPT_LINK_FARM_#V1', 'eth', 1, null);
INSERT INTO public.eth_contracts (id, address, created, name, network, type, underlying) VALUES (213, '0x876433f4c4a190b7dbd4b8db750448841d43a4c3', 10815789, 'ST_BPT_UNI-V2_FARM_#V1', 'eth', 1, null);
INSERT INTO public.eth_contracts (id, address, created, name, network, type, underlying) VALUES (196, '0xc07eb91961662d275e2d285bdc21885a4db136b0', 11095316, 'WBTC_#V1', 'eth', 0, null);
INSERT INTO public.eth_contracts (id, address, created, name, network, type, underlying) VALUES (164, '0xa112c2354d27c2fb3370cc5d027b28987117a268', 10777245, 'ST_LINK', 'eth', 1, null);
INSERT INTO public.eth_contracts (id, address, created, name, network, type, underlying) VALUES (209, '0xb8baa0e4287890a5f79863ab62b7f175cecbd433', 10822824, 'SWRV', 'eth', 4, null);
INSERT INTO public.eth_contracts (id, address, created, name, network, type, underlying) VALUES (151, '0xc3f7ffb5d5869b3ade9448d094d81b0521e8326f', 11095280, 'USDC', 'eth', 0, null);
INSERT INTO public.eth_contracts (id, address, created, name, network, type, underlying) VALUES (216, '0xd46ba6d942050d489dbd938a2c909a5d5039a161', 0, 'UNKNOWN_TOKEN', 'eth', 4, null);
INSERT INTO public.eth_contracts (id, address, created, name, network, type, underlying) VALUES (165, '0x514910771af9ca656af840dff83e8264ecf986ca', 12048807, 'LINK', 'eth', 4, null);
INSERT INTO public.eth_contracts (id, address, created, name, network, type, underlying) VALUES (222, '0x77ee32430ca49f99b590782f5ff83405272f0676', 10815811, 'ST_BPT_LINK_FARM', 'eth', 1, null);
INSERT INTO public.eth_contracts (id, address, created, name, network, type, underlying) VALUES (420, '0x3cdde34c96ecb95a1232c9673e23f2db5fa72280', 11687840, 'ST_BAC', 'eth', 1, null);
INSERT INTO public.eth_contracts (id, address, created, name, network, type, underlying) VALUES (155, '0xdf5e0e81dff6faf3a7e52ba697820c5e32d806a8', 11277116, 'yDAI+yUSDC+yUSDT+yTUSD', 'eth', 4, '0x6b175474e89094c44da98b954eedeac495271d0f');
INSERT INTO public.eth_contracts (id, address, created, name, network, type, underlying) VALUES (210, '0xc139d8450177c0b8c3788608518687b585f7ae5a', 10822824, 'UNI_LP_SWRV_WETH', 'eth', 2, null);
INSERT INTO public.eth_contracts (id, address, created, name, network, type, underlying) VALUES (239, '0x2f97d9f870a773186cb01742ff298777bbf6f244', 10822852, 'ST_BPT_PYLON_FARM', 'eth', 1, null);
INSERT INTO public.eth_contracts (id, address, created, name, network, type, underlying) VALUES (224, '0x905cf5217002f1031425549d398c66adf72ec4f2', 10815815, 'ST_BPT_UNI-V2_FARM_#V2', 'eth', 1, null);
INSERT INTO public.eth_contracts (id, address, created, name, network, type, underlying) VALUES (223, '0xb4c605b27758ab80cba186d4826bfa9dbcf1bbb0', 10816134, 'BPT_#V7', 'eth', 4, null);
INSERT INTO public.eth_contracts (id, address, created, name, network, type, underlying) VALUES (244, '0x713f62ccf8545ff1df19e5d7ab94887cfaf95677', 10868432, 'UNI_LP_fUSDT_USDT', 'eth', 2, null);
INSERT INTO public.eth_contracts (id, address, created, name, network, type, underlying) VALUES (148, '0x6b175474e89094c44da98b954eedeac495271d0f', 12382161, 'DAI', 'eth', 4, null);
INSERT INTO public.eth_contracts (id, address, created, name, network, type, underlying) VALUES (200, '0xeb4c2781e4eba804ce9a9803c67d0893436bb27d', 11751941, 'renBTC', 'eth', 4, null);
INSERT INTO public.eth_contracts (id, address, created, name, network, type, underlying) VALUES (205, '0x3da1313ae46132a397d90d95b1424a9a7e3e0fce', 10822822, 'UNI_LP_WETH_CRV', 'eth', 2, null);
INSERT INTO public.eth_contracts (id, address, created, name, network, type, underlying) VALUES (215, '0xc5be99a02c6857f9eac67bbce58df5572498f40c', 10822836, 'UNI_LP_WETH_AMPL', 'eth', 2, null);
INSERT INTO public.eth_contracts (id, address, created, name, network, type, underlying) VALUES (236, '0x26582bea67b30af166b7fcd3424ba1e0638ab136', 10822840, 'ST_BPT_SUSHI_FARM_#V1', 'eth', 1, null);
INSERT INTO public.eth_contracts (id, address, created, name, network, type, underlying) VALUES (219, '0xcb4f983e705caeb7217c5c3785001cb138115f0b', 10822839, 'UNI_LP_YFV_WETH', 'eth', 2, null);
INSERT INTO public.eth_contracts (id, address, created, name, network, type, underlying) VALUES (234, '0x7af4458d3abd61c3fd187bb9f1bbf917cd4be9b8', 10822836, 'ST_BPT_UNI-V2_FARM_#V4', 'eth', 1, null);
INSERT INTO public.eth_contracts (id, address, created, name, network, type, underlying) VALUES (208, '0xf9f2df6e0e369145481a32fcd260e353aa20c1a6', 10822824, 'BPT_#V2', 'eth', 4, null);
INSERT INTO public.eth_contracts (id, address, created, name, network, type, underlying) VALUES (212, '0xf76206115617f090f5a49961a78bcf99bb91cfee', 10822831, 'BPT_#V3', 'eth', 4, null);
INSERT INTO public.eth_contracts (id, address, created, name, network, type, underlying) VALUES (214, '0xdfb341093ea062a74bd19a222c74abdcb97c067b', 10822836, 'BPT_#V4', 'eth', 4, null);
INSERT INTO public.eth_contracts (id, address, created, name, network, type, underlying) VALUES (218, '0x97cd8e51cd6c888567c6c620188b8fb264ee8e91', 10822839, 'BPT_#V5', 'eth', 4, null);
INSERT INTO public.eth_contracts (id, address, created, name, network, type, underlying) VALUES (221, '0xb39ce7fa5953bebc6697112e88cd11579cbca579', 10822840, 'BPT_#V6', 'eth', 4, null);
INSERT INTO public.eth_contracts (id, address, created, name, network, type, underlying) VALUES (225, '0xa3e69ebce417ee0508d6996340126ad60078fcdd', 10822848, 'BPT_#V8', 'eth', 4, null);
INSERT INTO public.eth_contracts (id, address, created, name, network, type, underlying) VALUES (240, '0x1e2da0aa71155726c5c0e39af76ac0c2e8f74bef', 10822852, 'BPT_#V9', 'eth', 4, null);
INSERT INTO public.eth_contracts (id, address, created, name, network, type, underlying) VALUES (241, '0xd7b7d3c0bda57723fb54ab95fd8f9ea033af37f2', 10822852, 'PYLON', 'eth', 4, null);
INSERT INTO public.eth_contracts (id, address, created, name, network, type, underlying) VALUES (242, '0xbe9ba93515e87c7bd3a0cebb9f61aaabe7a77dd3', 10822852, 'UNI_LP_WETH_PYLON', 'eth', 2, null);
INSERT INTO public.eth_contracts (id, address, created, name, network, type, underlying) VALUES (243, '0x316de40f36da4c54aff11c1d83081555cca41270', 10868432, 'ST_UNI_fUSDT_USDT', 'eth', 1, null);
INSERT INTO public.eth_contracts (id, address, created, name, network, type, underlying) VALUES (149, '0xb20bd5d04be54f870d5c0d3ca85d82b34b836405', 10959812, 'UNI_LP_DAI_USDT', 'eth', 2, null);
INSERT INTO public.eth_contracts (id, address, created, name, network, type, underlying) VALUES (195, '0x59258f4e15a5fc74a7284055a8094f58108dbd4f', 10959147, 'PS', 'eth', 0, null);
INSERT INTO public.eth_contracts (id, address, created, name, network, type, underlying) VALUES (396, '0x8e53031462e930827a8d482e7d80603b1f86e32d', 12019079, 'SUSHI_DAI_WETH_#V3', 'eth', 0, null);
INSERT INTO public.eth_contracts (id, address, created, name, network, type, underlying) VALUES (358, '0x5b5cfe992adac0c9d48e05854b2d91c73a003858', 11413999, 'husd3CRV', 'eth', 4, null);
INSERT INTO public.eth_contracts (id, address, created, name, network, type, underlying) VALUES (283, '0x25550cccbd68533fa04bfd3e3ac4d09f9e00fc50', 10957909, 'PS_#V1', 'eth', 0, null);
INSERT INTO public.eth_contracts (id, address, created, name, network, type, underlying) VALUES (345, '0x5c0a3f55aac52aa320ff5f280e77517cbaf85524', 11279465, 'SUSHI_WBTC_WETH', 'eth', 0, null);
INSERT INTO public.eth_contracts (id, address, created, name, network, type, underlying) VALUES (193, '0x514906fc121c7878424a5c928cad1852cc545892', 11413999, 'UNI_LP_FARM_USDC', 'eth', 2, null);
INSERT INTO public.eth_contracts (id, address, created, name, network, type, underlying) VALUES (399, '0x4bf633a09bd593f6fb047db3b4c25ef5b9c5b99e', 12019343, 'SUSHI_WETH_USDT_#V2', 'eth', 0, null);
INSERT INTO public.eth_contracts (id, address, created, name, network, type, underlying) VALUES (284, '0xf50be726417755074777da8d8da56f1638bf7ce4', 10959258, 'ST_PS_#V2', 'eth', 1, null);
INSERT INTO public.eth_contracts (id, address, created, name, network, type, underlying) VALUES (163, '0x0d4a11d5eeaac28ec3f61d100daf4d40471f1852', 11420576, 'UNI_LP_WETH_USDT', 'eth', 2, null);
INSERT INTO public.eth_contracts (id, address, created, name, network, type, underlying) VALUES (292, '0xae160ae334be46d22c9906b1e2042cec410268c5', 11011766, 'ST_UNI_WETH_USDT_#V1', 'eth', 1, null);
INSERT INTO public.eth_contracts (id, address, created, name, network, type, underlying) VALUES (336, '0xc0f51a979e762202e9bef0f62b07f600d0697de1', 11277120, 'ST_CRV_cDAI_cUSDC', 'eth', 1, null);
INSERT INTO public.eth_contracts (id, address, created, name, network, type, underlying) VALUES (382, '0xf3b2b174e7f36e43246ef33fc58ce5821f21f799', 11609469, 'ST_UNI_BAC_DAI', 'eth', 1, null);
INSERT INTO public.eth_contracts (id, address, created, name, network, type, underlying) VALUES (293, '0xc47ef3da5f58e1df533bb074ac27928c65d18721', 11022310, 'ST_UNI_WETH_USDT_#V2', 'eth', 1, null);
INSERT INTO public.eth_contracts (id, address, created, name, network, type, underlying) VALUES (383, '0x797f1171dc5001b7a79ff7dca68c9539329cce48', 11698840, 'ST_UNI_BAC_DAI_#V1', 'eth', 1, null);
INSERT INTO public.eth_contracts (id, address, created, name, network, type, underlying) VALUES (371, '0xd4405f0704621dbe9d4dea60e128e0c3b26bddbd', 12382161, 'UNI_LP_BAC_DAI', 'eth', 2, null);
INSERT INTO public.eth_contracts (id, address, created, name, network, type, underlying) VALUES (370, '0x6bccd7e983e438a56ba2844883a664da87e4c43b', 12382161, 'UNI_BAC_DAI', 'eth', 0, null);
INSERT INTO public.eth_contracts (id, address, created, name, network, type, underlying) VALUES (373, '0xf8b7235fcfd5a75cfdcc0d7bc813817f3dd17858', 12382155, 'UNI_BASv2_DAI', 'eth', 0, null);
INSERT INTO public.eth_contracts (id, address, created, name, network, type, underlying) VALUES (402, '0x6a11f3e5a01d129e566d783a7b6e8862bfd66cca', 12019386, '1INCH_LP_ETH_WBTC', 'eth', 2, null);
INSERT INTO public.eth_contracts (id, address, created, name, network, type, underlying) VALUES (565, '0x227a46266329767cea8883bfc81d21f1ea0edbb3', 12388460, 'UNI_MEME20_WETH', 'eth', 0, null);
INSERT INTO public.eth_contracts (id, address, created, name, network, type, underlying) VALUES (338, '0x093c2ae5e6f3d2a897459aa24551289d462449ad', 11277121, 'ST_CRV_yDAI_yUSDC_yUSDT_yBUSD', 'eth', 1, null);
INSERT INTO public.eth_contracts (id, address, created, name, network, type, underlying) VALUES (374, '0x0379da7a5895d13037b6937b109fa8607a659adf', 11889590, 'UNI_LP_DAI_BAS', 'eth', 2, null);
INSERT INTO public.eth_contracts (id, address, created, name, network, type, underlying) VALUES (564, '0x9b36b44c6e3bfb1adfbe31bb7b8c4f9af7a804ee', 12398445, 'ST_UNI_WETH_GPUNKS20', 'eth', 1, null);
INSERT INTO public.eth_contracts (id, address, created, name, network, type, underlying) VALUES (337, '0xef4da1ce3f487da2ed0be23173f76274e0d47579', 11277123, 'ST_CRV_usdn3CRV', 'eth', 1, null);
INSERT INTO public.eth_contracts (id, address, created, name, network, type, underlying) VALUES (319, '0xa3cf8d1cee996253fad1f8e3d68bdcba7b3a3db5', 11277132, 'ST_CRV_crvRenWBTC_#V1', 'eth', 1, null);
INSERT INTO public.eth_contracts (id, address, created, name, network, type, underlying) VALUES (318, '0x7b8ff8884590f44e10ea8105730fe637ce0cb4f6', 11277134, 'ST_renBTC_#V1', 'eth', 1, null);
INSERT INTO public.eth_contracts (id, address, created, name, network, type, underlying) VALUES (275, '0xbb2b8038a1640196fbe3e38816f3e67cba72d940', 11232256, 'UNI_LP_WBTC_WETH', 'eth', 2, null);
INSERT INTO public.eth_contracts (id, address, created, name, network, type, underlying) VALUES (294, '0x75071f2653fbc902ebaff908d4c68712a5d1c960', 11232258, 'ST_UNI_WETH_USDT_#V3', 'eth', 1, null);
INSERT INTO public.eth_contracts (id, address, created, name, network, type, underlying) VALUES (316, '0x4f7c28ccb0f1dbd1388209c67eec234273c878bd', 11277135, 'ST_USDC_#V1', 'eth', 1, null);
INSERT INTO public.eth_contracts (id, address, created, name, network, type, underlying) VALUES (317, '0x6ac4a7ab91e6fd098e13b7d347c6d4d1494994a2', 11277137, 'ST_USDT_#V1', 'eth', 1, null);
INSERT INTO public.eth_contracts (id, address, created, name, network, type, underlying) VALUES (347, '0x76aef359a33c02338902aca543f37de4b01ba1fa', 11277092, 'ST_SUSHI_DAI_WETH', 'eth', 1, null);
INSERT INTO public.eth_contracts (id, address, created, name, network, type, underlying) VALUES (364, '0x6555c79a8829b793f332f1535b0efb1fe4c11958', 11413984, 'ST_UNI_FARM_WETH', 'eth', 1, null);
INSERT INTO public.eth_contracts (id, address, created, name, network, type, underlying) VALUES (315, '0x15d3a64b2d5ab9e152f16593cdebc4bb165b5b4a', 11277152, 'ST_DAI_#V1', 'eth', 1, null);
INSERT INTO public.eth_contracts (id, address, created, name, network, type, underlying) VALUES (357, '0x29780c39164ebbd62e9ddde50c151810070140f2', 11381199, 'CRV_husd3CRV', 'eth', 0, null);
INSERT INTO public.eth_contracts (id, address, created, name, network, type, underlying) VALUES (339, '0x64035b583c8c694627a199243e863bb33be60745', 11279458, 'SUSHI_WETH_USDT', 'eth', 0, null);
INSERT INTO public.eth_contracts (id, address, created, name, network, type, underlying) VALUES (397, '0xd162395c21357b126c5afed6921bc8b13e48d690', 12019291, 'SUSHI_USDC_WETH_#V2', 'eth', 0, null);
INSERT INTO public.eth_contracts (id, address, created, name, network, type, underlying) VALUES (341, '0x01bd09a1124960d9be04b638b142df9df942b04a', 11279460, 'SUSHI_USDC_WETH', 'eth', 0, null);
INSERT INTO public.eth_contracts (id, address, created, name, network, type, underlying) VALUES (361, '0xe58f0d2956628921cded2ea6b195fc821c3a2b16', 11413988, 'ST_UNI_GRAIN_FARM', 'eth', 1, null);
INSERT INTO public.eth_contracts (id, address, created, name, network, type, underlying) VALUES (343, '0x203e97aa6eb65a1a02d9e80083414058303f241e', 11279461, 'SUSHI_DAI_WETH', 'eth', 0, null);
INSERT INTO public.eth_contracts (id, address, created, name, network, type, underlying) VALUES (362, '0xb9fa44b0911f6d777faab2fa9d8ef103f25ddf49', 11413988, 'UNI_LP_GRAIN_FARM', 'eth', 2, null);
INSERT INTO public.eth_contracts (id, address, created, name, network, type, underlying) VALUES (363, '0x6589fe1271a0f29346796c6baf0cdf619e25e58e', 11413988, 'GRAIN', 'eth', 4, null);
INSERT INTO public.eth_contracts (id, address, created, name, network, type, underlying) VALUES (366, '0x7bf1b949360623e2548e9d8be5c38b9ba06b8392', 11413988, 'UNI_LP_GRAIN_WETH', 'eth', 2, null);
INSERT INTO public.eth_contracts (id, address, created, name, network, type, underlying) VALUES (377, '0xc9cb53b48a2f3a9e75982685644c1870f1405ccb', 11698862, 'SUSHI_LP_MIC_USDT', 'eth', 2, null);
INSERT INTO public.eth_contracts (id, address, created, name, network, type, underlying) VALUES (359, '0x01f9caad0f9255b0c0aa2fbd1c1aa06ad8af7254', 11413994, 'ST_CRV_hCRV', 'eth', 1, null);
INSERT INTO public.eth_contracts (id, address, created, name, network, type, underlying) VALUES (360, '0x72c50e6fd8cc5506e166c273b6e814342aa0a3c1', 11413999, 'ST_CRV_husd3CRV', 'eth', 1, null);
INSERT INTO public.eth_contracts (id, address, created, name, network, type, underlying) VALUES (409, '0x36f3fd68e7325a35eb768f1aedaae9ea0689d723', 11776016, 'ESD', 'eth', 4, null);
INSERT INTO public.eth_contracts (id, address, created, name, network, type, underlying) VALUES (376, '0x6f14165c6d529ea3bfe1814d0998449e9c8d157d', 11697418, 'SUSHI_MIC_USDT', 'eth', 0, null);
INSERT INTO public.eth_contracts (id, address, created, name, network, type, underlying) VALUES (380, '0x066f3a3b7c8fa077c71b9184d862ed0a4d5cf3e0', 11698869, 'SUSHI_LP_MIS_USDT', 'eth', 2, null);
INSERT INTO public.eth_contracts (id, address, created, name, network, type, underlying) VALUES (379, '0x145f39b3c6e6a885aa6a8fade4ca69d64bab69c8', 11697424, 'SUSHI_MIS_USDT', 'eth', 0, null);
INSERT INTO public.eth_contracts (id, address, created, name, network, type, underlying) VALUES (378, '0x368b3a58b5f49392e5c9e4c998cb0bb966752e51', 11698862, 'MIC', 'eth', 4, null);
INSERT INTO public.eth_contracts (id, address, created, name, network, type, underlying) VALUES (386, '0xf330891f02f8182d7d4e1a962ed0f3086d626020', 11698848, 'ST_UNI_DAI_BAS', 'eth', 1, null);
INSERT INTO public.eth_contracts (id, address, created, name, network, type, underlying) VALUES (381, '0x4b4d2e899658fb59b1d518b68fe836b100ee8958', 11698869, 'MIS', 'eth', 4, null);
INSERT INTO public.eth_contracts (id, address, created, name, network, type, underlying) VALUES (346, '0xceff51756c56ceffca006cd410b03ffc46dd3a58', 12048819, 'SUSHI_LP_WBTC_WETH', 'eth', 2, null);
INSERT INTO public.eth_contracts (id, address, created, name, network, type, underlying) VALUES (375, '0xa7ed29b253d8b4e3109ce07c80fc570f81b63696', 11889590, 'BAS', 'eth', 4, null);
INSERT INTO public.eth_contracts (id, address, created, name, network, type, underlying) VALUES (385, '0xf4784d07136b5b10c6223134e8b36e1dc190725b', 11698869, 'ST_SUSHI_MIS_USDT', 'eth', 1, null);
INSERT INTO public.eth_contracts (id, address, created, name, network, type, underlying) VALUES (401, '0x859222dd0b249d0ea960f5102dab79b294d6874a', 12019396, 'SUSHI_WBTC_WETH_#V2', 'eth', 0, null);
INSERT INTO public.eth_contracts (id, address, created, name, network, type, underlying) VALUES (413, '0x66e33d2605c5fb25ebb7cd7528e7997b0afa55e8', 11687843, 'UNI_LP_USDC_DSD', 'eth', 2, null);
INSERT INTO public.eth_contracts (id, address, created, name, network, type, underlying) VALUES (407, '0x371e78676cd8547ef969f89d2ee8fa689c50f86b', 11743205, 'BAC', 'eth', 0, null);
INSERT INTO public.eth_contracts (id, address, created, name, network, type, underlying) VALUES (403, '0xda5e9706274d88bbf1bd1877a9b462fc40cdcfad', 11687832, 'ST_1INCH_ETH_DAI', 'eth', 1, null);
INSERT INTO public.eth_contracts (id, address, created, name, network, type, underlying) VALUES (340, '0x06da0fd433c1a5d7a4faa01111c044910a184553', 12048823, 'SUSHI_LP_WETH_USDT', 'eth', 2, null);
INSERT INTO public.eth_contracts (id, address, created, name, network, type, underlying) VALUES (404, '0x9a9a6148f7b0a9767ac1fdc67343d1e3e219fddf', 11687835, 'ST_1INCH_ETH_USDC', 'eth', 1, null);
INSERT INTO public.eth_contracts (id, address, created, name, network, type, underlying) VALUES (410, '0xdff71165a646be71fcfbaa6206342faa503aed5d', 11776016, 'SUSHI_LP_ESD_WETH', 'eth', 2, null);
INSERT INTO public.eth_contracts (id, address, created, name, network, type, underlying) VALUES (405, '0x2a80e0b572e7ef61ef81ef05ec024e1e52bd70bd', 11687837, 'ST_1INCH_ETH_USDT', 'eth', 1, null);
INSERT INTO public.eth_contracts (id, address, created, name, network, type, underlying) VALUES (406, '0x747318cf3171d4e2a1a52bbd3fcc9f9c690448b4', 11687838, 'ST_1INCH_ETH_WBTC', 'eth', 1, null);
INSERT INTO public.eth_contracts (id, address, created, name, network, type, underlying) VALUES (384, '0x98ba5e432933e2d536e24a2c021debb8404588c1', 11698862, 'ST_SUSHI_MIC_USDT', 'eth', 1, null);
INSERT INTO public.eth_contracts (id, address, created, name, network, type, underlying) VALUES (408, '0x45a9e027ddd8486fad6fca647bb132ad03303ec2', 11776016, 'ESD', 'eth', 0, null);
INSERT INTO public.eth_contracts (id, address, created, name, network, type, underlying) VALUES (411, '0x8bf3c1c7b1961764ecb19b4fc4491150ceb1abb1', 11775988, 'DSD', 'eth', 0, null);
INSERT INTO public.eth_contracts (id, address, created, name, network, type, underlying) VALUES (412, '0xbd2f0cd039e0bfcf88901c98c0bfac5ab27566e3', 11775988, 'DSD', 'eth', 4, null);
INSERT INTO public.eth_contracts (id, address, created, name, network, type, underlying) VALUES (400, '0xbba17b81ab4193455be10741512d0e71520f43cb', 12019327, '1INCH_LP_ETH_USDT', 'eth', 2, null);
INSERT INTO public.eth_contracts (id, address, created, name, network, type, underlying) VALUES (282, '0x8f5adc58b32d4e5ca02eac0e293d35855999436c', 12044866, 'ST_PS_#V1', 'eth', 1, null);
INSERT INTO public.eth_contracts (id, address, created, name, network, type, underlying) VALUES (344, '0xc3d03e4f041fd4cd388c549ee2a29a9e5075882f', 12048818, 'SUSHI_LP_DAI_WETH', 'eth', 2, null);
INSERT INTO public.eth_contracts (id, address, created, name, network, type, underlying) VALUES (353, '0x1494ca1f11d487c2bbe4543e90080aeba4ba3c2b', 11792093, 'DPI', 'eth', 4, null);
INSERT INTO public.eth_contracts (id, address, created, name, network, type, underlying) VALUES (351, '0x2a32dcbb121d48c106f6d94cf2b4714c0b4dfe48', 11792093, 'UNI_DPI_WETH', 'eth', 0, null);
INSERT INTO public.eth_contracts (id, address, created, name, network, type, underlying) VALUES (286, '0x0000000000085d4780b73119b644ae5ecd22b376', 12187372, 'TUSD', 'eth', 4, null);
INSERT INTO public.eth_contracts (id, address, created, name, network, type, underlying) VALUES (304, '0x9523fdc055f503f73ff40d7f66850f409d80ef34', 11232248, 'ST_SUSHI_WBTC_TBTC', 'eth', 1, null);
INSERT INTO public.eth_contracts (id, address, created, name, network, type, underlying) VALUES (287, '0xb4d0d9df2738abe81b87b66c80851292492d1404', 12187372, 'UNI_LP_TUSD_WETH', 'eth', 2, null);
INSERT INTO public.eth_contracts (id, address, created, name, network, type, underlying) VALUES (308, '0xfe09e53a81fe2808bc493ea64319109b5baa573e', 11362207, 'WETH_#V1', 'eth', 0, null);
INSERT INTO public.eth_contracts (id, address, created, name, network, type, underlying) VALUES (305, '0xb036b53164de8423e150c1805c0f6c43aba453e5', 11049243, 'ST_UNI_WBTC_WETH_#V2', 'eth', 1, null);
INSERT INTO public.eth_contracts (id, address, created, name, network, type, underlying) VALUES (388, '0x2fe94ea3d5d4a175184081439753de15aef9d614', 11687830, 'oBTC/sbtcCRV', 'eth', 4, '0x8064d9ae6cdf087b1bcd5bdf3531bd5d8c537a68');
INSERT INTO public.eth_contracts (id, address, created, name, network, type, underlying) VALUES (285, '0xe438c0fffba2a81094b6623e5191866d32814c22', 10997643, 'TUSD', 'eth', 0, null);
INSERT INTO public.eth_contracts (id, address, created, name, network, type, underlying) VALUES (302, '0x7aeb36e22e60397098c2a5c51f0a5fb06e7b859c', 11232251, 'ST_UNI_DAI_WETH_#V1', 'eth', 1, null);
INSERT INTO public.eth_contracts (id, address, created, name, network, type, underlying) VALUES (311, '0x9aa8f427a17d6b0d91b6262989edc7d45d6aedf8', 11104382, 'CRV_crvRenWBTC', 'eth', 0, null);
INSERT INTO public.eth_contracts (id, address, created, name, network, type, underlying) VALUES (288, '0x7674622c63bee7f46e86a4a5a18976693d54441b', 12187372, 'TUSD_#V1', 'eth', 0, null);
INSERT INTO public.eth_contracts (id, address, created, name, network, type, underlying) VALUES (303, '0xf1181a71cc331958ae2ca2aad0784acfc436cb93', 11232256, 'ST_UNI_WBTC_WETH_#V1', 'eth', 1, null);
INSERT INTO public.eth_contracts (id, address, created, name, network, type, underlying) VALUES (313, '0xc391d1b08c1403313b0c28d47202dfda015633c4', 11751941, 'renBTC', 'eth', 0, null);
INSERT INTO public.eth_contracts (id, address, created, name, network, type, underlying) VALUES (301, '0x156733b89ac5c704f3217fee2949a9d4a73764b5', 11232265, 'ST_UNI_USDC_WETH_#V1', 'eth', 1, null);
INSERT INTO public.eth_contracts (id, address, created, name, network, type, underlying) VALUES (332, '0x683e683fbe6cf9b635539712c999f3b3edcb8664', 11276588, 'CRV_usdn3CRV', 'eth', 0, null);
INSERT INTO public.eth_contracts (id, address, created, name, network, type, underlying) VALUES (414, '0x21e22315bcfcba1c02fc40903bf02b3bd78c6e13', 11655635, 'UNI_DAI_BSG', 'eth', 0, null);
INSERT INTO public.eth_contracts (id, address, created, name, network, type, underlying) VALUES (326, '0x64eda51d3ad40d56b9dfc5554e06f94e1dd786fd', 11277119, 'tbtc/sbtcCrv', 'eth', 4, '0x8daebade922df735c38c80c7ebd708af50815faa');
INSERT INTO public.eth_contracts (id, address, created, name, network, type, underlying) VALUES (314, '0x3da9d911301f8144bdf5c3c67886e5373dcdff8e', 11277091, 'ST_WETH_#V2', 'eth', 1, null);
INSERT INTO public.eth_contracts (id, address, created, name, network, type, underlying) VALUES (330, '0x5d3a536e4d6dbd6114cc1ead35777bab948e3643', 11277120, 'cDAI', 'eth', 4, null);
INSERT INTO public.eth_contracts (id, address, created, name, network, type, underlying) VALUES (331, '0x9896bd979f9da57857322cc15e154222c4658a5a', 11277120, 'UNI_LP_cDAI_WETH', 'eth', 2, null);
INSERT INTO public.eth_contracts (id, address, created, name, network, type, underlying) VALUES (298, '0xa79a083fdd87f73c2f983c5551ec974685d6bb36', 11067491, 'UNI_USDC_WETH_#V1', 'eth', 0, null);
INSERT INTO public.eth_contracts (id, address, created, name, network, type, underlying) VALUES (299, '0x307e2752e8b8a9c29005001be66b1c012ca9cdb7', 11067497, 'UNI_DAI_WETH_#V1', 'eth', 0, null);
INSERT INTO public.eth_contracts (id, address, created, name, network, type, underlying) VALUES (329, '0x845838df265dcd2c412a1dc9e959c7d08537f8a2', 11277120, 'cDAI+cUSDC', 'eth', 4, '0x5d3a536e4d6dbd6114cc1ead35777bab948e3643');
INSERT INTO public.eth_contracts (id, address, created, name, network, type, underlying) VALUES (300, '0x01112a60f427205dca6e229425306923c3cc2073', 11067498, 'UNI_WBTC_WETH_#V1', 'eth', 0, null);
INSERT INTO public.eth_contracts (id, address, created, name, network, type, underlying) VALUES (295, '0xf553e1f826f42716cdfe02bde5ee76b2a52fc7eb', 11036221, 'SUSHI_WBTC_TBTC', 'eth', 0, null);
INSERT INTO public.eth_contracts (id, address, created, name, network, type, underlying) VALUES (567, '0x60acd58d00b2bcc9a8924fdaa54a2f7c0793b3b2', 12398449, 'MEME20', 'eth', 4, null);
INSERT INTO public.eth_contracts (id, address, created, name, network, type, underlying) VALUES (349, '0x6b4e1e0656dd38f36c318b077134487b9b0cf7a6', 11277102, 'ST_SUSHI_USDC_WETH', 'eth', 1, null);
INSERT INTO public.eth_contracts (id, address, created, name, network, type, underlying) VALUES (391, '0x966a70a4d3719a6de6a94236532a0167d5246c72', 11639719, 'CRV_oBTC_sbtcCRV_#V1', 'eth', 0, null);
INSERT INTO public.eth_contracts (id, address, created, name, network, type, underlying) VALUES (367, '0x13027a850db05f9397d89664640d7dbd919179f6', 11427213, 'bBADGER', 'eth', 0, null);
INSERT INTO public.eth_contracts (id, address, created, name, network, type, underlying) VALUES (350, '0xa56522bca0a09f57b85c52c0cc8ba1b5edbc64ef', 11277112, 'ST_SUSHI_WETH_USDT', 'eth', 1, null);
INSERT INTO public.eth_contracts (id, address, created, name, network, type, underlying) VALUES (312, '0xab7fa2b2985bccfc13c6d86b1d5a17486ab1e04c', 12330800, 'DAI_#V1', 'eth', 0, null);
INSERT INTO public.eth_contracts (id, address, created, name, network, type, underlying) VALUES (356, '0xb19059ebb43466c323583928285a49f558e572fd', 11413994, 'hCRV', 'eth', 4, null);
INSERT INTO public.eth_contracts (id, address, created, name, network, type, underlying) VALUES (333, '0x4f3e8f405cf5afc05d68142f3783bdfe13811522', 11277123, 'usdn3CRV', 'eth', 4, null);
INSERT INTO public.eth_contracts (id, address, created, name, network, type, underlying) VALUES (320, '0x0fe4283e0216f94f5f9750a7a11ac54d3c9c38f3', 11230899, 'CRV_yDAI_yUSDC_yUSDT_yTUSD_#V1', 'eth', 0, null);
INSERT INTO public.eth_contracts (id, address, created, name, network, type, underlying) VALUES (348, '0xe2d9fae95f1e68afca7907dfb36143781f917194', 11277113, 'ST_SUSHI_WBTC_WETH', 'eth', 1, null);
INSERT INTO public.eth_contracts (id, address, created, name, network, type, underlying) VALUES (309, '0xf0358e8c3cd5fa238a29301d0bea3d63a17bedbe', 12324655, 'USDC_#V1', 'eth', 0, null);
INSERT INTO public.eth_contracts (id, address, created, name, network, type, underlying) VALUES (368, '0x19d97d8fa813ee2f51ad4b4e04ea08baf4dffc28', 11427213, 'bBADGER', 'eth', 4, null);
INSERT INTO public.eth_contracts (id, address, created, name, network, type, underlying) VALUES (334, '0x4b1cbd6f6d8676ace5e412c78b7a59b4a1bbb68a', 11279451, 'CRV_yDAI_yUSDC_yUSDT_yBUSD', 'eth', 0, null);
INSERT INTO public.eth_contracts (id, address, created, name, network, type, underlying) VALUES (321, '0x6d1b6ea108aa03c6993d8010690264ba96d349a8', 11277116, 'ST_CRV_yDAI_yUSDC_yUSDT_yTUSD', 'eth', 1, null);
INSERT INTO public.eth_contracts (id, address, created, name, network, type, underlying) VALUES (310, '0x053c80ea73dc6941f518a68e2fc52ac45bde7c9c', 12324674, 'USDT_#V1', 'eth', 0, null);
INSERT INTO public.eth_contracts (id, address, created, name, network, type, underlying) VALUES (322, '0x71b9ec42bb3cb40f017d8ad8011be8e384a95fa5', 11238025, 'CRV_3', 'eth', 0, null);
INSERT INTO public.eth_contracts (id, address, created, name, network, type, underlying) VALUES (335, '0x3b3ac5386837dc563660fb6a0937dfaa5924333b', 11279451, 'yDAI+yUSDC+yUSDT+yBUSD', 'eth', 4, '0x6b175474e89094c44da98b954eedeac495271d0f');
INSERT INTO public.eth_contracts (id, address, created, name, network, type, underlying) VALUES (307, '0x917d6480ec60cbddd6cbd0c8ea317bcc709ea77b', 11277133, 'ST_WBTC_#V1', 'eth', 1, null);
INSERT INTO public.eth_contracts (id, address, created, name, network, type, underlying) VALUES (306, '0x5d9d25c7c457dd82fc8668ffc6b9746b674d4ecb', 12324688, 'WBTC', 'eth', 0, null);
INSERT INTO public.eth_contracts (id, address, created, name, network, type, underlying) VALUES (324, '0x27f12d1a08454402175b9f0b53769783578be7d9', 11277118, 'ST_CRV_3', 'eth', 1, null);
INSERT INTO public.eth_contracts (id, address, created, name, network, type, underlying) VALUES (325, '0x640704d106e79e105fda424f05467f005418f1b5', 11238052, 'CRV_tbtc_sbtc', 'eth', 0, null);
INSERT INTO public.eth_contracts (id, address, created, name, network, type, underlying) VALUES (323, '0x6c3f90f043a72fa612cbac8115ee7e52bde6e490', 11277118, '3Crv', 'eth', 4, null);
INSERT INTO public.eth_contracts (id, address, created, name, network, type, underlying) VALUES (369, '0x969500b156dd8169db04cb4b3b98cc550984d4cf', 11427213, 'UNI_LP_bBADGER_WBTC', 'eth', 2, null);
INSERT INTO public.eth_contracts (id, address, created, name, network, type, underlying) VALUES (327, '0x017ec1772a45d2cf68c429a820ef374f0662c57c', 11277119, 'ST_CRV_tbtc_sbtc', 'eth', 1, null);
INSERT INTO public.eth_contracts (id, address, created, name, network, type, underlying) VALUES (328, '0x998ceb152a42a3eac1f555b1e911642bebf00fad', 11276582, 'CRV_cDAI_cUSDC', 'eth', 0, null);
INSERT INTO public.eth_contracts (id, address, created, name, network, type, underlying) VALUES (395, '0x7566126f2fd0f2dddae01bb8a6ea49b760383d5a', 12019001, '1INCH_LP_ETH_DAI', 'eth', 2, null);
INSERT INTO public.eth_contracts (id, address, created, name, network, type, underlying) VALUES (198, '0x004375dff511095cc5a197a54140a24efef3a416', 12324688, 'UNI_LP_WBTC_USDC', 'eth', 2, null);
INSERT INTO public.eth_contracts (id, address, created, name, network, type, underlying) VALUES (297, '0x8daebade922df735c38c80c7ebd708af50815faa', 11277119, 'TBTC', 'eth', 4, null);
INSERT INTO public.eth_contracts (id, address, created, name, network, type, underlying) VALUES (296, '0x2dbc7dd86c6cd87b525bd54ea73ebeebbc307f68', 11277119, 'SUSHI_LP_WBTC_TBTC', 'eth', 2, null);
INSERT INTO public.eth_contracts (id, address, created, name, network, type, underlying) VALUES (418, '0x980a07e4f64d21a0cb2ef8d4af362a79b9f5c0da', 11662004, 'UNI_LP_DAI_BSGS', 'eth', 2, null);
INSERT INTO public.eth_contracts (id, address, created, name, network, type, underlying) VALUES (355, '0xcc775989e76ab386e9253df5b0c0b473e22102e2', 11381201, 'CRV_hCRV', 'eth', 0, null);
INSERT INTO public.eth_contracts (id, address, created, name, network, type, underlying) VALUES (393, '0x4282b7b7d3d8826a058028ee0279c3f830481191', 11647695, 'CRV_oBTC_sbtcCRV_#V2', 'eth', 0, null);
INSERT INTO public.eth_contracts (id, address, created, name, network, type, underlying) VALUES (352, '0x4d5ef58aac27d99935e5b6b4a6778ff292059991', 11792093, 'UNI_LP_DPI_WETH', 'eth', 2, null);
INSERT INTO public.eth_contracts (id, address, created, name, network, type, underlying) VALUES (387, '0x5833e0b0ddd01e2a70e18cf6c6288ca8802a42e8', 11639176, 'CRV_oBTC_sbtcCRV', 'eth', 0, null);
INSERT INTO public.eth_contracts (id, address, created, name, network, type, underlying) VALUES (354, '0xad91695b4bec2798829ac7a4797e226c78f22abd', 11413982, 'ST_UNI_DPI_WETH', 'eth', 1, null);
INSERT INTO public.eth_contracts (id, address, created, name, network, type, underlying) VALUES (390, '0x53e9fb796b2feb4b3184afdf601c2a2797548d88', 11687830, 'SUSHI_LP_oBTC_WETH', 'eth', 2, null);
INSERT INTO public.eth_contracts (id, address, created, name, network, type, underlying) VALUES (394, '0xaf255ec184cc3fd6f7bb221b6a15f91289807a22', 11647744, '1INCH_ETH_DAI', 'eth', 0, null);
INSERT INTO public.eth_contracts (id, address, created, name, network, type, underlying) VALUES (389, '0x8064d9ae6cdf087b1bcd5bdf3531bd5d8c537a68', 11687830, 'oBTC', 'eth', 4, null);
INSERT INTO public.eth_contracts (id, address, created, name, network, type, underlying) VALUES (392, '0x91b5cd52fde8dbac37c95ecafef0a70ba4c182fc', 11687830, 'ST_CRV_oBTC_sbtcCRV', 'eth', 1, null);
INSERT INTO public.eth_contracts (id, address, created, name, network, type, underlying) VALUES (417, '0x7e3c4230e047349a6bd5b154194115acd5b8ef83', 11655650, 'UNI_DAI_BSGS', 'eth', 0, null);
INSERT INTO public.eth_contracts (id, address, created, name, network, type, underlying) VALUES (415, '0x4a9596e5d2f9bef50e4de092ad7181ae3c40353e', 11662009, 'UNI_LP_DAI_BSG', 'eth', 2, null);
INSERT INTO public.eth_contracts (id, address, created, name, network, type, underlying) VALUES (416, '0xb34ab2f65c6e4f764ffe740ab83f982021faed6d', 11662009, 'BSG', 'eth', 4, null);
INSERT INTO public.eth_contracts (id, address, created, name, network, type, underlying) VALUES (452, '0x4b70ccd1cf9905be1faed025eadbd3ab124efe9a', 11687906, 'UNI_LP_mGOOGL_UST', 'eth', 2, null);
INSERT INTO public.eth_contracts (id, address, created, name, network, type, underlying) VALUES (423, '0xb2b4054f50d5feba40af7759f4619f6b68a95520', 11655695, 'ST_UNI_DAI_BSG', 'eth', 1, null);
INSERT INTO public.eth_contracts (id, address, created, name, network, type, underlying) VALUES (455, '0xc800982d906671637e23e031e907d2e3487291bc', 11681066, 'UNI_mTSLA_UST_#V1', 'eth', 0, null);
INSERT INTO public.eth_contracts (id, address, created, name, network, type, underlying) VALUES (438, '0x94e131324b6054c0d789b190b2dac504e4361b53', 11687847, 'ust3CRV', 'eth', 4, '0xa47c8bf37f92abed4a126bda807a7b7498661acd');
INSERT INTO public.eth_contracts (id, address, created, name, network, type, underlying) VALUES (424, '0x08c795e57ff0c2695ea8733cf04ab75af3909e5a', 11655701, 'ST_UNI_DAI_BSGS', 'eth', 1, null);
INSERT INTO public.eth_contracts (id, address, created, name, network, type, underlying) VALUES (447, '0x8334a61012a779169725fcc43adcff1f581350b7', 11681036, 'UNI_mAMZN_UST', 'eth', 0, null);
INSERT INTO public.eth_contracts (id, address, created, name, network, type, underlying) VALUES (425, '0x639d4f3f41daa5f4b94d63c2a5f3e18139ba9e54', 11660621, 'UNI_DAI_BSG_#V1', 'eth', 0, null);
INSERT INTO public.eth_contracts (id, address, created, name, network, type, underlying) VALUES (426, '0x633c4861a4e9522353eda0bb652878b079fb75fd', 11660630, 'UNI_DAI_BSGS_#V1', 'eth', 0, null);
INSERT INTO public.eth_contracts (id, address, created, name, network, type, underlying) VALUES (572, '0x079158beca3c0ee6ae44b43357c6317e339ddc69', 12226577, 'ST_UNI_MVI_WETH', 'eth', 1, null);
INSERT INTO public.eth_contracts (id, address, created, name, network, type, underlying) VALUES (464, '0x2e25800957742c52b4d69b65f9c67abc5ccbffe6', 11687856, 'ST_CRV_steCRV', 'eth', 1, null);
INSERT INTO public.eth_contracts (id, address, created, name, network, type, underlying) VALUES (453, '0x59a921db27dd6d4d974745b7ffc5c33932653442', 11687906, 'mGOOGL', 'eth', 4, null);
INSERT INTO public.eth_contracts (id, address, created, name, network, type, underlying) VALUES (429, '0x3a0f8be248402a85b1557d434074b84e640f3793', 11661125, 'ST_UNI_DAI_BSGS_#V2', 'eth', 1, null);
INSERT INTO public.eth_contracts (id, address, created, name, network, type, underlying) VALUES (436, '0xf4d50f60d53a230abc8268c6697972cb255cd940', 11687845, 'ST_CRV_eursCRV', 'eth', 1, null);
INSERT INTO public.eth_contracts (id, address, created, name, network, type, underlying) VALUES (569, '0x5ea74c6abf0e523fdecfe218ccb3d2fde2339613', 12226573, 'UNI_MVI_WETH', 'eth', 0, null);
INSERT INTO public.eth_contracts (id, address, created, name, network, type, underlying) VALUES (461, '0xc27bfe32e0a934a12681c1b35acf0dba0e7460ba', 11686114, 'CRV_steCRV', 'eth', 0, null);
INSERT INTO public.eth_contracts (id, address, created, name, network, type, underlying) VALUES (437, '0x5c5f87cabdeb5c57192174ef11b2ce6625f0c7a5', 11680874, 'CRV_ust3CRV', 'eth', 0, null);
INSERT INTO public.eth_contracts (id, address, created, name, network, type, underlying) VALUES (441, '0x84a1dfadd698886a614fd70407936816183c0a02', 11680901, 'CRV_ust3CRV_#V1', 'eth', 0, null);
INSERT INTO public.eth_contracts (id, address, created, name, network, type, underlying) VALUES (463, '0xeeeeeeeeeeeeeeeeeeeeeeeeeeeeeeeeeeeeeeee', 11687856, '?', 'eth', 4, null);
INSERT INTO public.eth_contracts (id, address, created, name, network, type, underlying) VALUES (462, '0x06325440d014e39736583c165c2963ba99faf14e', 11687856, 'steCRV', 'eth', 4, '0xeeeeeeeeeeeeeeeeeeeeeeeeeeeeeeeeeeeeeeee');
INSERT INTO public.eth_contracts (id, address, created, name, network, type, underlying) VALUES (430, '0x7ac7cd6776208d316861f46eb99dcaf5faece3f0', 11661526, 'UNI_DAI_BSG_#V2', 'eth', 0, null);
INSERT INTO public.eth_contracts (id, address, created, name, network, type, underlying) VALUES (431, '0x3483ad82d405b9ab480ec061dae3c62dbe538cba', 11661548, 'ST_UNI_DAI_BSG_#V2', 'eth', 1, null);
INSERT INTO public.eth_contracts (id, address, created, name, network, type, underlying) VALUES (434, '0xdb25f211ab05b1c97d595516f45794528a807ad8', 11703947, 'EURS', 'eth', 4, null);
INSERT INTO public.eth_contracts (id, address, created, name, network, type, underlying) VALUES (428, '0x63e7d3f6e208cce4967b7a0e6a50a397af0b0e7a', 11662004, 'ST_UNI_DAI_BSGS_#V1', 'eth', 1, null);
INSERT INTO public.eth_contracts (id, address, created, name, network, type, underlying) VALUES (435, '0x767055e2a9f15783b1ec5ef134a89acf3165332f', 11703947, 'UNI_LP_USDC_EURS', 'eth', 2, null);
INSERT INTO public.eth_contracts (id, address, created, name, network, type, underlying) VALUES (419, '0xa9d232cc381715ae791417b624d7c4509d2c28db', 11662004, 'BSGS', 'eth', 4, null);
INSERT INTO public.eth_contracts (id, address, created, name, network, type, underlying) VALUES (568, '0x269fa8c40062692cfd5494e5ec7dad64745b45af', 12398449, 'ST_UNI_MEME20_WETH', 'eth', 1, null);
INSERT INTO public.eth_contracts (id, address, created, name, network, type, underlying) VALUES (427, '0xf5b221e1d9c3a094fb6847bc3e241152772bbbf8', 11662009, 'ST_UNI_DAI_BSG_#V1', 'eth', 1, null);
INSERT INTO public.eth_contracts (id, address, created, name, network, type, underlying) VALUES (443, '0xe6bf65e5a94bf8b3b3e0045bbaf9c1cb24368427', 11681002, 'UNI_mTSLA_UST', 'eth', 0, null);
INSERT INTO public.eth_contracts (id, address, created, name, network, type, underlying) VALUES (571, '0x72e364f2abdc788b7e918bc238b21f109cd634d7', 12226577, 'MVI', 'eth', 4, null);
INSERT INTO public.eth_contracts (id, address, created, name, network, type, underlying) VALUES (433, '0x194ebd173f6cdace046c53eacce9b953f28411d1', 11703947, 'eursCRV', 'eth', 4, '0xdb25f211ab05b1c97d595516f45794528a807ad8');
INSERT INTO public.eth_contracts (id, address, created, name, network, type, underlying) VALUES (479, '0x106538cc16f938776c7c180186975bca23875287', 12382155, 'BASv2', 'eth', 4, null);
INSERT INTO public.eth_contracts (id, address, created, name, network, type, underlying) VALUES (451, '0x07dbe6aa35ef70dad124f4e2b748ffa6c9e1963a', 11681051, 'UNI_mGOOGL_UST', 'eth', 0, null);
INSERT INTO public.eth_contracts (id, address, created, name, network, type, underlying) VALUES (446, '0x056e01b3566f10b98f5130c819de34ee535b4924', 11681016, 'ST_UNI_mTSLA_UST', 'eth', 1, null);
INSERT INTO public.eth_contracts (id, address, created, name, network, type, underlying) VALUES (342, '0x397ff1542f962076d0bfe58ea045ffa2d347aca0', 12398449, 'SUSHI_LP_USDC_WETH', 'eth', 2, null);
INSERT INTO public.eth_contracts (id, address, created, name, network, type, underlying) VALUES (478, '0x3e78f2e7dade07ea685f8612f00477fd97162f1e', 12382155, 'UNI_LP_BASv2_DAI', 'eth', 2, null);
INSERT INTO public.eth_contracts (id, address, created, name, network, type, underlying) VALUES (477, '0x10f1fc85eaa1f064e38eeffda82fba414841f438', 11867412, 'ST_CRV_a3CRV', 'eth', 1, null);
INSERT INTO public.eth_contracts (id, address, created, name, network, type, underlying) VALUES (456, '0x40c34b0e1bb6984810e17474c6b0bcc6a6b46614', 11687910, 'ST_UNI_mTSLA_UST_#V1', 'eth', 1, null);
INSERT INTO public.eth_contracts (id, address, created, name, network, type, underlying) VALUES (457, '0x11804d69acac6ae9466798325fa7de023f63ab53', 11681745, 'UNI_UST_mAAPL', 'eth', 0, null);
INSERT INTO public.eth_contracts (id, address, created, name, network, type, underlying) VALUES (566, '0xe14f1283059afa8d3c9c52eff76fe91854f5d1b3', 12398449, 'UNI_LP_MEME20_WETH', 'eth', 2, null);
INSERT INTO public.eth_contracts (id, address, created, name, network, type, underlying) VALUES (444, '0x5233349957586a8207c52693a959483f9aeaa50c', 11687910, 'UNI_LP_mTSLA_UST', 'eth', 2, null);
INSERT INTO public.eth_contracts (id, address, created, name, network, type, underlying) VALUES (460, '0xc02d1da469d68adc651dd135d1a7f6b42f4d1a57', 11687889, 'ST_UNI_UST_mAAPL', 'eth', 1, null);
INSERT INTO public.eth_contracts (id, address, created, name, network, type, underlying) VALUES (484, '0x16b5089ed717409849b2748ac73adfbfe7ec0301', 11914920, 'ST_1INCH_ETH_1INCH', 'eth', 1, null);
INSERT INTO public.eth_contracts (id, address, created, name, network, type, underlying) VALUES (450, '0x8dc427cbcc75cae58dd4f386979eba6662f5c158', 11687891, 'ST_UNI_mAMZN_UST', 'eth', 1, null);
INSERT INTO public.eth_contracts (id, address, created, name, network, type, underlying) VALUES (475, '0xfd2a8fa60abd58efe3eee34dd494cd491dc14900', 11867412, 'a3CRV', 'eth', 4, '0x028171bca77440897b824ca71d1c56cac55b68a3');
INSERT INTO public.eth_contracts (id, address, created, name, network, type, underlying) VALUES (448, '0x0ae8cb1f57e3b1b7f4f5048743710084aa69e796', 11687891, 'UNI_LP_mAMZN_UST', 'eth', 2, null);
INSERT INTO public.eth_contracts (id, address, created, name, network, type, underlying) VALUES (449, '0x0cae9e4d663793c2a2a0b211c1cf4bbca2b9caa7', 11687891, 'mAMZN', 'eth', 4, null);
INSERT INTO public.eth_contracts (id, address, created, name, network, type, underlying) VALUES (458, '0xb022e08adc8ba2de6ba4fecb59c6d502f66e953b', 11687889, 'UNI_LP_UST_mAAPL', 'eth', 2, null);
INSERT INTO public.eth_contracts (id, address, created, name, network, type, underlying) VALUES (469, '0x5ade382f38a09a1f8759d06ffe2067992ab5c78e', 11777501, 'SUSHI_SUSHI_WETH', 'eth', 0, null);
INSERT INTO public.eth_contracts (id, address, created, name, network, type, underlying) VALUES (482, '0x111111111117dc0aa78b770fa6a738034120c302', 12095714, '1INCH', 'eth', 4, null);
INSERT INTO public.eth_contracts (id, address, created, name, network, type, underlying) VALUES (445, '0x21ca39943e91d704678f5d00b6616650f066fd63', 11687910, 'mTSLA', 'eth', 4, null);
INSERT INTO public.eth_contracts (id, address, created, name, network, type, underlying) VALUES (472, '0x16fbb193f99827c92a4cc22efe8ed7390465bfa3', 11823937, 'ST_SUSHI_SUSHI_WETH_#V1', 'eth', 1, null);
INSERT INTO public.eth_contracts (id, address, created, name, network, type, underlying) VALUES (470, '0x795065dcc9f64b5614c407a6efdc400da6221fb0', 12134782, 'SUSHI_LP_SUSHI_WETH', 'eth', 2, null);
INSERT INTO public.eth_contracts (id, address, created, name, network, type, underlying) VALUES (459, '0xd36932143f6ebdedd872d5fb0651f4b72fd15a84', 11687889, 'mAAPL', 'eth', 4, null);
INSERT INTO public.eth_contracts (id, address, created, name, network, type, underlying) VALUES (439, '0xa47c8bf37f92abed4a126bda807a7b7498661acd', 12048827, 'UST', 'eth', 4, null);
INSERT INTO public.eth_contracts (id, address, created, name, network, type, underlying) VALUES (440, '0xc50ef7861153c51d383d9a7d48e6c9467fb90c38', 12048827, 'UNI_LP_UST_USDT', 'eth', 2, null);
INSERT INTO public.eth_contracts (id, address, created, name, network, type, underlying) VALUES (442, '0xddb5d3ccd968df64ce48b577776bdc29ebd3120e', 11687847, 'ST_CRV_ust3CRV', 'eth', 1, null);
INSERT INTO public.eth_contracts (id, address, created, name, network, type, underlying) VALUES (422, '0x7c497298d9576499e17f9564ce4e13faa87a9b33', 11687843, 'ST_DSD', 'eth', 1, null);
INSERT INTO public.eth_contracts (id, address, created, name, network, type, underlying) VALUES (473, '0x380d1862488e7096a9f16d4f7145c0d9a9e47085', 11830627, 'CRV_gusd3CRV_#V1', 'eth', 0, null);
INSERT INTO public.eth_contracts (id, address, created, name, network, type, underlying) VALUES (465, '0x26d8151e631608570f3c28bec769c3afee0d73a3', 11775988, 'SUSHI_LP_USDC_DSD', 'eth', 2, null);
INSERT INTO public.eth_contracts (id, address, created, name, network, type, underlying) VALUES (398, '0xb4db55a20e0624edd82a0cf356e3488b4669bd27', 12019277, '1INCH_LP_ETH_USDC', 'eth', 2, null);
INSERT INTO public.eth_contracts (id, address, created, name, network, type, underlying) VALUES (466, '0xb8671e33fcfc7fea2f7a3ea4a117f065ec4b009e', 11745396, 'CRV_gusd3CRV', 'eth', 0, null);
INSERT INTO public.eth_contracts (id, address, created, name, network, type, underlying) VALUES (432, '0x6eb941bd065b8a5bd699c5405a928c1f561e2e5a', 11703947, 'CRV_eursCRV', 'eth', 0, null);
INSERT INTO public.eth_contracts (id, address, created, name, network, type, underlying) VALUES (454, '0xfe83a00df3a98de218c08719faf7e3741b220d0d', 11687906, 'ST_UNI_mGOOGL_UST', 'eth', 1, null);
INSERT INTO public.eth_contracts (id, address, created, name, network, type, underlying) VALUES (471, '0x12e75bb878b26a1cbfc0c1704654aa1423b07f5a', 11777527, 'ST_SUSHI_SUSHI_WETH', 'eth', 1, null);
INSERT INTO public.eth_contracts (id, address, created, name, network, type, underlying) VALUES (474, '0xc3ef8c4043d7cf1d15b6bb4cd307c844e0ba9d42', 11830929, 'CRV_a3CRV', 'eth', 0, null);
INSERT INTO public.eth_contracts (id, address, created, name, network, type, underlying) VALUES (480, '0xfca949e34ecd9de519542cf02054de707cf361ce', 12063637, '1INCH_ETH_1INCH', 'eth', 0, null);
INSERT INTO public.eth_contracts (id, address, created, name, network, type, underlying) VALUES (468, '0x538613a19eb84d86a4ccfcb63548244a52ab0b68', 12093879, 'ST_CRV_gusd3CRV', 'eth', 1, null);
INSERT INTO public.eth_contracts (id, address, created, name, network, type, underlying) VALUES (476, '0x028171bca77440897b824ca71d1c56cac55b68a3', 11867412, 'aDAI', 'eth', 4, null);
INSERT INTO public.eth_contracts (id, address, created, name, network, type, underlying) VALUES (467, '0xd2967f45c4f384deea880f807be904762a3dea07', 12093879, 'gusd3CRV', 'eth', 4, null);
INSERT INTO public.eth_contracts (id, address, created, name, network, type, underlying) VALUES (497, '0xb4e3fc276532f27bd0f738928ce083a3b064ba61', 12141756, 'UNI_WBTC_KlonX', 'eth', 0, null);
INSERT INTO public.eth_contracts (id, address, created, name, network, type, underlying) VALUES (573, '0x26193024f481aa987fc5230e107f1651b3e01741', 12226912, 'UNI_KXUSD_DAI', 'eth', 0, null);
INSERT INTO public.eth_contracts (id, address, created, name, network, type, underlying) VALUES (519, '0x4d4b6f8efb685b774234fd427201b3a9bf36ffc8', 11998972, 'SUSHI_WETH_USDT_#V1', 'eth', 0, null);
INSERT INTO public.eth_contracts (id, address, created, name, network, type, underlying) VALUES (510, '0x274aa8b58e8c57c4e347c8768ed853eb6d375b48', 12134782, 'SUSHI', 'eth', 0, null);
INSERT INTO public.eth_contracts (id, address, created, name, network, type, underlying) VALUES (523, '0x0c67fba277a3fe1b0a792ef5bc798cbbda15a7f5', 12048823, 'ST_SUSHI_WETH_USDT_#V1', 'eth', 1, null);
INSERT INTO public.eth_contracts (id, address, created, name, network, type, underlying) VALUES (520, '0x5774260ccd87f4fffc4456260857207fc8bcb89a', 11998978, 'SUSHI_USDC_WETH_#V1', 'eth', 0, null);
INSERT INTO public.eth_contracts (id, address, created, name, network, type, underlying) VALUES (512, '0x24c562e24a4b5d905f16f2391e07213efcfd216e', 11954289, 'CRV_linkCRV', 'eth', 0, null);
INSERT INTO public.eth_contracts (id, address, created, name, network, type, underlying) VALUES (570, '0x4d3c5db2c68f6859e0cd05d080979f597dd64bff', 12226577, 'UNI_LP_MVI_WETH', 'eth', 2, null);
INSERT INTO public.eth_contracts (id, address, created, name, network, type, underlying) VALUES (499, '0x99c2564c9d4767c13e13f38ab073d4758af396ae', 11953909, 'UNI_UST_mNFLX', 'eth', 0, null);
INSERT INTO public.eth_contracts (id, address, created, name, network, type, underlying) VALUES (527, '0x02d77f6925f4ef89ee2c35eb3dd5793f5695356f', 12016869, 'CRV_usdp3CRV', 'eth', 0, null);
INSERT INTO public.eth_contracts (id, address, created, name, network, type, underlying) VALUES (521, '0x29ec64560ab14d3166222bf07c3f29c4916e0027', 11998982, 'SUSHI_DAI_WETH_#V2', 'eth', 0, null);
INSERT INTO public.eth_contracts (id, address, created, name, network, type, underlying) VALUES (545, '0x3b808a7d8ccdf8893d1360ff421bef4440376842', 12398429, 'ST_UNI_DUDES20_WETH', 'eth', 1, null);
INSERT INTO public.eth_contracts (id, address, created, name, network, type, underlying) VALUES (546, '0xc5fc56779b5925218d2cdac093d0bfc6de7cc2d1', 12398438, 'ST_UNI_WETH_MASK20', 'eth', 1, null);
INSERT INTO public.eth_contracts (id, address, created, name, network, type, underlying) VALUES (547, '0x14ac1bddd9160866590c6c4ec16853a1510845b9', 12398441, 'ST_UNI_ROPE20_WETH', 'eth', 1, null);
INSERT INTO public.eth_contracts (id, address, created, name, network, type, underlying) VALUES (488, '0xf4ead5142749316c8ca141959b510862fbba1807', 11921286, 'ST_UNI_WBTC_KBTC', 'eth', 1, null);
INSERT INTO public.eth_contracts (id, address, created, name, network, type, underlying) VALUES (206, '0xb4e16d0168e52d35cacd2c6185b44281ec28c9dc', 12375473, 'UNI_LP_USDC_WETH', 'eth', 2, null);
INSERT INTO public.eth_contracts (id, address, created, name, network, type, underlying) VALUES (525, '0xf5833723b150929d1fddf785ed9d92eee722387d', 12048818, 'ST_SUSHI_DAI_WETH_#V2', 'eth', 1, null);
INSERT INTO public.eth_contracts (id, address, created, name, network, type, underlying) VALUES (496, '0xdd496a6ba1b4cf2b3ef42def132e2b2c570941fe', 12048812, 'ST_UNI_WBTC_KBTC_#V1', 'eth', 1, null);
INSERT INTO public.eth_contracts (id, address, created, name, network, type, underlying) VALUES (485, '0x8a0f6b8a53556bdceddb5c710bb8f27f4bea33e7', 11921413, 'UNI_WBTC_KBTC', 'eth', 0, null);
INSERT INTO public.eth_contracts (id, address, created, name, network, type, underlying) VALUES (540, '0xc2bde1a2fa26890c8e6acb10c91cc6d9c11f4a73', 12398438, 'MASK20', 'eth', 4, null);
INSERT INTO public.eth_contracts (id, address, created, name, network, type, underlying) VALUES (491, '0xa860a99ba32f1768a4b46d898beae303637f0bc7', 11921421, 'UNI_WBTC_KLON', 'eth', 0, null);
INSERT INTO public.eth_contracts (id, address, created, name, network, type, underlying) VALUES (532, '0xc45d471c77ff31c39474d68a5080fe1ffacdbc04', 12388412, 'UNI_MUSE_WETH', 'eth', 0, null);
INSERT INTO public.eth_contracts (id, address, created, name, network, type, underlying) VALUES (535, '0x1e5f4e7127ea3981551d2bf97dcc8f17a4ecebef', 12388420, 'UNI_DUDES20_WETH', 'eth', 0, null);
INSERT INTO public.eth_contracts (id, address, created, name, network, type, underlying) VALUES (504, '0x34856be886a2dba5f7c38c4df7fd86869ab08040', 12048811, 'UNI_LP_UST_mTWTR', 'eth', 2, null);
INSERT INTO public.eth_contracts (id, address, created, name, network, type, underlying) VALUES (494, '0x59a87ab7407371b933cad65001400342519a79bb', 11921433, 'ST_UNI_WBTC_KLON', 'eth', 1, null);
INSERT INTO public.eth_contracts (id, address, created, name, network, type, underlying) VALUES (503, '0xb37c79f954e3e1a4accc14a5cca3e46f226038b7', 11954001, 'UNI_UST_mTWTR', 'eth', 0, null);
INSERT INTO public.eth_contracts (id, address, created, name, network, type, underlying) VALUES (490, '0x91370d9265b37469e8414e002ed3036a52d4f951', 12398449, 'UNI_LP_iFARM_WETH', 'eth', 2, null);
INSERT INTO public.eth_contracts (id, address, created, name, network, type, underlying) VALUES (489, '0x1571ed0bed4d987fe2b498ddbae7dfa19519f651', 12398449, 'iFARM', 'eth', 4, null);
INSERT INTO public.eth_contracts (id, address, created, name, network, type, underlying) VALUES (524, '0x378c314028071c92efe15d6990b6cf93594fcb9d', 12048825, 'ST_SUSHI_USDC_WETH_#V1', 'eth', 1, null);
INSERT INTO public.eth_contracts (id, address, created, name, network, type, underlying) VALUES (538, '0xf2a671645d0df54d2f03e9ad7916c8f7368d1c29', 12388428, 'UNI_WETH_MASK20', 'eth', 0, null);
INSERT INTO public.eth_contracts (id, address, created, name, network, type, underlying) VALUES (487, '0xe6c3502997f97f9bde34cb165fbce191065e068f', 12141582, 'KBTC', 'eth', 4, null);
INSERT INTO public.eth_contracts (id, address, created, name, network, type, underlying) VALUES (502, '0x937d4b84f139bec548b825fdce33b172c5bf755a', 12048810, 'ST_UNI_UST_mNFLX', 'eth', 1, null);
INSERT INTO public.eth_contracts (id, address, created, name, network, type, underlying) VALUES (526, '0x08aa65118996eaa61372b65978cfa684f2c749b2', 12048819, 'ST_SUSHI_WBTC_WETH_#V1', 'eth', 1, null);
INSERT INTO public.eth_contracts (id, address, created, name, network, type, underlying) VALUES (511, '0xf550804ebd6f89cdc9ec8e92ce8de91a2f64a82e', 12048829, 'ST_SUSHI_#V1', 'eth', 1, null);
INSERT INTO public.eth_contracts (id, address, created, name, network, type, underlying) VALUES (522, '0xb677bca369f2523f62862f88d83471d892dd55b9', 11998985, 'SUSHI_WBTC_WETH_#V1', 'eth', 0, null);
INSERT INTO public.eth_contracts (id, address, created, name, network, type, underlying) VALUES (544, '0x743bd82331cae227fa2c8c97f345a6846f8383b1', 12398425, 'ST_UNI_MUSE_WETH', 'eth', 1, null);
INSERT INTO public.eth_contracts (id, address, created, name, network, type, underlying) VALUES (516, '0x84bae33581a5d35d636a36b983b22f3ca3bb06af', 11979999, 'SUSHI_DAI_WETH_#V1', 'eth', 0, null);
INSERT INTO public.eth_contracts (id, address, created, name, network, type, underlying) VALUES (541, '0xaf9486e3da0ce8d125af9b256b3ecd104a3031b9', 12388442, 'UNI_ROPE20_WETH', 'eth', 0, null);
INSERT INTO public.eth_contracts (id, address, created, name, network, type, underlying) VALUES (509, '0x59eeb34065db1621c68d26f37ffeff3a89e5fa8b', 12048827, 'ST_SUSHI_UST_WETH', 'eth', 1, null);
INSERT INTO public.eth_contracts (id, address, created, name, network, type, underlying) VALUES (517, '0x06c54763514a167db92ba2684ac2ea0142df90fc', 11980008, 'ST_1INCH_ETH_1INCH_#V1', 'eth', 1, null);
INSERT INTO public.eth_contracts (id, address, created, name, network, type, underlying) VALUES (507, '0x4d4d85c6a1ffe6bb7a1bef51c9e2282893fee521', 11954056, 'SUSHI_UST_WETH', 'eth', 0, null);
INSERT INTO public.eth_contracts (id, address, created, name, network, type, underlying) VALUES (533, '0x20d2c17d1928ef4290bf17f922a10eaa2770bf43', 12398425, 'UNI_LP_MUSE_WETH', 'eth', 2, null);
INSERT INTO public.eth_contracts (id, address, created, name, network, type, underlying) VALUES (157, '0xa0246c9032bc3a600820415ae600c6388619a14d', 12093879, 'FARM', 'eth', 4, null);
INSERT INTO public.eth_contracts (id, address, created, name, network, type, underlying) VALUES (481, '0x0ef1b8a0e726fc3948e15b23993015eb1627f210', 12063637, '1INCH_LP_ETH_1INCH', 'eth', 2, null);
INSERT INTO public.eth_contracts (id, address, created, name, network, type, underlying) VALUES (492, '0x734e48a1ffea1cdf4f5172210c322f3990d6d760', 12141443, 'UNI_LP_WBTC_KLON', 'eth', 2, null);
INSERT INTO public.eth_contracts (id, address, created, name, network, type, underlying) VALUES (534, '0xb6ca7399b4f9ca56fc27cbff44f4d2e4eef1fc81', 12398425, 'MUSE', 'eth', 4, null);
INSERT INTO public.eth_contracts (id, address, created, name, network, type, underlying) VALUES (493, '0xb97d5cf2864fb0d08b34a484ff48d5492b2324a0', 12141443, 'KLON', 'eth', 4, null);
INSERT INTO public.eth_contracts (id, address, created, name, network, type, underlying) VALUES (530, '0xb0484fb3ac155aaf7d024b20f1a569ddd6332c32', 12093963, 'SUSHI_LP_USDP_WETH', 'eth', 2, null);
INSERT INTO public.eth_contracts (id, address, created, name, network, type, underlying) VALUES (518, '0x695a1c24f1de5e3fa7012496163ad0adba3f5a3c', 11980012, 'ST_SUSHI_DAI_WETH_#V1', 'eth', 1, null);
INSERT INTO public.eth_contracts (id, address, created, name, network, type, underlying) VALUES (365, '0x56feaccb7f750b997b36a68625c7c596f0b41a58', 12093879, 'UNI_LP_FARM_WETH', 'eth', 2, null);
INSERT INTO public.eth_contracts (id, address, created, name, network, type, underlying) VALUES (528, '0x7eb40e450b9655f4b3cc4259bcc731c63ff55ae6', 12093963, 'usdp3CRV', 'eth', 4, '0x1456688345527be1f37e9e627da0837d6f08c925');
INSERT INTO public.eth_contracts (id, address, created, name, network, type, underlying) VALUES (531, '0x15aeb9b209fec67c672dbf5113827dab0b80f390', 12093963, 'ST_CRV_usdp3CRV', 'eth', 1, null);
INSERT INTO public.eth_contracts (id, address, created, name, network, type, underlying) VALUES (514, '0xd8c8a2b125527bf97c8e4845b25de7e964468f77', 12048807, 'UNI_LP_LINK_USDC', 'eth', 2, null);
INSERT INTO public.eth_contracts (id, address, created, name, network, type, underlying) VALUES (539, '0xaa617c8726adfde9e7b08746457e6b90ddb21480', 12398438, 'UNI_LP_WETH_MASK20', 'eth', 2, null);
INSERT INTO public.eth_contracts (id, address, created, name, network, type, underlying) VALUES (483, '0x26aad2da94c59524ac0d93f6d6cbf9071d7086f2', 12095714, 'UNI_LP_1INCH_WETH', 'eth', 2, null);
INSERT INTO public.eth_contracts (id, address, created, name, network, type, underlying) VALUES (543, '0xb3cdc594d8c8e8152d99f162cf8f9edfdc0a80a2', 12398441, 'ROPE20', 'eth', 4, null);
INSERT INTO public.eth_contracts (id, address, created, name, network, type, underlying) VALUES (529, '0x1456688345527be1f37e9e627da0837d6f08c925', 12093963, 'USDP', 'eth', 4, null);
INSERT INTO public.eth_contracts (id, address, created, name, network, type, underlying) VALUES (515, '0x9c6fbdbf59808cd920fdb166c25e2e9fcf708dd1', 12048807, 'ST_CRV_linkCRV', 'eth', 1, null);
INSERT INTO public.eth_contracts (id, address, created, name, network, type, underlying) VALUES (513, '0xcee60cfa923170e4f8204ae08b4fa6a3f5656f3a', 12048807, 'linkCRV', 'eth', 4, '0x514910771af9ca656af840dff83e8264ecf986ca');
INSERT INTO public.eth_contracts (id, address, created, name, network, type, underlying) VALUES (498, '0x719d70457658358f2e785b38307cfe24071b7417', 12048815, 'ST_UNI_WBTC_KLON_#V1', 'eth', 1, null);
INSERT INTO public.eth_contracts (id, address, created, name, network, type, underlying) VALUES (500, '0xc99a74145682c4b4a6e9fa55d559eb49a6884f75', 12048810, 'UNI_LP_UST_mNFLX', 'eth', 2, null);
INSERT INTO public.eth_contracts (id, address, created, name, network, type, underlying) VALUES (506, '0x677ad66025063be55b070685e618a84ff3dd62be', 12048811, 'ST_UNI_UST_mTWTR', 'eth', 1, null);
INSERT INTO public.eth_contracts (id, address, created, name, network, type, underlying) VALUES (501, '0xc8d674114bac90148d11d3c1d33c61835a0f9dcd', 12048810, 'mNFLX', 'eth', 4, null);
INSERT INTO public.eth_contracts (id, address, created, name, network, type, underlying) VALUES (505, '0xedb0414627e6f1e3f082de65cd4f9c693d78cca9', 12048811, 'mTWTR', 'eth', 4, null);
INSERT INTO public.eth_contracts (id, address, created, name, network, type, underlying) VALUES (495, '0x5cd9db40639013a08d797a839c9becd6ec5dcd4d', 12141582, 'UNI_WBTC_KBTC_#V1', 'eth', 0, null);
INSERT INTO public.eth_contracts (id, address, created, name, network, type, underlying) VALUES (486, '0x1f3d61248ec81542889535595903078109707941', 12141582, 'UNI_LP_WBTC_KBTC', 'eth', 2, null);
INSERT INTO public.eth_contracts (id, address, created, name, network, type, underlying) VALUES (508, '0x8b00ee8606cc70c2dce68dea0cefe632cca0fb7b', 12048827, 'SUSHI_LP_UST_WETH', 'eth', 2, null);
INSERT INTO public.eth_contracts (id, address, created, name, network, type, underlying) VALUES (559, '0x69cda6eda9986f7fca8a5dba06c819b535f4fc50', 12141756, 'UNI_LP_WBTC_KlonX', 'eth', 2, null);
INSERT INTO public.eth_contracts (id, address, created, name, network, type, underlying) VALUES (550, '0x516658d83a68747c34fd5aecba7068ad4bd4783d', 12063524, 'ST_1INCH_1INCH_USDC', 'eth', 1, null);
INSERT INTO public.eth_contracts (id, address, created, name, network, type, underlying) VALUES (560, '0xbf15797bb5e47f6fb094a4abdb2cfc43f77179ef', 12141756, 'KlonX', 'eth', 4, null);
INSERT INTO public.eth_contracts (id, address, created, name, network, type, underlying) VALUES (554, '0xd8a3c7d1deccb8445a4391f6052e5a0726f2f270', 12063572, 'ST_1INCH_1INCH_WBTC', 'eth', 1, null);
INSERT INTO public.eth_contracts (id, address, created, name, network, type, underlying) VALUES (536, '0x04914cb01eec94e320e3a88b3c7a7e9b1609d13c', 12398429, 'UNI_LP_DUDES20_WETH', 'eth', 2, null);
INSERT INTO public.eth_contracts (id, address, created, name, network, type, underlying) VALUES (551, '0xc492ff23bc32c078ad429a93d61aeca7acd47628', 12063572, 'SUSHI_LP_iFARM_WETH', 'eth', 2, null);
INSERT INTO public.eth_contracts (id, address, created, name, network, type, underlying) VALUES (537, '0x2313e39841fb3809da0ff6249c2067ca84795846', 12398429, 'DUDES20', 'eth', 4, null);
INSERT INTO public.eth_contracts (id, address, created, name, network, type, underlying) VALUES (585, '0xab2e513c9f92a7b0f36f7feef680cd0f502b23dc', 12375473, 'ST_UNI_COMFI_WETH', 'eth', 1, null);
INSERT INTO public.eth_contracts (id, address, created, name, network, type, underlying) VALUES (583, '0xe9c966bc01b4f14c0433800efbffef4f81540a97', 12375473, 'UNI_LP_COMFI_WETH', 'eth', 2, null);
INSERT INTO public.eth_contracts (id, address, created, name, network, type, underlying) VALUES (584, '0x752efadc0a7e05ad1bcccda22c141d01a75ef1e4', 12375473, 'COMFI', 'eth', 4, null);
INSERT INTO public.eth_contracts (id, address, created, name, network, type, underlying) VALUES (552, '0xddb4669f39c03a6eda92ffb5b78a9c1a74615f1b', 12095699, '1INCH_1INCH_WBTC', 'eth', 0, null);
INSERT INTO public.eth_contracts (id, address, created, name, network, type, underlying) VALUES (553, '0xe179d801e6882e628d6ce58b94b3c41e35c8518a', 12095699, '1INCH_LP_1INCH_WBTC', 'eth', 2, null);
INSERT INTO public.eth_contracts (id, address, created, name, network, type, underlying) VALUES (542, '0x95acf4ba2c53e31db1459172332d52baac433bb3', 12398441, 'UNI_LP_ROPE20_WETH', 'eth', 2, null);
INSERT INTO public.eth_contracts (id, address, created, name, network, type, underlying) VALUES (548, '0xf174dddd9dbffeaea5d908a77d695a77e53025b3', 12095714, '1INCH_1INCH_USDC', 'eth', 0, null);
INSERT INTO public.eth_contracts (id, address, created, name, network, type, underlying) VALUES (549, '0x69ab07348f51c639ef81d7991692f0049b10d522', 12095714, '1INCH_LP_1INCH_USDC', 'eth', 2, null);
INSERT INTO public.eth_contracts (id, address, created, name, network, type, underlying) VALUES (558, '0xe7e1c3624188052a2367b63048a32a7429980113', 12398443, 'ST_UNI_WETH_MCAT20', 'eth', 1, null);
INSERT INTO public.eth_contracts (id, address, created, name, network, type, underlying) VALUES (576, '0x8e54bb5e1411be9c776b17b0cd267f2955377e32', 12226915, 'ST_UNI_KXUSD_DAI', 'eth', 1, null);
INSERT INTO public.eth_contracts (id, address, created, name, network, type, underlying) VALUES (574, '0x672c973155c46fc264c077a41218ddc397bb7532', 12226915, 'UNI_LP_KXUSD_DAI', 'eth', 2, null);
INSERT INTO public.eth_contracts (id, address, created, name, network, type, underlying) VALUES (575, '0x43244c686a014c49d3d5b8c4b20b4e3fab0cbda7', 12226915, 'KXUSD', 'eth', 4, null);
INSERT INTO public.eth_contracts (id, address, created, name, network, type, underlying) VALUES (556, '0x31c507636a4cab752a8a069b865099924bd5f1a9', 12398443, 'UNI_LP_WETH_MCAT20', 'eth', 2, null);
INSERT INTO public.eth_contracts (id, address, created, name, network, type, underlying) VALUES (557, '0xf961a1fa7c781ecd23689fe1d0b7f3b6cbb2f972', 12398443, 'MCAT20', 'eth', 4, null);
INSERT INTO public.eth_contracts (id, address, created, name, network, type, underlying) VALUES (577, '0x230d3e848d04516826067acb08fa6c5a552d3e62', 12323304, 'SUSHI_PERP_WETH', 'eth', 0, null);
INSERT INTO public.eth_contracts (id, address, created, name, network, type, underlying) VALUES (555, '0x0ca19915439c12b16c0a8c119ec05fa801365a15', 12388447, 'UNI_WETH_MCAT20', 'eth', 0, null);
INSERT INTO public.eth_contracts (id, address, created, name, network, type, underlying) VALUES (162, '0xc02aaa39b223fe8d0a0e5c4f27ead9083c756cc2', 12398449, 'WETH', 'eth', 4, null);
INSERT INTO public.eth_contracts (id, address, created, name, network, type, underlying) VALUES (152, '0xa0b86991c6218b36c1d19d4a2e9eb0ce3606eb48', 12398449, 'USDC', 'eth', 4, null);
INSERT INTO public.eth_contracts (id, address, created, name, network, type, underlying) VALUES (581, '0x6dc8be78e95480e5566138429089d4ca589f5a34', 12323334, 'ST_SUSHI_PERP_WETH', 'eth', 1, null);
INSERT INTO public.eth_contracts (id, address, created, name, network, type, underlying) VALUES (578, '0x8486c538dcbd6a707c5b3f730b6413286fe8c854', 12323334, 'SUSHI_LP_PERP_WETH', 'eth', 2, null);
INSERT INTO public.eth_contracts (id, address, created, name, network, type, underlying) VALUES (579, '0xbc396689893d065f41bc2c6ecbee5e0085233447', 12323334, 'PERP', 'eth', 4, null);
INSERT INTO public.eth_contracts (id, address, created, name, network, type, underlying) VALUES (580, '0xf66369997ae562bc9eec2ab9541581252f9ca383', 12323334, 'UNI_LP_PERP_WETH', 'eth', 2, null);
INSERT INTO public.eth_contracts (id, address, created, name, network, type, underlying) VALUES (561, '0xe6e0b4294ef6a518bb702402e9842df2a2abf1b1', 12388458, 'UNI_WETH_GPUNKS20', 'eth', 0, null);

INSERT INTO public.eth_tokens (id, decimals, name, symbol, updated_block, contract) VALUES (1, 18, 'Binance Beacon ETH', 'BETH', 5992193, 4);
INSERT INTO public.eth_tokens (id, decimals, name, symbol, updated_block, contract) VALUES (2, 18, 'Ethereum Token', 'ETH', 5992193, 6);
INSERT INTO public.eth_tokens (id, decimals, name, symbol, updated_block, contract) VALUES (3, 18, 'BUSD Token', 'BUSD', 5992193, 8);
INSERT INTO public.eth_tokens (id, decimals, name, symbol, updated_block, contract) VALUES (4, 18, 'BTCB Token', 'BTCB', 5992229, 11);
INSERT INTO public.eth_tokens (id, decimals, name, symbol, updated_block, contract) VALUES (5, 18, 'Venus', 'XVS', 5992243, 15);
INSERT INTO public.eth_tokens (id, decimals, name, symbol, updated_block, contract) VALUES (6, 18, 'Wrapped BNB', 'WBNB', 5992243, 17);
INSERT INTO public.eth_tokens (id, decimals, name, symbol, updated_block, contract) VALUES (7, 18, 'VAI Stablecoin', 'VAI', 5992249, 20);
INSERT INTO public.eth_tokens (id, decimals, name, symbol, updated_block, contract) VALUES (8, 18, 'PancakeSwap Token', 'Cake', 5992270, 25);
INSERT INTO public.eth_tokens (id, decimals, name, symbol, updated_block, contract) VALUES (9, 18, 'Tether USD', 'USDT', 5992290, 32);
INSERT INTO public.eth_tokens (id, decimals, name, symbol, updated_block, contract) VALUES (10, 18, 'Goose Golden Egg', 'EGG', 5992304, 37);
INSERT INTO public.eth_tokens (id, decimals, name, symbol, updated_block, contract) VALUES (11, 18, 'bDollar', 'BDO', 5992327, 43);
INSERT INTO public.eth_tokens (id, decimals, name, symbol, updated_block, contract) VALUES (12, 18, 'bDollar Share', 'sBDO', 5992341, 48);
INSERT INTO public.eth_tokens (id, decimals, name, symbol, updated_block, contract) VALUES (13, 18, 'FARM Reward Token', 'FARM', 5992726, 50);
INSERT INTO public.eth_tokens (id, decimals, name, symbol, updated_block, contract) VALUES (14, 18, '1INCH Token', '1INCH', 6186796, 71);
INSERT INTO public.eth_tokens (id, decimals, name, symbol, updated_block, contract) VALUES (15, 8, 'renBTC', 'renBTC', 6186796, 72);
INSERT INTO public.eth_tokens (id, decimals, name, symbol, updated_block, contract) VALUES (16, 18, 'Dai Token', 'DAI', 6191727, 81);
INSERT INTO public.eth_tokens (id, decimals, name, symbol, updated_block, contract) VALUES (17, 18, 'USD Coin', 'USDC', 6191872, 87);
INSERT INTO public.eth_tokens (id, decimals, name, symbol, updated_block, contract) VALUES (18, 18, 'Ellipsis.finance BUSD/USDC/USDT', '3EPS', 6534727, 95);
INSERT INTO public.eth_tokens (id, decimals, name, symbol, updated_block, contract) VALUES (19, 18, 'Ellipsis', 'EPS', 6534771, 99);
INSERT INTO public.eth_tokens (id, decimals, name, symbol, updated_block, contract) VALUES (20, 18, 'Swirl.Cash', 'SWIRL', 6619780, 103);
INSERT INTO public.eth_tokens (id, decimals, name, symbol, updated_block, contract) VALUES (21, 18, 'farm.space', 'SPACE', 6619882, 108);
INSERT INTO public.eth_tokens (id, decimals, name, symbol, updated_block, contract) VALUES (22, 18, 'bDAI+bUSDC+bUSDT+bBUSD', 'Belt.fi bDAI/bUSDC/bUSDT/bBUSD', 6619994, 114);
INSERT INTO public.eth_tokens (id, decimals, name, symbol, updated_block, contract) VALUES (23, 18, 'BELT Token', 'BELT', 6620042, 118);
INSERT INTO public.eth_tokens (id, decimals, name, symbol, updated_block, contract) VALUES (24, 6, 'Frapped USDT', 'fUSDT', 6736265, 122);
INSERT INTO public.eth_tokens (id, decimals, name, symbol, updated_block, contract) VALUES (25, 18, 'Ellipsis.finance fUSDT/3EPS', 'fusdt3EPS', 6736265, 121);
INSERT INTO public.eth_tokens (id, decimals, name, symbol, updated_block, contract) VALUES (26, 18, 'Ellipsis.finance BTCB/renBTC', 'btcEPS', 6736321, 126);
INSERT INTO public.eth_tokens (id, decimals, name, symbol, updated_block, contract) VALUES (27, 18, 'IceToken', 'ICE', 6736381, 130);
INSERT INTO public.eth_tokens (id, decimals, name, symbol, updated_block, contract) VALUES (28, 18, 'Dai Stablecoin', 'DAI', 10770103, 148);
INSERT INTO public.eth_tokens (id, decimals, name, symbol, updated_block, contract) VALUES (29, 6, 'Tether USD', 'USDT', 10770103, 150);
INSERT INTO public.eth_tokens (id, decimals, name, symbol, updated_block, contract) VALUES (30, 6, 'USD Coin', 'USDC', 10770105, 152);
INSERT INTO public.eth_tokens (id, decimals, name, symbol, updated_block, contract) VALUES (31, 18, 'Curve.fi yDAI/yUSDC/yUSDT/yTUSD', 'yDAI+yUSDC+yUSDT+yTUSD', 10770117, 155);
INSERT INTO public.eth_tokens (id, decimals, name, symbol, updated_block, contract) VALUES (32, 18, 'FARM Reward Token', 'FARM', 10770203, 157);
INSERT INTO public.eth_tokens (id, decimals, name, symbol, updated_block, contract) VALUES (33, 18, 'Wrapped Ether', 'WETH', 10776484, 162);
INSERT INTO public.eth_tokens (id, decimals, name, symbol, updated_block, contract) VALUES (34, 18, 'ChainLink Token', 'LINK', 10776491, 165);
INSERT INTO public.eth_tokens (id, decimals, name, symbol, updated_block, contract) VALUES (35, 18, 'yearn.finance', 'YFI', 10776494, 168);
INSERT INTO public.eth_tokens (id, decimals, name, symbol, updated_block, contract) VALUES (36, 18, 'SushiToken', 'SUSHI', 10776509, 171);
INSERT INTO public.eth_tokens (id, decimals, name, symbol, updated_block, contract) VALUES (37, 18, 'YFII.finance', 'YFII', 10776513, 174);
INSERT INTO public.eth_tokens (id, decimals, name, symbol, updated_block, contract) VALUES (38, 18, 'YFValue', 'YFV', 10776518, 177);
INSERT INTO public.eth_tokens (id, decimals, name, symbol, updated_block, contract) VALUES (39, 18, 'OriginToken', 'OGN', 10776522, 180);
INSERT INTO public.eth_tokens (id, decimals, name, symbol, updated_block, contract) VALUES (40, 18, 'Synth sUSD', 'sUSD', 10776537, 184);
INSERT INTO public.eth_tokens (id, decimals, name, symbol, updated_block, contract) VALUES (41, 18, '$BASED', '$BASED', 10776537, 185);
INSERT INTO public.eth_tokens (id, decimals, name, symbol, updated_block, contract) VALUES (42, 18, '', '', 10776542, 190);
INSERT INTO public.eth_tokens (id, decimals, name, symbol, updated_block, contract) VALUES (43, 18, 'Balancer Pool Token', 'BPT', 10777067, 192);
INSERT INTO public.eth_tokens (id, decimals, name, symbol, updated_block, contract) VALUES (44, 8, 'Wrapped BTC', 'WBTC', 10802976, 197);
INSERT INTO public.eth_tokens (id, decimals, name, symbol, updated_block, contract) VALUES (45, 8, 'renBTC', 'renBTC', 10802986, 200);
INSERT INTO public.eth_tokens (id, decimals, name, symbol, updated_block, contract) VALUES (46, 18, 'Balancer Pool Token', 'BPT', 10815689, 203);
INSERT INTO public.eth_tokens (id, decimals, name, symbol, updated_block, contract) VALUES (47, 18, 'Curve DAO Token', 'CRV', 10815689, 204);
INSERT INTO public.eth_tokens (id, decimals, name, symbol, updated_block, contract) VALUES (48, 18, 'Balancer Pool Token', 'BPT', 10815770, 208);
INSERT INTO public.eth_tokens (id, decimals, name, symbol, updated_block, contract) VALUES (49, 18, 'Swerve DAO Token', 'SWRV', 10815770, 209);
INSERT INTO public.eth_tokens (id, decimals, name, symbol, updated_block, contract) VALUES (50, 18, 'Balancer Pool Token', 'BPT', 10815782, 212);
INSERT INTO public.eth_tokens (id, decimals, name, symbol, updated_block, contract) VALUES (51, 18, 'Balancer Pool Token', 'BPT', 10815789, 214);
INSERT INTO public.eth_tokens (id, decimals, name, symbol, updated_block, contract) VALUES (52, 18, 'Balancer Pool Token', 'BPT', 10815799, 218);
INSERT INTO public.eth_tokens (id, decimals, name, symbol, updated_block, contract) VALUES (53, 18, 'Balancer Pool Token', 'BPT', 10815807, 221);
INSERT INTO public.eth_tokens (id, decimals, name, symbol, updated_block, contract) VALUES (54, 18, 'Balancer Pool Token', 'BPT', 10815811, 223);
INSERT INTO public.eth_tokens (id, decimals, name, symbol, updated_block, contract) VALUES (55, 18, 'Balancer Pool Token', 'BPT', 10815815, 225);
INSERT INTO public.eth_tokens (id, decimals, name, symbol, updated_block, contract) VALUES (56, 18, 'Curve.fi renBTC/wBTC', 'crvRenWBTC', 10815917, 227);
INSERT INTO public.eth_tokens (id, decimals, name, symbol, updated_block, contract) VALUES (57, 18, 'Balancer Pool Token', 'BPT', 10816802, 240);
INSERT INTO public.eth_tokens (id, decimals, name, symbol, updated_block, contract) VALUES (58, 18, 'PYLON', 'PYLON', 10816802, 241);
INSERT INTO public.eth_tokens (id, decimals, name, symbol, updated_block, contract) VALUES (59, 6, 'FARM_USDT', 'fUSDT', 10817080, 153);
INSERT INTO public.eth_tokens (id, decimals, name, symbol, updated_block, contract) VALUES (60, 6, 'FARM_USDC', 'fUSDC', 10817092, 151);
INSERT INTO public.eth_tokens (id, decimals, name, symbol, updated_block, contract) VALUES (61, 18, 'FARM_DAI', 'fDAI', 10817095, 145);
INSERT INTO public.eth_tokens (id, decimals, name, symbol, updated_block, contract) VALUES (62, 18, 'Balancer Pool Token', 'BPT', 10821698, 250);
INSERT INTO public.eth_tokens (id, decimals, name, symbol, updated_block, contract) VALUES (63, 18, 'Balancer Pool Token', 'BPT', 10821799, 252);
INSERT INTO public.eth_tokens (id, decimals, name, symbol, updated_block, contract) VALUES (64, 18, 'Balancer Pool Token', 'BPT', 10821936, 254);
INSERT INTO public.eth_tokens (id, decimals, name, symbol, updated_block, contract) VALUES (65, 8, 'FARM_WBTC', 'fWBTC', 10864328, 196);
INSERT INTO public.eth_tokens (id, decimals, name, symbol, updated_block, contract) VALUES (66, 8, 'FARM_renBTC', 'frenBTC', 10864336, 199);
INSERT INTO public.eth_tokens (id, decimals, name, symbol, updated_block, contract) VALUES (67, 18, 'FARM_crvRenWBTC', 'fcrvRenWBTC', 10864342, 226);
INSERT INTO public.eth_tokens (id, decimals, name, symbol, updated_block, contract) VALUES (68, 18, 'FARM_WETH', 'fWETH', 10866919, 257);
INSERT INTO public.eth_tokens (id, decimals, name, symbol, updated_block, contract) VALUES (69, 18, 'Cream Pool Token', 'CRPT', 10913577, 277);
INSERT INTO public.eth_tokens (id, decimals, name, symbol, updated_block, contract) VALUES (70, 18, 'TrueUSD', 'TUSD', 10997643, 286);
INSERT INTO public.eth_tokens (id, decimals, name, symbol, updated_block, contract) VALUES (71, 18, 'tBTC', 'TBTC', 11036221, 297);
INSERT INTO public.eth_tokens (id, decimals, name, symbol, updated_block, contract) VALUES (72, 18, 'Curve.fi DAI/USDC/USDT', '3Crv', 11159007, 323);
INSERT INTO public.eth_tokens (id, decimals, name, symbol, updated_block, contract) VALUES (73, 18, 'Curve.fi tBTC/sbtcCrv', 'tbtc/sbtcCrv', 11230946, 326);
INSERT INTO public.eth_tokens (id, decimals, name, symbol, updated_block, contract) VALUES (74, 8, 'Compound Dai', 'cDAI', 11257782, 330);
INSERT INTO public.eth_tokens (id, decimals, name, symbol, updated_block, contract) VALUES (75, 18, 'Curve.fi cDAI/cUSDC', 'cDAI+cUSDC', 11257782, 329);
INSERT INTO public.eth_tokens (id, decimals, name, symbol, updated_block, contract) VALUES (76, 18, 'Curve.fi USDN/3Crv', 'usdn3CRV', 11257785, 333);
INSERT INTO public.eth_tokens (id, decimals, name, symbol, updated_block, contract) VALUES (77, 18, 'Curve.fi yDAI/yUSDC/yUSDT/yBUSD', 'yDAI+yUSDC+yUSDT+yBUSD', 11257807, 335);
INSERT INTO public.eth_tokens (id, decimals, name, symbol, updated_block, contract) VALUES (78, 18, 'DefiPulse Index', 'DPI', 11374190, 353);
INSERT INTO public.eth_tokens (id, decimals, name, symbol, updated_block, contract) VALUES (79, 18, 'Curve.fi hBTC/wBTC', 'hCRV', 11380818, 356);
INSERT INTO public.eth_tokens (id, decimals, name, symbol, updated_block, contract) VALUES (80, 18, 'Curve.fi HUSD/3Crv', 'husd3CRV', 11380826, 358);
INSERT INTO public.eth_tokens (id, decimals, name, symbol, updated_block, contract) VALUES (81, 18, 'GRAIN Token', 'GRAIN', 11407202, 363);
INSERT INTO public.eth_tokens (id, decimals, name, symbol, updated_block, contract) VALUES (82, 18, 'Badger Sett Badger', 'bBADGER', 11427213, 368);
INSERT INTO public.eth_tokens (id, decimals, name, symbol, updated_block, contract) VALUES (83, 18, 'BAC', 'BAC', 11608435, 372);
INSERT INTO public.eth_tokens (id, decimals, name, symbol, updated_block, contract) VALUES (84, 18, 'BAS', 'BAS', 11608446, 375);
INSERT INTO public.eth_tokens (id, decimals, name, symbol, updated_block, contract) VALUES (85, 18, 'MIC', 'MIC', 11608458, 378);
INSERT INTO public.eth_tokens (id, decimals, name, symbol, updated_block, contract) VALUES (86, 18, 'MIS', 'MIS', 11608467, 381);
INSERT INTO public.eth_tokens (id, decimals, name, symbol, updated_block, contract) VALUES (87, 18, 'BoringDAO BTC', 'oBTC', 11639176, 389);
INSERT INTO public.eth_tokens (id, decimals, name, symbol, updated_block, contract) VALUES (88, 18, 'Curve.fi oBTC/sbtcCRV', 'oBTC/sbtcCRV', 11639176, 388);
INSERT INTO public.eth_tokens (id, decimals, name, symbol, updated_block, contract) VALUES (89, 18, 'Empty Set Dollar', 'ESD', 11655611, 409);
INSERT INTO public.eth_tokens (id, decimals, name, symbol, updated_block, contract) VALUES (90, 18, 'Dynamic Set Dollar', 'DSD', 11655625, 412);
INSERT INTO public.eth_tokens (id, decimals, name, symbol, updated_block, contract) VALUES (91, 18, 'BSG', 'BSG', 11655635, 416);
INSERT INTO public.eth_tokens (id, decimals, name, symbol, updated_block, contract) VALUES (92, 18, 'BSGS', 'BSGS', 11655650, 419);
INSERT INTO public.eth_tokens (id, decimals, name, symbol, updated_block, contract) VALUES (93, 2, 'STASIS EURS Token', 'EURS', 11674635, 434);
INSERT INTO public.eth_tokens (id, decimals, name, symbol, updated_block, contract) VALUES (94, 18, 'Curve.fi EURS/sEUR', 'eursCRV', 11674635, 433);
INSERT INTO public.eth_tokens (id, decimals, name, symbol, updated_block, contract) VALUES (95, 18, 'Wrapped UST Token', 'UST', 11680874, 439);
INSERT INTO public.eth_tokens (id, decimals, name, symbol, updated_block, contract) VALUES (96, 18, 'Curve.fi UST/3Crv', 'ust3CRV', 11680874, 438);
INSERT INTO public.eth_tokens (id, decimals, name, symbol, updated_block, contract) VALUES (97, 18, 'Wrapped Mirror TSLA Token', 'mTSLA', 11681002, 445);
INSERT INTO public.eth_tokens (id, decimals, name, symbol, updated_block, contract) VALUES (98, 18, 'Wrapped Mirror AMZN Token', 'mAMZN', 11681036, 449);
INSERT INTO public.eth_tokens (id, decimals, name, symbol, updated_block, contract) VALUES (99, 18, 'Wrapped Mirror GOOGL Token', 'mGOOGL', 11681051, 453);
INSERT INTO public.eth_tokens (id, decimals, name, symbol, updated_block, contract) VALUES (100, 18, 'Wrapped Mirror AAPL Token', 'mAAPL', 11681745, 459);
INSERT INTO public.eth_tokens (id, decimals, name, symbol, updated_block, contract) VALUES (101, 0, '', '', 11686114, 463);
INSERT INTO public.eth_tokens (id, decimals, name, symbol, updated_block, contract) VALUES (102, 18, 'Curve.fi ETH/stETH', 'steCRV', 11686114, 462);
INSERT INTO public.eth_tokens (id, decimals, name, symbol, updated_block, contract) VALUES (103, 18, 'Curve.fi GUSD/3Crv', 'gusd3CRV', 11745396, 467);
INSERT INTO public.eth_tokens (id, decimals, name, symbol, updated_block, contract) VALUES (104, 18, 'Aave interest bearing DAI', 'aDAI', 11830929, 476);
INSERT INTO public.eth_tokens (id, decimals, name, symbol, updated_block, contract) VALUES (105, 18, 'Curve.fi aDAI/aUSDC/aUSDT', 'a3CRV', 11830929, 475);
INSERT INTO public.eth_tokens (id, decimals, name, symbol, updated_block, contract) VALUES (106, 18, 'BASv2', 'BASv2', 11889592, 479);
INSERT INTO public.eth_tokens (id, decimals, name, symbol, updated_block, contract) VALUES (107, 18, '1INCH Token', '1INCH', 11905239, 482);
INSERT INTO public.eth_tokens (id, decimals, name, symbol, updated_block, contract) VALUES (108, 18, 'KBTC', 'KBTC', 11921112, 487);
INSERT INTO public.eth_tokens (id, decimals, name, symbol, updated_block, contract) VALUES (109, 18, 'iFARM', 'iFARM', 11921286, 489);
INSERT INTO public.eth_tokens (id, decimals, name, symbol, updated_block, contract) VALUES (110, 18, 'KLON', 'KLON', 11921421, 493);
INSERT INTO public.eth_tokens (id, decimals, name, symbol, updated_block, contract) VALUES (111, 18, 'Wrapped Mirror NFLX Token', 'mNFLX', 11953909, 501);
INSERT INTO public.eth_tokens (id, decimals, name, symbol, updated_block, contract) VALUES (112, 18, 'Wrapped Mirror TWTR Token', 'mTWTR', 11954001, 505);
INSERT INTO public.eth_tokens (id, decimals, name, symbol, updated_block, contract) VALUES (113, 18, 'Curve.fi LINK/sLINK', 'linkCRV', 11954289, 513);
INSERT INTO public.eth_tokens (id, decimals, name, symbol, updated_block, contract) VALUES (114, 18, 'USDP Stablecoin', 'USDP', 12016869, 529);
INSERT INTO public.eth_tokens (id, decimals, name, symbol, updated_block, contract) VALUES (115, 18, 'Curve.fi USDP/3Crv', 'usdp3CRV', 12016869, 528);
INSERT INTO public.eth_tokens (id, decimals, name, symbol, updated_block, contract) VALUES (116, 18, 'Muse', 'MUSE', 12044242, 534);
INSERT INTO public.eth_tokens (id, decimals, name, symbol, updated_block, contract) VALUES (117, 18, 'Nifty Dudes', 'DUDES20', 12044245, 537);
INSERT INTO public.eth_tokens (id, decimals, name, symbol, updated_block, contract) VALUES (118, 18, 'Hashmasks', 'MASK20', 12044247, 540);
INSERT INTO public.eth_tokens (id, decimals, name, symbol, updated_block, contract) VALUES (119, 18, 'ROPE', 'ROPE20', 12044249, 543);
INSERT INTO public.eth_tokens (id, decimals, name, symbol, updated_block, contract) VALUES (120, 18, 'Wrapped Moon Cats', 'MCAT20', 12135549, 557);
INSERT INTO public.eth_tokens (id, decimals, name, symbol, updated_block, contract) VALUES (121, 18, 'KlonX', 'KlonX', 12141454, 560);
INSERT INTO public.eth_tokens (id, decimals, name, symbol, updated_block, contract) VALUES (122, 18, 'Gan Punks', 'GPUNKS20', 12226234, 563);
INSERT INTO public.eth_tokens (id, decimals, name, symbol, updated_block, contract) VALUES (123, 18, 'MEME LTD', 'MEME20', 12226550, 567);
INSERT INTO public.eth_tokens (id, decimals, name, symbol, updated_block, contract) VALUES (124, 18, 'Metaverse Index', 'MVI', 12226573, 571);
INSERT INTO public.eth_tokens (id, decimals, name, symbol, updated_block, contract) VALUES (125, 18, 'KXUSD', 'KXUSD', 12226912, 575);
INSERT INTO public.eth_tokens (id, decimals, name, symbol, updated_block, contract) VALUES (126, 18, 'Perpetual', 'PERP', 12323304, 579);
INSERT INTO public.eth_tokens (id, decimals, name, symbol, updated_block, contract) VALUES (127, 18, 'CompliFi', 'COMFI', 12375452, 584);

INSERT INTO public.eth_vaults (id, decimals, name, symbol, underlying_unit, updated_block, contract, controller_id, governance_id, strategy_id, underlying_id) VALUES (1, 18, 'bFARM_BETH', 'bfBETH', 1000000000000000000, 5992193, 1, 2, 3, null, 4);
INSERT INTO public.eth_vaults (id, decimals, name, symbol, underlying_unit, updated_block, contract, controller_id, governance_id, strategy_id, underlying_id) VALUES (2, 18, 'bFARM_BETH', 'bfBETH', 1000000000000000000, 5992222, 9, 2, 3, null, 4);
INSERT INTO public.eth_vaults (id, decimals, name, symbol, underlying_unit, updated_block, contract, controller_id, governance_id, strategy_id, underlying_id) VALUES (3, 18, 'bFARM_BTCB', 'bfBTCB', 1000000000000000000, 5992229, 10, 2, 3, null, 11);
INSERT INTO public.eth_vaults (id, decimals, name, symbol, underlying_unit, updated_block, contract, controller_id, governance_id, strategy_id, underlying_id) VALUES (4, 18, 'bFARM_ETH', 'bfETH', 1000000000000000000, 5992235, 13, 2, 3, null, 6);
INSERT INTO public.eth_vaults (id, decimals, name, symbol, underlying_unit, updated_block, contract, controller_id, governance_id, strategy_id, underlying_id) VALUES (5, 18, 'bFARM_XVS', 'bfXVS', 1000000000000000000, 5992243, 14, 2, 3, null, 15);
INSERT INTO public.eth_vaults (id, decimals, name, symbol, underlying_unit, updated_block, contract, controller_id, governance_id, strategy_id, underlying_id) VALUES (6, 18, 'bFARM_VAI', 'bfVAI', 1000000000000000000, 5992249, 19, 2, 3, null, 20);
INSERT INTO public.eth_vaults (id, decimals, name, symbol, underlying_unit, updated_block, contract, controller_id, governance_id, strategy_id, underlying_id) VALUES (7, 18, 'bFARM_WBNB', 'bfWBNB', 1000000000000000000, 5992256, 22, 2, 3, null, 17);
INSERT INTO public.eth_vaults (id, decimals, name, symbol, underlying_unit, updated_block, contract, controller_id, governance_id, strategy_id, underlying_id) VALUES (8, 18, 'bFARM_Cake-LP', 'bfCake-LP', 1000000000000000000, 5992263, 23, 2, 3, null, 18);
INSERT INTO public.eth_vaults (id, decimals, name, symbol, underlying_unit, updated_block, contract, controller_id, governance_id, strategy_id, underlying_id) VALUES (9, 18, 'bFARM_Cake', 'bfCake', 1000000000000000000, 5992270, 24, 2, 3, null, 25);
INSERT INTO public.eth_vaults (id, decimals, name, symbol, underlying_unit, updated_block, contract, controller_id, governance_id, strategy_id, underlying_id) VALUES (10, 18, 'bFARM_Cake-LP', 'bfCake-LP', 1000000000000000000, 5992277, 27, 2, 3, null, 26);
INSERT INTO public.eth_vaults (id, decimals, name, symbol, underlying_unit, updated_block, contract, controller_id, governance_id, strategy_id, underlying_id) VALUES (11, 18, 'bFARM_Cake-LP', 'bfCake-LP', 1000000000000000000, 5992284, 28, 2, 3, null, 29);
INSERT INTO public.eth_vaults (id, decimals, name, symbol, underlying_unit, updated_block, contract, controller_id, governance_id, strategy_id, underlying_id) VALUES (12, 18, 'bFARM_Cake-LP', 'bfCake-LP', 1000000000000000000, 5992290, 30, 2, 3, null, 31);
INSERT INTO public.eth_vaults (id, decimals, name, symbol, underlying_unit, updated_block, contract, controller_id, governance_id, strategy_id, underlying_id) VALUES (13, 18, 'bFARM_Cake-LP', 'bfCake-LP', 1000000000000000000, 5992297, 34, 2, 3, null, 16);
INSERT INTO public.eth_vaults (id, decimals, name, symbol, underlying_unit, updated_block, contract, controller_id, governance_id, strategy_id, underlying_id) VALUES (14, 18, 'bFARM_Cake-LP', 'bfCake-LP', 1000000000000000000, 5992304, 35, 2, 3, null, 36);
INSERT INTO public.eth_vaults (id, decimals, name, symbol, underlying_unit, updated_block, contract, controller_id, governance_id, strategy_id, underlying_id) VALUES (15, 18, 'bFARM_Cake-LP', 'bfCake-LP', 1000000000000000000, 5992312, 39, 2, 3, null, 38);
INSERT INTO public.eth_vaults (id, decimals, name, symbol, underlying_unit, updated_block, contract, controller_id, governance_id, strategy_id, underlying_id) VALUES (16, 18, 'bFARM_EGG', 'bfEGG', 1000000000000000000, 5992320, 40, 2, 3, null, 37);
INSERT INTO public.eth_vaults (id, decimals, name, symbol, underlying_unit, updated_block, contract, controller_id, governance_id, strategy_id, underlying_id) VALUES (17, 18, 'bFARM_Cake-LP', 'bfCake-LP', 1000000000000000000, 5992327, 41, 2, 3, null, 42);
INSERT INTO public.eth_vaults (id, decimals, name, symbol, underlying_unit, updated_block, contract, controller_id, governance_id, strategy_id, underlying_id) VALUES (18, 18, 'bFARM_Cake-LP', 'bfCake-LP', 1000000000000000000, 5992333, 45, 2, 3, null, 44);
INSERT INTO public.eth_vaults (id, decimals, name, symbol, underlying_unit, updated_block, contract, controller_id, governance_id, strategy_id, underlying_id) VALUES (19, 18, 'bFARM_Cake-LP', 'bfCake-LP', 1000000000000000000, 5992341, 46, 2, 3, null, 47);
INSERT INTO public.eth_vaults (id, decimals, name, symbol, underlying_unit, updated_block, contract, controller_id, governance_id, strategy_id, underlying_id) VALUES (20, 18, 'PS vault', null, null, 5993604, 68, null, null, null, null);
INSERT INTO public.eth_vaults (id, decimals, name, symbol, underlying_unit, updated_block, contract, controller_id, governance_id, strategy_id, underlying_id) VALUES (21, 18, 'bFARM_1LP-1INCH-renBTC', 'bf1LP-1INCH-renBTC', 1000000000000000000, 6186796, 69, 2, 3, null, 70);
INSERT INTO public.eth_vaults (id, decimals, name, symbol, underlying_unit, updated_block, contract, controller_id, governance_id, strategy_id, underlying_id) VALUES (22, 18, 'bFARM_1LP-ETH-1INCH', 'bf1LP-ETH-1INCH', 1000000000000000000, 6186984, 77, 2, 3, null, 78);
INSERT INTO public.eth_vaults (id, decimals, name, symbol, underlying_unit, updated_block, contract, controller_id, governance_id, strategy_id, underlying_id) VALUES (23, 18, 'bFARM_DAI', 'bfDAI', 1000000000000000000, 6191727, 80, 2, 3, null, 81);
INSERT INTO public.eth_vaults (id, decimals, name, symbol, underlying_unit, updated_block, contract, controller_id, governance_id, strategy_id, underlying_id) VALUES (24, 18, 'bFARM_DAI', 'bfDAI', 1000000000000000000, 6191819, 84, 2, 3, null, 81);
INSERT INTO public.eth_vaults (id, decimals, name, symbol, underlying_unit, updated_block, contract, controller_id, governance_id, strategy_id, underlying_id) VALUES (25, 18, 'bFARM_USDC', 'bfUSDC', 1000000000000000000, 6191872, 86, 2, 3, null, 87);
INSERT INTO public.eth_vaults (id, decimals, name, symbol, underlying_unit, updated_block, contract, controller_id, governance_id, strategy_id, underlying_id) VALUES (26, 18, 'bFARM_USDT', 'bfUSDT', 1000000000000000000, 6191929, 90, 2, 3, null, 32);
INSERT INTO public.eth_vaults (id, decimals, name, symbol, underlying_unit, updated_block, contract, controller_id, governance_id, strategy_id, underlying_id) VALUES (27, 18, 'bFARM_BUSD', 'bfBUSD', 1000000000000000000, 6191994, 92, 2, 3, null, 8);
INSERT INTO public.eth_vaults (id, decimals, name, symbol, underlying_unit, updated_block, contract, controller_id, governance_id, strategy_id, underlying_id) VALUES (28, 18, 'bFARM_3EPS', 'bf3EPS', 1000000000000000000, 6534727, 94, 2, 3, null, 95);
INSERT INTO public.eth_vaults (id, decimals, name, symbol, underlying_unit, updated_block, contract, controller_id, governance_id, strategy_id, underlying_id) VALUES (29, 18, 'bFARM_Cake-LP', 'bfCake-LP', 1000000000000000000, 6534771, 97, 2, 3, null, 98);
INSERT INTO public.eth_vaults (id, decimals, name, symbol, underlying_unit, updated_block, contract, controller_id, governance_id, strategy_id, underlying_id) VALUES (30, 18, 'bFARM_Cake-LP', 'bfCake-LP', 1000000000000000000, 6619780, 101, 2, 3, null, 102);
INSERT INTO public.eth_vaults (id, decimals, name, symbol, underlying_unit, updated_block, contract, controller_id, governance_id, strategy_id, underlying_id) VALUES (31, 18, 'bFARM_Cake-LP', 'bfCake-LP', 1000000000000000000, 6619830, 104, 2, 3, null, 102);
INSERT INTO public.eth_vaults (id, decimals, name, symbol, underlying_unit, updated_block, contract, controller_id, governance_id, strategy_id, underlying_id) VALUES (32, 18, 'bFARM_Cake-LP', 'bfCake-LP', 1000000000000000000, 6619882, 106, 2, 3, null, 107);
INSERT INTO public.eth_vaults (id, decimals, name, symbol, underlying_unit, updated_block, contract, controller_id, governance_id, strategy_id, underlying_id) VALUES (33, 18, 'bFARM_Cake-LP', 'bfCake-LP', 1000000000000000000, 6619941, 110, 2, 3, null, 111);
INSERT INTO public.eth_vaults (id, decimals, name, symbol, underlying_unit, updated_block, contract, controller_id, governance_id, strategy_id, underlying_id) VALUES (34, 18, 'bFARM_Belt.fi bDAI/bUSDC/bUSDT/bBUSD', 'bfBelt.fi bDAI/bUSDC/bUSDT/bBUSD', 1000000000000000000, 6619994, 113, 2, 3, null, 114);
INSERT INTO public.eth_vaults (id, decimals, name, symbol, underlying_unit, updated_block, contract, controller_id, governance_id, strategy_id, underlying_id) VALUES (35, 18, 'bFARM_Cake-LP', 'bfCake-LP', 1000000000000000000, 6620042, 116, 2, 3, null, 117);
INSERT INTO public.eth_vaults (id, decimals, name, symbol, underlying_unit, updated_block, contract, controller_id, governance_id, strategy_id, underlying_id) VALUES (36, 18, 'bFARM_fusdt3EPS', 'bffusdt3EPS', 1000000000000000000, 6736265, 120, 2, 3, null, 121);
INSERT INTO public.eth_vaults (id, decimals, name, symbol, underlying_unit, updated_block, contract, controller_id, governance_id, strategy_id, underlying_id) VALUES (37, 18, 'bFARM_btcEPS', 'bfbtcEPS', 1000000000000000000, 6736321, 125, 2, 3, null, 126);
INSERT INTO public.eth_vaults (id, decimals, name, symbol, underlying_unit, updated_block, contract, controller_id, governance_id, strategy_id, underlying_id) VALUES (38, 18, 'bFARM_Cake-LP', 'bfCake-LP', 1000000000000000000, 6736381, 128, 2, 3, null, 129);
INSERT INTO public.eth_vaults (id, decimals, name, symbol, underlying_unit, updated_block, contract, controller_id, governance_id, strategy_id, underlying_id) VALUES (39, 18, 'bFARM_ICE', 'bfICE', 1000000000000000000, 6736433, 132, 2, 3, null, 130);
INSERT INTO public.eth_vaults (id, decimals, name, symbol, underlying_unit, updated_block, contract, controller_id, governance_id, strategy_id, underlying_id) VALUES (40, 18, 'FARM_DAI', 'fDAI', 1000000000000000000, 10770103, 145, 146, 147, null, 148);
INSERT INTO public.eth_vaults (id, decimals, name, symbol, underlying_unit, updated_block, contract, controller_id, governance_id, strategy_id, underlying_id) VALUES (41, 6, 'FARM_USDC', 'fUSDC', 1000000, 10770105, 151, 146, 147, null, 152);
INSERT INTO public.eth_vaults (id, decimals, name, symbol, underlying_unit, updated_block, contract, controller_id, governance_id, strategy_id, underlying_id) VALUES (42, 6, 'FARM_USDT', 'fUSDT', 1000000, 10770108, 153, 146, 147, null, 150);
INSERT INTO public.eth_vaults (id, decimals, name, symbol, underlying_unit, updated_block, contract, controller_id, governance_id, strategy_id, underlying_id) VALUES (43, 18, 'FARM_yDAI+yUSDC+yUSDT+yTUSD', 'fyDAI+yUSDC+yUSDT+yTUSD', 1000000000000000000, 10770117, 154, 146, 147, null, 155);
INSERT INTO public.eth_vaults (id, decimals, name, symbol, underlying_unit, updated_block, contract, controller_id, governance_id, strategy_id, underlying_id) VALUES (44, 18, 'PS vault', null, null, 10797544, 195, 146, 147, null, null);
INSERT INTO public.eth_vaults (id, decimals, name, symbol, underlying_unit, updated_block, contract, controller_id, governance_id, strategy_id, underlying_id) VALUES (45, 8, 'FARM_WBTC', 'fWBTC', 100000000, 10802976, 196, 146, 147, null, 197);
INSERT INTO public.eth_vaults (id, decimals, name, symbol, underlying_unit, updated_block, contract, controller_id, governance_id, strategy_id, underlying_id) VALUES (46, 8, 'FARM_renBTC', 'frenBTC', 100000000, 10802986, 199, 146, 147, null, 200);
INSERT INTO public.eth_vaults (id, decimals, name, symbol, underlying_unit, updated_block, contract, controller_id, governance_id, strategy_id, underlying_id) VALUES (47, 18, 'FARM_crvRenWBTC', 'fcrvRenWBTC', 1000000000000000000, 10815917, 226, 146, 147, null, 227);
INSERT INTO public.eth_vaults (id, decimals, name, symbol, underlying_unit, updated_block, contract, controller_id, governance_id, strategy_id, underlying_id) VALUES (48, 18, 'FARM_WETH', 'fWETH', 1000000000000000000, 10861886, 257, 146, 147, null, 162);
INSERT INTO public.eth_vaults (id, decimals, name, symbol, underlying_unit, updated_block, contract, controller_id, governance_id, strategy_id, underlying_id) VALUES (49, 18, 'FARM_UNI-V2', 'fUNI-V2', 1000000000000000000, 10883026, 270, 146, 147, null, 163);
INSERT INTO public.eth_vaults (id, decimals, name, symbol, underlying_unit, updated_block, contract, controller_id, governance_id, strategy_id, underlying_id) VALUES (50, 18, 'FARM_UNI-V2', 'fUNI-V2', 1000000000000000000, 10883030, 271, 146, 147, null, 206);
INSERT INTO public.eth_vaults (id, decimals, name, symbol, underlying_unit, updated_block, contract, controller_id, governance_id, strategy_id, underlying_id) VALUES (51, 18, 'FARM_UNI-V2', 'fUNI-V2', 1000000000000000000, 10883048, 272, 146, 147, null, 273);
INSERT INTO public.eth_vaults (id, decimals, name, symbol, underlying_unit, updated_block, contract, controller_id, governance_id, strategy_id, underlying_id) VALUES (52, 18, 'FARM_UNI-V2', 'fUNI-V2', 1000000000000000000, 10883054, 274, 146, 147, null, 275);
INSERT INTO public.eth_vaults (id, decimals, name, symbol, underlying_unit, updated_block, contract, controller_id, governance_id, strategy_id, underlying_id) VALUES (53, 18, 'PS vault', null, null, 10957909, 283, 146, 147, null, null);
INSERT INTO public.eth_vaults (id, decimals, name, symbol, underlying_unit, updated_block, contract, controller_id, governance_id, strategy_id, underlying_id) VALUES (54, 18, 'FARM_TUSD', 'fTUSD', 1000000000000000000, 10997643, 285, 146, 147, null, 286);
INSERT INTO public.eth_vaults (id, decimals, name, symbol, underlying_unit, updated_block, contract, controller_id, governance_id, strategy_id, underlying_id) VALUES (55, 18, 'FARM_TUSD', 'fTUSD', 1000000000000000000, 10997723, 288, 146, 147, null, 286);
INSERT INTO public.eth_vaults (id, decimals, name, symbol, underlying_unit, updated_block, contract, controller_id, governance_id, strategy_id, underlying_id) VALUES (56, 18, 'FARM_UNI-V2', 'fUNI-V2', 1000000000000000000, 11011443, 291, 146, 147, null, 163);
INSERT INTO public.eth_vaults (id, decimals, name, symbol, underlying_unit, updated_block, contract, controller_id, governance_id, strategy_id, underlying_id) VALUES (57, 18, 'FARM_SLP', 'fSLP', 1000000000000000000, 11036221, 295, 146, 147, null, 296);
INSERT INTO public.eth_vaults (id, decimals, name, symbol, underlying_unit, updated_block, contract, controller_id, governance_id, strategy_id, underlying_id) VALUES (58, 18, 'FARM_UNI-V2', 'fUNI-V2', 1000000000000000000, 11041670, 298, 146, 147, null, 206);
INSERT INTO public.eth_vaults (id, decimals, name, symbol, underlying_unit, updated_block, contract, controller_id, governance_id, strategy_id, underlying_id) VALUES (59, 18, 'FARM_UNI-V2', 'fUNI-V2', 1000000000000000000, 11041676, 299, 146, 147, null, 273);
INSERT INTO public.eth_vaults (id, decimals, name, symbol, underlying_unit, updated_block, contract, controller_id, governance_id, strategy_id, underlying_id) VALUES (60, 18, 'FARM_UNI-V2', 'fUNI-V2', 1000000000000000000, 11041685, 300, 146, 147, null, 275);
INSERT INTO public.eth_vaults (id, decimals, name, symbol, underlying_unit, updated_block, contract, controller_id, governance_id, strategy_id, underlying_id) VALUES (61, 8, 'FARM_WBTC', 'fWBTC', 100000000, 11068090, 306, 146, 147, null, 197);
INSERT INTO public.eth_vaults (id, decimals, name, symbol, underlying_unit, updated_block, contract, controller_id, governance_id, strategy_id, underlying_id) VALUES (62, 18, 'FARM_WETH', 'fWETH', 1000000000000000000, 11086826, 308, 146, 147, null, 162);
INSERT INTO public.eth_vaults (id, decimals, name, symbol, underlying_unit, updated_block, contract, controller_id, governance_id, strategy_id, underlying_id) VALUES (63, 6, 'FARM_USDC', 'fUSDC', 1000000, 11086843, 309, 146, 147, null, 152);
INSERT INTO public.eth_vaults (id, decimals, name, symbol, underlying_unit, updated_block, contract, controller_id, governance_id, strategy_id, underlying_id) VALUES (64, 6, 'FARM_USDT', 'fUSDT', 1000000, 11086851, 310, 146, 147, null, 150);
INSERT INTO public.eth_vaults (id, decimals, name, symbol, underlying_unit, updated_block, contract, controller_id, governance_id, strategy_id, underlying_id) VALUES (65, 18, 'FARM_crvRenWBTC', 'fcrvRenWBTC', 1000000000000000000, 11086870, 311, 146, 147, null, 227);
INSERT INTO public.eth_vaults (id, decimals, name, symbol, underlying_unit, updated_block, contract, controller_id, governance_id, strategy_id, underlying_id) VALUES (66, 18, 'FARM_DAI', 'fDAI', 1000000000000000000, 11086927, 312, 146, 147, null, 148);
INSERT INTO public.eth_vaults (id, decimals, name, symbol, underlying_unit, updated_block, contract, controller_id, governance_id, strategy_id, underlying_id) VALUES (67, 8, 'FARM_renBTC', 'frenBTC', 100000000, 11086938, 313, 146, 147, null, 200);
INSERT INTO public.eth_vaults (id, decimals, name, symbol, underlying_unit, updated_block, contract, controller_id, governance_id, strategy_id, underlying_id) VALUES (68, 18, 'FARM_yDAI+yUSDC+yUSDT+yTUSD', 'fyDAI+yUSDC+yUSDT+yTUSD', 1000000000000000000, 11152259, 320, 146, 147, null, 155);
INSERT INTO public.eth_vaults (id, decimals, name, symbol, underlying_unit, updated_block, contract, controller_id, governance_id, strategy_id, underlying_id) VALUES (69, 18, 'FARM_3Crv', 'f3Crv', 1000000000000000000, 11159007, 322, 146, 147, null, 323);
INSERT INTO public.eth_vaults (id, decimals, name, symbol, underlying_unit, updated_block, contract, controller_id, governance_id, strategy_id, underlying_id) VALUES (70, 18, 'FARM_tbtc/sbtcCrv', 'ftbtc/sbtcCrv', 1000000000000000000, 11230946, 325, 146, 147, null, 326);
INSERT INTO public.eth_vaults (id, decimals, name, symbol, underlying_unit, updated_block, contract, controller_id, governance_id, strategy_id, underlying_id) VALUES (71, 18, 'FARM_cDAI+cUSDC', 'fcDAI+cUSDC', 1000000000000000000, 11257782, 328, 146, 147, null, 329);
INSERT INTO public.eth_vaults (id, decimals, name, symbol, underlying_unit, updated_block, contract, controller_id, governance_id, strategy_id, underlying_id) VALUES (72, 18, 'FARM_usdn3CRV', 'fusdn3CRV', 1000000000000000000, 11257785, 332, 146, 147, null, 333);
INSERT INTO public.eth_vaults (id, decimals, name, symbol, underlying_unit, updated_block, contract, controller_id, governance_id, strategy_id, underlying_id) VALUES (73, 18, 'FARM_yDAI+yUSDC+yUSDT+yBUSD', 'fyDAI+yUSDC+yUSDT+yBUSD', 1000000000000000000, 11257807, 334, 146, 147, null, 335);
INSERT INTO public.eth_vaults (id, decimals, name, symbol, underlying_unit, updated_block, contract, controller_id, governance_id, strategy_id, underlying_id) VALUES (74, 18, 'FARM_SLP', 'fSLP', 1000000000000000000, 11269718, 339, 146, 147, null, 340);
INSERT INTO public.eth_vaults (id, decimals, name, symbol, underlying_unit, updated_block, contract, controller_id, governance_id, strategy_id, underlying_id) VALUES (75, 18, 'FARM_SLP', 'fSLP', 1000000000000000000, 11269723, 341, 146, 147, null, 342);
INSERT INTO public.eth_vaults (id, decimals, name, symbol, underlying_unit, updated_block, contract, controller_id, governance_id, strategy_id, underlying_id) VALUES (76, 18, 'FARM_SLP', 'fSLP', 1000000000000000000, 11269737, 343, 146, 147, null, 344);
INSERT INTO public.eth_vaults (id, decimals, name, symbol, underlying_unit, updated_block, contract, controller_id, governance_id, strategy_id, underlying_id) VALUES (77, 18, 'FARM_SLP', 'fSLP', 1000000000000000000, 11269740, 345, 146, 147, null, 346);
INSERT INTO public.eth_vaults (id, decimals, name, symbol, underlying_unit, updated_block, contract, controller_id, governance_id, strategy_id, underlying_id) VALUES (78, 18, 'FARM_UNI-V2', 'fUNI-V2', 1000000000000000000, 11374190, 351, 146, 147, null, 352);
INSERT INTO public.eth_vaults (id, decimals, name, symbol, underlying_unit, updated_block, contract, controller_id, governance_id, strategy_id, underlying_id) VALUES (79, 18, 'FARM_hCRV', 'fhCRV', 1000000000000000000, 11380818, 355, 146, 147, null, 356);
INSERT INTO public.eth_vaults (id, decimals, name, symbol, underlying_unit, updated_block, contract, controller_id, governance_id, strategy_id, underlying_id) VALUES (80, 18, 'FARM_husd3CRV', 'fhusd3CRV', 1000000000000000000, 11380826, 357, 146, 147, null, 358);
INSERT INTO public.eth_vaults (id, decimals, name, symbol, underlying_unit, updated_block, contract, controller_id, governance_id, strategy_id, underlying_id) VALUES (81, 18, 'FARM_bBADGER', 'fbBADGER', 1000000000000000000, 11427213, 367, 146, 147, null, 368);
INSERT INTO public.eth_vaults (id, decimals, name, symbol, underlying_unit, updated_block, contract, controller_id, governance_id, strategy_id, underlying_id) VALUES (82, 18, 'FARM_UNI-V2', 'fUNI-V2', 1000000000000000000, 11608435, 370, 146, 147, null, 371);
INSERT INTO public.eth_vaults (id, decimals, name, symbol, underlying_unit, updated_block, contract, controller_id, governance_id, strategy_id, underlying_id) VALUES (83, 18, 'FARM_UNI-V2', 'fUNI-V2', 1000000000000000000, 11608446, 373, 146, 147, null, 374);
INSERT INTO public.eth_vaults (id, decimals, name, symbol, underlying_unit, updated_block, contract, controller_id, governance_id, strategy_id, underlying_id) VALUES (84, 18, 'FARM_SLP', 'fSLP', 1000000000000000000, 11608458, 376, 146, 147, null, 377);
INSERT INTO public.eth_vaults (id, decimals, name, symbol, underlying_unit, updated_block, contract, controller_id, governance_id, strategy_id, underlying_id) VALUES (85, 18, 'FARM_SLP', 'fSLP', 1000000000000000000, 11608467, 379, 146, 147, null, 380);
INSERT INTO public.eth_vaults (id, decimals, name, symbol, underlying_unit, updated_block, contract, controller_id, governance_id, strategy_id, underlying_id) VALUES (86, 18, 'FARM_oBTC/sbtcCRV', 'foBTC/sbtcCRV', 1000000000000000000, 11639176, 387, 146, 147, null, 388);
INSERT INTO public.eth_vaults (id, decimals, name, symbol, underlying_unit, updated_block, contract, controller_id, governance_id, strategy_id, underlying_id) VALUES (87, 18, 'FARM_oBTC/sbtcCRV', 'foBTC/sbtcCRV', 1000000000000000000, 11639719, 391, 146, 147, null, 388);
INSERT INTO public.eth_vaults (id, decimals, name, symbol, underlying_unit, updated_block, contract, controller_id, governance_id, strategy_id, underlying_id) VALUES (88, 18, 'FARM_oBTC/sbtcCRV', 'foBTC/sbtcCRV', 1000000000000000000, 11647695, 393, 146, 147, null, 388);
INSERT INTO public.eth_vaults (id, decimals, name, symbol, underlying_unit, updated_block, contract, controller_id, governance_id, strategy_id, underlying_id) VALUES (89, 18, 'FARM_1LP-ETH-DAI', 'f1LP-ETH-DAI', 1000000000000000000, 11647744, 394, 146, 147, null, 395);
INSERT INTO public.eth_vaults (id, decimals, name, symbol, underlying_unit, updated_block, contract, controller_id, governance_id, strategy_id, underlying_id) VALUES (90, 18, 'FARM_1LP-ETH-DAI', 'f1LP-ETH-DAI', 1000000000000000000, 11647788, 396, 146, 147, null, 395);
INSERT INTO public.eth_vaults (id, decimals, name, symbol, underlying_unit, updated_block, contract, controller_id, governance_id, strategy_id, underlying_id) VALUES (91, 18, 'FARM_1LP-ETH-USDC', 'f1LP-ETH-USDC', 1000000000000000000, 11647840, 397, 146, 147, null, 398);
INSERT INTO public.eth_vaults (id, decimals, name, symbol, underlying_unit, updated_block, contract, controller_id, governance_id, strategy_id, underlying_id) VALUES (92, 18, 'FARM_1LP-ETH-USDT', 'f1LP-ETH-USDT', 1000000000000000000, 11647867, 399, 146, 147, null, 400);
INSERT INTO public.eth_vaults (id, decimals, name, symbol, underlying_unit, updated_block, contract, controller_id, governance_id, strategy_id, underlying_id) VALUES (93, 18, 'FARM_1LP-ETH-WBTC', 'f1LP-ETH-WBTC', 1000000000000000000, 11647899, 401, 146, 147, null, 402);
INSERT INTO public.eth_vaults (id, decimals, name, symbol, underlying_unit, updated_block, contract, controller_id, governance_id, strategy_id, underlying_id) VALUES (94, 18, 'FARM_BAC', 'fBAC', 1000000000000000000, 11655594, 407, 146, 147, null, 372);
INSERT INTO public.eth_vaults (id, decimals, name, symbol, underlying_unit, updated_block, contract, controller_id, governance_id, strategy_id, underlying_id) VALUES (95, 18, 'FARM_ESD', 'fESD', 1000000000000000000, 11655611, 408, 146, 147, null, 409);
INSERT INTO public.eth_vaults (id, decimals, name, symbol, underlying_unit, updated_block, contract, controller_id, governance_id, strategy_id, underlying_id) VALUES (96, 18, 'FARM_DSD', 'fDSD', 1000000000000000000, 11655625, 411, 146, 147, null, 412);
INSERT INTO public.eth_vaults (id, decimals, name, symbol, underlying_unit, updated_block, contract, controller_id, governance_id, strategy_id, underlying_id) VALUES (97, 18, 'FARM_UNI-V2', 'fUNI-V2', 1000000000000000000, 11655635, 414, 146, 147, null, 415);
INSERT INTO public.eth_vaults (id, decimals, name, symbol, underlying_unit, updated_block, contract, controller_id, governance_id, strategy_id, underlying_id) VALUES (98, 18, 'FARM_UNI-V2', 'fUNI-V2', 1000000000000000000, 11655650, 417, 146, 147, null, 418);
INSERT INTO public.eth_vaults (id, decimals, name, symbol, underlying_unit, updated_block, contract, controller_id, governance_id, strategy_id, underlying_id) VALUES (99, 18, 'FARM_UNI-V2', 'fUNI-V2', 1000000000000000000, 11660621, 425, 146, 147, null, 415);
INSERT INTO public.eth_vaults (id, decimals, name, symbol, underlying_unit, updated_block, contract, controller_id, governance_id, strategy_id, underlying_id) VALUES (100, 18, 'FARM_UNI-V2', 'fUNI-V2', 1000000000000000000, 11660630, 426, 146, 147, null, 418);
INSERT INTO public.eth_vaults (id, decimals, name, symbol, underlying_unit, updated_block, contract, controller_id, governance_id, strategy_id, underlying_id) VALUES (101, 18, 'FARM_UNI-V2', 'fUNI-V2', 1000000000000000000, 11661526, 430, 146, 147, null, 415);
INSERT INTO public.eth_vaults (id, decimals, name, symbol, underlying_unit, updated_block, contract, controller_id, governance_id, strategy_id, underlying_id) VALUES (102, 18, 'FARM_eursCRV', 'feursCRV', 1000000000000000000, 11674635, 432, 146, 147, null, 433);
INSERT INTO public.eth_vaults (id, decimals, name, symbol, underlying_unit, updated_block, contract, controller_id, governance_id, strategy_id, underlying_id) VALUES (103, 18, 'FARM_ust3CRV', 'fust3CRV', 1000000000000000000, 11680874, 437, 146, 147, null, 438);
INSERT INTO public.eth_vaults (id, decimals, name, symbol, underlying_unit, updated_block, contract, controller_id, governance_id, strategy_id, underlying_id) VALUES (104, 18, 'FARM_ust3CRV', 'fust3CRV', 1000000000000000000, 11680901, 441, 146, 147, null, 438);
INSERT INTO public.eth_vaults (id, decimals, name, symbol, underlying_unit, updated_block, contract, controller_id, governance_id, strategy_id, underlying_id) VALUES (105, 18, 'FARM_UNI-V2', 'fUNI-V2', 1000000000000000000, 11681002, 443, 146, 147, null, 444);
INSERT INTO public.eth_vaults (id, decimals, name, symbol, underlying_unit, updated_block, contract, controller_id, governance_id, strategy_id, underlying_id) VALUES (106, 18, 'FARM_UNI-V2', 'fUNI-V2', 1000000000000000000, 11681036, 447, 146, 147, null, 448);
INSERT INTO public.eth_vaults (id, decimals, name, symbol, underlying_unit, updated_block, contract, controller_id, governance_id, strategy_id, underlying_id) VALUES (107, 18, 'FARM_UNI-V2', 'fUNI-V2', 1000000000000000000, 11681051, 451, 146, 147, null, 452);
INSERT INTO public.eth_vaults (id, decimals, name, symbol, underlying_unit, updated_block, contract, controller_id, governance_id, strategy_id, underlying_id) VALUES (108, 18, 'FARM_UNI-V2', 'fUNI-V2', 1000000000000000000, 11681066, 455, 146, 147, null, 444);
INSERT INTO public.eth_vaults (id, decimals, name, symbol, underlying_unit, updated_block, contract, controller_id, governance_id, strategy_id, underlying_id) VALUES (109, 18, 'FARM_UNI-V2', 'fUNI-V2', 1000000000000000000, 11681745, 457, 146, 147, null, 458);
INSERT INTO public.eth_vaults (id, decimals, name, symbol, underlying_unit, updated_block, contract, controller_id, governance_id, strategy_id, underlying_id) VALUES (110, 18, 'FARM_steCRV', 'fsteCRV', 1000000000000000000, 11686114, 461, 146, 147, null, 462);
INSERT INTO public.eth_vaults (id, decimals, name, symbol, underlying_unit, updated_block, contract, controller_id, governance_id, strategy_id, underlying_id) VALUES (111, 18, 'FARM_gusd3CRV', 'fgusd3CRV', 1000000000000000000, 11745396, 466, 146, 147, null, 467);
INSERT INTO public.eth_vaults (id, decimals, name, symbol, underlying_unit, updated_block, contract, controller_id, governance_id, strategy_id, underlying_id) VALUES (112, 18, 'FARM_SLP', 'fSLP', 1000000000000000000, 11777482, 469, 146, 147, null, 470);
INSERT INTO public.eth_vaults (id, decimals, name, symbol, underlying_unit, updated_block, contract, controller_id, governance_id, strategy_id, underlying_id) VALUES (113, 18, 'FARM_gusd3CRV', 'fgusd3CRV', 1000000000000000000, 11830627, 473, 146, 147, null, 467);
INSERT INTO public.eth_vaults (id, decimals, name, symbol, underlying_unit, updated_block, contract, controller_id, governance_id, strategy_id, underlying_id) VALUES (114, 18, 'FARM_a3CRV', 'fa3CRV', 1000000000000000000, 11830929, 474, 146, 147, null, 475);
INSERT INTO public.eth_vaults (id, decimals, name, symbol, underlying_unit, updated_block, contract, controller_id, governance_id, strategy_id, underlying_id) VALUES (115, 18, 'FARM_1LP-ETH-1INCH', 'f1LP-ETH-1INCH', 1000000000000000000, 11905239, 480, 146, 147, null, 481);
INSERT INTO public.eth_vaults (id, decimals, name, symbol, underlying_unit, updated_block, contract, controller_id, governance_id, strategy_id, underlying_id) VALUES (116, 18, 'FARM_UNI-V2', 'fUNI-V2', 1000000000000000000, 11921112, 485, 146, 147, null, 486);
INSERT INTO public.eth_vaults (id, decimals, name, symbol, underlying_unit, updated_block, contract, controller_id, governance_id, strategy_id, underlying_id) VALUES (117, 18, 'FARM_UNI-V2', 'fUNI-V2', 1000000000000000000, 11921421, 491, 146, 147, null, 492);
INSERT INTO public.eth_vaults (id, decimals, name, symbol, underlying_unit, updated_block, contract, controller_id, governance_id, strategy_id, underlying_id) VALUES (118, 18, 'FARM_UNI-V2', 'fUNI-V2', 1000000000000000000, 11924822, 495, 146, 147, null, 486);
INSERT INTO public.eth_vaults (id, decimals, name, symbol, underlying_unit, updated_block, contract, controller_id, governance_id, strategy_id, underlying_id) VALUES (119, 18, 'FARM_UNI-V2', 'fUNI-V2', 1000000000000000000, 11924880, 497, 146, 147, null, 492);
INSERT INTO public.eth_vaults (id, decimals, name, symbol, underlying_unit, updated_block, contract, controller_id, governance_id, strategy_id, underlying_id) VALUES (120, 18, 'FARM_UNI-V2', 'fUNI-V2', 1000000000000000000, 11953909, 499, 146, 147, null, 500);
INSERT INTO public.eth_vaults (id, decimals, name, symbol, underlying_unit, updated_block, contract, controller_id, governance_id, strategy_id, underlying_id) VALUES (121, 18, 'FARM_UNI-V2', 'fUNI-V2', 1000000000000000000, 11954001, 503, 146, 147, null, 504);
INSERT INTO public.eth_vaults (id, decimals, name, symbol, underlying_unit, updated_block, contract, controller_id, governance_id, strategy_id, underlying_id) VALUES (122, 18, 'FARM_SLP', 'fSLP', 1000000000000000000, 11954056, 507, 146, 147, null, 508);
INSERT INTO public.eth_vaults (id, decimals, name, symbol, underlying_unit, updated_block, contract, controller_id, governance_id, strategy_id, underlying_id) VALUES (123, 18, 'FARM_SUSHI', 'fSUSHI', 1000000000000000000, 11954197, 510, 146, 147, null, 171);
INSERT INTO public.eth_vaults (id, decimals, name, symbol, underlying_unit, updated_block, contract, controller_id, governance_id, strategy_id, underlying_id) VALUES (124, 18, 'FARM_linkCRV', 'flinkCRV', 1000000000000000000, 11954289, 512, 146, 147, null, 513);
INSERT INTO public.eth_vaults (id, decimals, name, symbol, underlying_unit, updated_block, contract, controller_id, governance_id, strategy_id, underlying_id) VALUES (125, 18, 'FARM_SLP', 'fSLP', 1000000000000000000, 11979999, 516, 146, 147, null, 344);
INSERT INTO public.eth_vaults (id, decimals, name, symbol, underlying_unit, updated_block, contract, controller_id, governance_id, strategy_id, underlying_id) VALUES (126, 18, 'FARM_SLP', 'fSLP', 1000000000000000000, 11998972, 519, 146, 147, null, 340);
INSERT INTO public.eth_vaults (id, decimals, name, symbol, underlying_unit, updated_block, contract, controller_id, governance_id, strategy_id, underlying_id) VALUES (127, 18, 'FARM_SLP', 'fSLP', 1000000000000000000, 11998978, 520, 146, 147, null, 342);
INSERT INTO public.eth_vaults (id, decimals, name, symbol, underlying_unit, updated_block, contract, controller_id, governance_id, strategy_id, underlying_id) VALUES (128, 18, 'FARM_SLP', 'fSLP', 1000000000000000000, 11998982, 521, 146, 147, null, 344);
INSERT INTO public.eth_vaults (id, decimals, name, symbol, underlying_unit, updated_block, contract, controller_id, governance_id, strategy_id, underlying_id) VALUES (129, 18, 'FARM_SLP', 'fSLP', 1000000000000000000, 11998985, 522, 146, 147, null, 346);
INSERT INTO public.eth_vaults (id, decimals, name, symbol, underlying_unit, updated_block, contract, controller_id, governance_id, strategy_id, underlying_id) VALUES (130, 18, 'FARM_usdp3CRV', 'fusdp3CRV', 1000000000000000000, 12016869, 527, 146, 147, null, 528);
INSERT INTO public.eth_vaults (id, decimals, name, symbol, underlying_unit, updated_block, contract, controller_id, governance_id, strategy_id, underlying_id) VALUES (131, 18, 'FARM_UNI-V2', 'fUNI-V2', 1000000000000000000, 12044242, 532, 146, 147, null, 533);
INSERT INTO public.eth_vaults (id, decimals, name, symbol, underlying_unit, updated_block, contract, controller_id, governance_id, strategy_id, underlying_id) VALUES (132, 18, 'FARM_UNI-V2', 'fUNI-V2', 1000000000000000000, 12044245, 535, 146, 147, null, 536);
INSERT INTO public.eth_vaults (id, decimals, name, symbol, underlying_unit, updated_block, contract, controller_id, governance_id, strategy_id, underlying_id) VALUES (133, 18, 'FARM_UNI-V2', 'fUNI-V2', 1000000000000000000, 12044247, 538, 146, 147, null, 539);
INSERT INTO public.eth_vaults (id, decimals, name, symbol, underlying_unit, updated_block, contract, controller_id, governance_id, strategy_id, underlying_id) VALUES (134, 18, 'FARM_UNI-V2', 'fUNI-V2', 1000000000000000000, 12044249, 541, 146, 147, null, 542);
INSERT INTO public.eth_vaults (id, decimals, name, symbol, underlying_unit, updated_block, contract, controller_id, governance_id, strategy_id, underlying_id) VALUES (135, 18, 'FARM_1LP-1INCH-USDC', 'f1LP-1INCH-USDC', 1000000000000000000, 12063517, 548, 146, 147, null, 549);
INSERT INTO public.eth_vaults (id, decimals, name, symbol, underlying_unit, updated_block, contract, controller_id, governance_id, strategy_id, underlying_id) VALUES (136, 18, 'FARM_1LP-1INCH-WBTC', 'f1LP-1INCH-WBTC', 1000000000000000000, 12063559, 552, 146, 147, null, 553);
INSERT INTO public.eth_vaults (id, decimals, name, symbol, underlying_unit, updated_block, contract, controller_id, governance_id, strategy_id, underlying_id) VALUES (137, 18, 'FARM_UNI-V2', 'fUNI-V2', 1000000000000000000, 12135549, 555, 146, 147, null, 556);
INSERT INTO public.eth_vaults (id, decimals, name, symbol, underlying_unit, updated_block, contract, controller_id, governance_id, strategy_id, underlying_id) VALUES (138, 18, 'FARM_UNI-V2', 'fUNI-V2', 1000000000000000000, 12226234, 561, 146, 147, null, 562);
INSERT INTO public.eth_vaults (id, decimals, name, symbol, underlying_unit, updated_block, contract, controller_id, governance_id, strategy_id, underlying_id) VALUES (139, 18, 'FARM_UNI-V2', 'fUNI-V2', 1000000000000000000, 12226550, 565, 146, 147, null, 566);
INSERT INTO public.eth_vaults (id, decimals, name, symbol, underlying_unit, updated_block, contract, controller_id, governance_id, strategy_id, underlying_id) VALUES (140, 18, 'FARM_UNI-V2', 'fUNI-V2', 1000000000000000000, 12226573, 569, 146, 147, null, 570);
INSERT INTO public.eth_vaults (id, decimals, name, symbol, underlying_unit, updated_block, contract, controller_id, governance_id, strategy_id, underlying_id) VALUES (141, 18, 'FARM_UNI-V2', 'fUNI-V2', 1000000000000000000, 12226912, 573, 146, 147, null, 574);
INSERT INTO public.eth_vaults (id, decimals, name, symbol, underlying_unit, updated_block, contract, controller_id, governance_id, strategy_id, underlying_id) VALUES (142, 18, 'FARM_SLP', 'fSLP', 1000000000000000000, 12323304, 577, 146, 147, null, 578);
INSERT INTO public.eth_vaults (id, decimals, name, symbol, underlying_unit, updated_block, contract, controller_id, governance_id, strategy_id, underlying_id) VALUES (143, 18, 'FARM_UNI-V2', 'fUNI-V2', 1000000000000000000, 12375452, 582, 146, 147, null, 583);

INSERT INTO public.eth_pools (id, updated_block, contract, controller, governance, lp_token, owner, reward_token) VALUES (1, 5992726, 49, 2, 3, 9, 3, 50);
INSERT INTO public.eth_pools (id, updated_block, contract, controller, governance, lp_token, owner, reward_token) VALUES (2, 5992730, 51, 2, 3, 10, 3, 50);
INSERT INTO public.eth_pools (id, updated_block, contract, controller, governance, lp_token, owner, reward_token) VALUES (3, 5992734, 52, 2, 3, 13, 3, 50);
INSERT INTO public.eth_pools (id, updated_block, contract, controller, governance, lp_token, owner, reward_token) VALUES (4, 5992738, 53, 2, 3, 14, 3, 50);
INSERT INTO public.eth_pools (id, updated_block, contract, controller, governance, lp_token, owner, reward_token) VALUES (5, 5992742, 54, 2, 3, 19, 3, 50);
INSERT INTO public.eth_pools (id, updated_block, contract, controller, governance, lp_token, owner, reward_token) VALUES (6, 5992746, 55, 2, 3, 22, 3, 50);
INSERT INTO public.eth_pools (id, updated_block, contract, controller, governance, lp_token, owner, reward_token) VALUES (7, 5992750, 56, 2, 3, 23, 3, 50);
INSERT INTO public.eth_pools (id, updated_block, contract, controller, governance, lp_token, owner, reward_token) VALUES (8, 5992754, 57, 2, 3, 24, 3, 50);
INSERT INTO public.eth_pools (id, updated_block, contract, controller, governance, lp_token, owner, reward_token) VALUES (9, 5992758, 58, 2, 3, 27, 3, 50);
INSERT INTO public.eth_pools (id, updated_block, contract, controller, governance, lp_token, owner, reward_token) VALUES (10, 5992762, 59, 2, 3, 28, 3, 50);
INSERT INTO public.eth_pools (id, updated_block, contract, controller, governance, lp_token, owner, reward_token) VALUES (11, 5992765, 60, 2, 3, 30, 3, 50);
INSERT INTO public.eth_pools (id, updated_block, contract, controller, governance, lp_token, owner, reward_token) VALUES (12, 5992769, 61, 2, 3, 34, 3, 50);
INSERT INTO public.eth_pools (id, updated_block, contract, controller, governance, lp_token, owner, reward_token) VALUES (13, 5992773, 62, 2, 3, 35, 3, 50);
INSERT INTO public.eth_pools (id, updated_block, contract, controller, governance, lp_token, owner, reward_token) VALUES (14, 5992777, 63, 2, 3, 39, 3, 50);
INSERT INTO public.eth_pools (id, updated_block, contract, controller, governance, lp_token, owner, reward_token) VALUES (15, 5992780, 64, 2, 3, 40, 3, 50);
INSERT INTO public.eth_pools (id, updated_block, contract, controller, governance, lp_token, owner, reward_token) VALUES (16, 5992784, 65, 2, 3, 41, 3, 50);
INSERT INTO public.eth_pools (id, updated_block, contract, controller, governance, lp_token, owner, reward_token) VALUES (17, 5992788, 66, 2, 3, 45, 3, 50);
INSERT INTO public.eth_pools (id, updated_block, contract, controller, governance, lp_token, owner, reward_token) VALUES (18, 5992791, 67, 2, 3, 46, 3, 50);
INSERT INTO public.eth_pools (id, updated_block, contract, controller, governance, lp_token, owner, reward_token) VALUES (19, 6186861, 75, 2, 3, 69, 3, 50);
INSERT INTO public.eth_pools (id, updated_block, contract, controller, governance, lp_token, owner, reward_token) VALUES (20, 6187007, 79, 2, 3, 77, 3, 50);
INSERT INTO public.eth_pools (id, updated_block, contract, controller, governance, lp_token, owner, reward_token) VALUES (21, 6191768, 83, 2, 3, 80, 3, 50);
INSERT INTO public.eth_pools (id, updated_block, contract, controller, governance, lp_token, owner, reward_token) VALUES (22, 6191845, 85, 2, 3, 84, 3, 50);
INSERT INTO public.eth_pools (id, updated_block, contract, controller, governance, lp_token, owner, reward_token) VALUES (23, 6191897, 89, 2, 3, 86, 3, 50);
INSERT INTO public.eth_pools (id, updated_block, contract, controller, governance, lp_token, owner, reward_token) VALUES (24, 6191961, 91, 2, 3, 90, 3, 50);
INSERT INTO public.eth_pools (id, updated_block, contract, controller, governance, lp_token, owner, reward_token) VALUES (25, 6192021, 93, 2, 3, 92, 3, 50);
INSERT INTO public.eth_pools (id, updated_block, contract, controller, governance, lp_token, owner, reward_token) VALUES (26, 6534746, 96, 2, 3, 94, 3, 50);
INSERT INTO public.eth_pools (id, updated_block, contract, controller, governance, lp_token, owner, reward_token) VALUES (27, 6534788, 100, 2, 3, 97, 3, 50);
INSERT INTO public.eth_pools (id, updated_block, contract, controller, governance, lp_token, owner, reward_token) VALUES (28, 6619853, 105, 2, 3, 104, 3, 50);
INSERT INTO public.eth_pools (id, updated_block, contract, controller, governance, lp_token, owner, reward_token) VALUES (29, 6619902, 109, 2, 3, 106, 3, 50);
INSERT INTO public.eth_pools (id, updated_block, contract, controller, governance, lp_token, owner, reward_token) VALUES (30, 6619965, 112, 2, 3, 110, 3, 50);
INSERT INTO public.eth_pools (id, updated_block, contract, controller, governance, lp_token, owner, reward_token) VALUES (31, 6620015, 115, 2, 3, 113, 3, 50);
INSERT INTO public.eth_pools (id, updated_block, contract, controller, governance, lp_token, owner, reward_token) VALUES (32, 6620063, 119, 2, 3, 116, 3, 50);
INSERT INTO public.eth_pools (id, updated_block, contract, controller, governance, lp_token, owner, reward_token) VALUES (33, 6736290, 124, 2, 3, 120, 3, 50);
INSERT INTO public.eth_pools (id, updated_block, contract, controller, governance, lp_token, owner, reward_token) VALUES (34, 6736344, 127, 2, 3, 125, 3, 50);
INSERT INTO public.eth_pools (id, updated_block, contract, controller, governance, lp_token, owner, reward_token) VALUES (35, 6736402, 131, 2, 3, 128, 3, 50);
INSERT INTO public.eth_pools (id, updated_block, contract, controller, governance, lp_token, owner, reward_token) VALUES (36, 6736455, 133, 2, 3, 132, 3, 50);
INSERT INTO public.eth_pools (id, updated_block, contract, controller, governance, lp_token, owner, reward_token) VALUES (37, 10770203, 156, 146, 147, 157, 147, 148);
INSERT INTO public.eth_pools (id, updated_block, contract, controller, governance, lp_token, owner, reward_token) VALUES (38, 10770212, 158, 146, 147, 145, 147, 157);
INSERT INTO public.eth_pools (id, updated_block, contract, controller, governance, lp_token, owner, reward_token) VALUES (39, 10770214, 159, 146, 147, 151, 147, 157);
INSERT INTO public.eth_pools (id, updated_block, contract, controller, governance, lp_token, owner, reward_token) VALUES (40, 10770216, 160, 146, 147, 153, 147, 157);
INSERT INTO public.eth_pools (id, updated_block, contract, controller, governance, lp_token, owner, reward_token) VALUES (41, 10776484, 161, 146, 147, 162, 147, 157);
INSERT INTO public.eth_pools (id, updated_block, contract, controller, governance, lp_token, owner, reward_token) VALUES (42, 10776491, 164, 146, 147, 165, 147, 157);
INSERT INTO public.eth_pools (id, updated_block, contract, controller, governance, lp_token, owner, reward_token) VALUES (43, 10776494, 167, 146, 147, 168, 147, 157);
INSERT INTO public.eth_pools (id, updated_block, contract, controller, governance, lp_token, owner, reward_token) VALUES (44, 10776509, 170, 146, 147, 171, 147, 157);
INSERT INTO public.eth_pools (id, updated_block, contract, controller, governance, lp_token, owner, reward_token) VALUES (45, 10776513, 173, 146, 147, 174, 147, 157);
INSERT INTO public.eth_pools (id, updated_block, contract, controller, governance, lp_token, owner, reward_token) VALUES (46, 10776518, 176, 146, 147, 177, 147, 157);
INSERT INTO public.eth_pools (id, updated_block, contract, controller, governance, lp_token, owner, reward_token) VALUES (47, 10776522, 179, 146, 147, 180, 147, 157);
INSERT INTO public.eth_pools (id, updated_block, contract, controller, governance, lp_token, owner, reward_token) VALUES (48, 10776537, 182, 146, 147, 183, 147, 157);
INSERT INTO public.eth_pools (id, updated_block, contract, controller, governance, lp_token, owner, reward_token) VALUES (49, 10776542, 188, 146, 147, 189, 147, 157);
INSERT INTO public.eth_pools (id, updated_block, contract, controller, governance, lp_token, owner, reward_token) VALUES (50, 10777067, 191, 146, 147, 192, 147, 157);
INSERT INTO public.eth_pools (id, updated_block, contract, controller, governance, lp_token, owner, reward_token) VALUES (51, 10777093, 194, 146, 147, 193, 147, 157);
INSERT INTO public.eth_pools (id, updated_block, contract, controller, governance, lp_token, owner, reward_token) VALUES (52, 10815689, 202, 146, 147, 203, 147, 157);
INSERT INTO public.eth_pools (id, updated_block, contract, controller, governance, lp_token, owner, reward_token) VALUES (53, 10815770, 207, 146, 147, 208, 147, 157);
INSERT INTO public.eth_pools (id, updated_block, contract, controller, governance, lp_token, owner, reward_token) VALUES (54, 10815782, 211, 146, 147, 212, 147, 157);
INSERT INTO public.eth_pools (id, updated_block, contract, controller, governance, lp_token, owner, reward_token) VALUES (55, 10815789, 213, 146, 147, 214, 147, 157);
INSERT INTO public.eth_pools (id, updated_block, contract, controller, governance, lp_token, owner, reward_token) VALUES (56, 10815799, 217, 146, 147, 218, 147, 157);
INSERT INTO public.eth_pools (id, updated_block, contract, controller, governance, lp_token, owner, reward_token) VALUES (57, 10815807, 220, 146, 147, 221, 147, 157);
INSERT INTO public.eth_pools (id, updated_block, contract, controller, governance, lp_token, owner, reward_token) VALUES (58, 10815811, 222, 146, 147, 223, 147, 157);
INSERT INTO public.eth_pools (id, updated_block, contract, controller, governance, lp_token, owner, reward_token) VALUES (59, 10815815, 224, 146, 147, 225, 147, 157);
INSERT INTO public.eth_pools (id, updated_block, contract, controller, governance, lp_token, owner, reward_token) VALUES (60, 10815986, 228, 146, 147, 196, 147, 157);
INSERT INTO public.eth_pools (id, updated_block, contract, controller, governance, lp_token, owner, reward_token) VALUES (61, 10816016, 229, 146, 147, 199, 147, 157);
INSERT INTO public.eth_pools (id, updated_block, contract, controller, governance, lp_token, owner, reward_token) VALUES (62, 10816022, 230, 146, 147, 226, 147, 157);
INSERT INTO public.eth_pools (id, updated_block, contract, controller, governance, lp_token, owner, reward_token) VALUES (63, 10816110, 231, 146, 147, 203, 147, 157);
INSERT INTO public.eth_pools (id, updated_block, contract, controller, governance, lp_token, owner, reward_token) VALUES (64, 10816113, 232, 146, 147, 208, 147, 157);
INSERT INTO public.eth_pools (id, updated_block, contract, controller, governance, lp_token, owner, reward_token) VALUES (65, 10816119, 233, 146, 147, 212, 147, 157);
INSERT INTO public.eth_pools (id, updated_block, contract, controller, governance, lp_token, owner, reward_token) VALUES (66, 10816122, 234, 146, 147, 214, 147, 157);
INSERT INTO public.eth_pools (id, updated_block, contract, controller, governance, lp_token, owner, reward_token) VALUES (67, 10816127, 235, 146, 147, 218, 147, 157);
INSERT INTO public.eth_pools (id, updated_block, contract, controller, governance, lp_token, owner, reward_token) VALUES (68, 10816129, 236, 146, 147, 221, 147, 157);
INSERT INTO public.eth_pools (id, updated_block, contract, controller, governance, lp_token, owner, reward_token) VALUES (69, 10816134, 237, 146, 147, 223, 147, 157);
INSERT INTO public.eth_pools (id, updated_block, contract, controller, governance, lp_token, owner, reward_token) VALUES (70, 10816138, 238, 146, 147, 225, 147, 157);
INSERT INTO public.eth_pools (id, updated_block, contract, controller, governance, lp_token, owner, reward_token) VALUES (71, 10816802, 239, 146, 147, 240, 147, 157);
INSERT INTO public.eth_pools (id, updated_block, contract, controller, governance, lp_token, owner, reward_token) VALUES (72, 10817080, 243, 146, 147, 244, 147, 157);
INSERT INTO public.eth_pools (id, updated_block, contract, controller, governance, lp_token, owner, reward_token) VALUES (73, 10817092, 245, 146, 147, 246, 147, 157);
INSERT INTO public.eth_pools (id, updated_block, contract, controller, governance, lp_token, owner, reward_token) VALUES (74, 10817095, 247, 146, 147, 248, 147, 157);
INSERT INTO public.eth_pools (id, updated_block, contract, controller, governance, lp_token, owner, reward_token) VALUES (75, 10821698, 249, 146, 147, 250, 147, 157);
INSERT INTO public.eth_pools (id, updated_block, contract, controller, governance, lp_token, owner, reward_token) VALUES (76, 10821799, 251, 146, 147, 252, 147, 157);
INSERT INTO public.eth_pools (id, updated_block, contract, controller, governance, lp_token, owner, reward_token) VALUES (77, 10821936, 253, 146, 147, 254, 147, 157);
INSERT INTO public.eth_pools (id, updated_block, contract, controller, governance, lp_token, owner, reward_token) VALUES (78, 10843002, 256, 146, 147, 193, 147, 157);
INSERT INTO public.eth_pools (id, updated_block, contract, controller, governance, lp_token, owner, reward_token) VALUES (79, 10862038, 258, 146, 147, 257, 147, 157);
INSERT INTO public.eth_pools (id, updated_block, contract, controller, governance, lp_token, owner, reward_token) VALUES (80, 10864328, 259, 146, 147, 260, 147, 157);
INSERT INTO public.eth_pools (id, updated_block, contract, controller, governance, lp_token, owner, reward_token) VALUES (81, 10864336, 262, 146, 147, 263, 147, 157);
INSERT INTO public.eth_pools (id, updated_block, contract, controller, governance, lp_token, owner, reward_token) VALUES (82, 10864340, 264, 146, 147, 263, 147, 157);
INSERT INTO public.eth_pools (id, updated_block, contract, controller, governance, lp_token, owner, reward_token) VALUES (83, 10864342, 265, 146, 147, 266, 147, 157);
INSERT INTO public.eth_pools (id, updated_block, contract, controller, governance, lp_token, owner, reward_token) VALUES (84, 10866919, 267, 146, 147, 268, 147, 157);
INSERT INTO public.eth_pools (id, updated_block, contract, controller, governance, lp_token, owner, reward_token) VALUES (85, 10913577, 276, 146, 147, 277, 147, 157);
INSERT INTO public.eth_pools (id, updated_block, contract, controller, governance, lp_token, owner, reward_token) VALUES (86, 10913654, 278, 146, 147, 270, 147, 157);
INSERT INTO public.eth_pools (id, updated_block, contract, controller, governance, lp_token, owner, reward_token) VALUES (87, 10913660, 279, 146, 147, 271, 147, 157);
INSERT INTO public.eth_pools (id, updated_block, contract, controller, governance, lp_token, owner, reward_token) VALUES (88, 10913662, 280, 146, 147, 272, 147, 157);
INSERT INTO public.eth_pools (id, updated_block, contract, controller, governance, lp_token, owner, reward_token) VALUES (89, 10913664, 281, 146, 147, 274, 147, 157);
INSERT INTO public.eth_pools (id, updated_block, contract, controller, governance, lp_token, owner, reward_token) VALUES (90, 10957879, 282, 146, 147, 157, 147, 157);
INSERT INTO public.eth_pools (id, updated_block, contract, controller, governance, lp_token, owner, reward_token) VALUES (91, 10958486, 284, 146, 147, 157, 147, 157);
INSERT INTO public.eth_pools (id, updated_block, contract, controller, governance, lp_token, owner, reward_token) VALUES (92, 10997827, 289, 146, 147, 288, 147, 157);
INSERT INTO public.eth_pools (id, updated_block, contract, controller, governance, lp_token, owner, reward_token) VALUES (93, 11011766, 292, 146, 147, 291, 147, 157);
INSERT INTO public.eth_pools (id, updated_block, contract, controller, governance, lp_token, owner, reward_token) VALUES (94, 11022275, 293, 146, 147, 291, 147, 157);
INSERT INTO public.eth_pools (id, updated_block, contract, controller, governance, lp_token, owner, reward_token) VALUES (95, 11023309, 294, 146, 147, 291, 147, 157);
INSERT INTO public.eth_pools (id, updated_block, contract, controller, governance, lp_token, owner, reward_token) VALUES (96, 11041835, 301, 146, 147, 298, 147, 157);
INSERT INTO public.eth_pools (id, updated_block, contract, controller, governance, lp_token, owner, reward_token) VALUES (97, 11041842, 302, 146, 147, 299, 147, 157);
INSERT INTO public.eth_pools (id, updated_block, contract, controller, governance, lp_token, owner, reward_token) VALUES (98, 11041845, 303, 146, 147, 300, 147, 157);
INSERT INTO public.eth_pools (id, updated_block, contract, controller, governance, lp_token, owner, reward_token) VALUES (99, 11043768, 304, 146, 147, 295, 147, 157);
INSERT INTO public.eth_pools (id, updated_block, contract, controller, governance, lp_token, owner, reward_token) VALUES (100, 11049243, 305, 146, 147, 300, 147, 157);
INSERT INTO public.eth_pools (id, updated_block, contract, controller, governance, lp_token, owner, reward_token) VALUES (101, 11068190, 307, 146, 147, 306, 147, 157);
INSERT INTO public.eth_pools (id, updated_block, contract, controller, governance, lp_token, owner, reward_token) VALUES (102, 11087149, 314, 146, 147, 308, 147, 157);
INSERT INTO public.eth_pools (id, updated_block, contract, controller, governance, lp_token, owner, reward_token) VALUES (103, 11087156, 315, 146, 147, 312, 147, 157);
INSERT INTO public.eth_pools (id, updated_block, contract, controller, governance, lp_token, owner, reward_token) VALUES (104, 11087160, 316, 146, 147, 309, 147, 157);
INSERT INTO public.eth_pools (id, updated_block, contract, controller, governance, lp_token, owner, reward_token) VALUES (105, 11087164, 317, 146, 147, 310, 147, 157);
INSERT INTO public.eth_pools (id, updated_block, contract, controller, governance, lp_token, owner, reward_token) VALUES (106, 11087172, 318, 146, 147, 313, 147, 157);
INSERT INTO public.eth_pools (id, updated_block, contract, controller, governance, lp_token, owner, reward_token) VALUES (107, 11087179, 319, 146, 147, 311, 147, 157);
INSERT INTO public.eth_pools (id, updated_block, contract, controller, governance, lp_token, owner, reward_token) VALUES (108, 11153147, 321, 146, 147, 320, 147, 157);
INSERT INTO public.eth_pools (id, updated_block, contract, controller, governance, lp_token, owner, reward_token) VALUES (109, 11159034, 324, 146, 147, 322, 147, 157);
INSERT INTO public.eth_pools (id, updated_block, contract, controller, governance, lp_token, owner, reward_token) VALUES (110, 11231016, 327, 146, 147, 325, 147, 157);
INSERT INTO public.eth_pools (id, updated_block, contract, controller, governance, lp_token, owner, reward_token) VALUES (111, 11257885, 336, 146, 147, 328, 147, 157);
INSERT INTO public.eth_pools (id, updated_block, contract, controller, governance, lp_token, owner, reward_token) VALUES (112, 11257895, 337, 146, 147, 332, 147, 157);
INSERT INTO public.eth_pools (id, updated_block, contract, controller, governance, lp_token, owner, reward_token) VALUES (113, 11257902, 338, 146, 147, 334, 147, 157);
INSERT INTO public.eth_pools (id, updated_block, contract, controller, governance, lp_token, owner, reward_token) VALUES (114, 11269974, 347, 146, 147, 343, 147, 157);
INSERT INTO public.eth_pools (id, updated_block, contract, controller, governance, lp_token, owner, reward_token) VALUES (115, 11269980, 348, 146, 147, 345, 147, 157);
INSERT INTO public.eth_pools (id, updated_block, contract, controller, governance, lp_token, owner, reward_token) VALUES (116, 11269986, 349, 146, 147, 341, 147, 157);
INSERT INTO public.eth_pools (id, updated_block, contract, controller, governance, lp_token, owner, reward_token) VALUES (117, 11269989, 350, 146, 147, 339, 147, 157);
INSERT INTO public.eth_pools (id, updated_block, contract, controller, governance, lp_token, owner, reward_token) VALUES (118, 11374201, 354, 146, 147, 351, 147, 157);
INSERT INTO public.eth_pools (id, updated_block, contract, controller, governance, lp_token, owner, reward_token) VALUES (119, 11380837, 359, 146, 147, 355, 147, 157);
INSERT INTO public.eth_pools (id, updated_block, contract, controller, governance, lp_token, owner, reward_token) VALUES (120, 11380850, 360, 146, 147, 357, 147, 157);
INSERT INTO public.eth_pools (id, updated_block, contract, controller, governance, lp_token, owner, reward_token) VALUES (121, 11407202, 361, 146, 147, 362, 147, 157);
INSERT INTO public.eth_pools (id, updated_block, contract, controller, governance, lp_token, owner, reward_token) VALUES (122, 11407437, 364, 146, 147, 365, 147, 157);
INSERT INTO public.eth_pools (id, updated_block, contract, controller, governance, lp_token, owner, reward_token) VALUES (123, 11609469, 382, 146, 147, 370, 147, 157);
INSERT INTO public.eth_pools (id, updated_block, contract, controller, governance, lp_token, owner, reward_token) VALUES (124, 11609483, 383, 146, 147, 370, 147, 157);
INSERT INTO public.eth_pools (id, updated_block, contract, controller, governance, lp_token, owner, reward_token) VALUES (125, 11609503, 384, 146, 147, 376, 147, 157);
INSERT INTO public.eth_pools (id, updated_block, contract, controller, governance, lp_token, owner, reward_token) VALUES (126, 11609508, 385, 146, 147, 379, 147, 157);
INSERT INTO public.eth_pools (id, updated_block, contract, controller, governance, lp_token, owner, reward_token) VALUES (127, 11616168, 386, 146, 147, 373, 147, 157);
INSERT INTO public.eth_pools (id, updated_block, contract, controller, governance, lp_token, owner, reward_token) VALUES (128, 11641089, 392, 146, 147, 391, 147, 157);
INSERT INTO public.eth_pools (id, updated_block, contract, controller, governance, lp_token, owner, reward_token) VALUES (129, 11647955, 403, 146, 147, 396, 147, 157);
INSERT INTO public.eth_pools (id, updated_block, contract, controller, governance, lp_token, owner, reward_token) VALUES (130, 11648033, 404, 146, 147, 397, 147, 157);
INSERT INTO public.eth_pools (id, updated_block, contract, controller, governance, lp_token, owner, reward_token) VALUES (131, 11648090, 405, 146, 147, 399, 147, 157);
INSERT INTO public.eth_pools (id, updated_block, contract, controller, governance, lp_token, owner, reward_token) VALUES (132, 11648101, 406, 146, 147, 401, 147, 157);
INSERT INTO public.eth_pools (id, updated_block, contract, controller, governance, lp_token, owner, reward_token) VALUES (133, 11655673, 420, 146, 147, 407, 147, 157);
INSERT INTO public.eth_pools (id, updated_block, contract, controller, governance, lp_token, owner, reward_token) VALUES (134, 11655679, 421, 146, 147, 408, 147, 157);
INSERT INTO public.eth_pools (id, updated_block, contract, controller, governance, lp_token, owner, reward_token) VALUES (135, 11655689, 422, 146, 147, 411, 147, 157);
INSERT INTO public.eth_pools (id, updated_block, contract, controller, governance, lp_token, owner, reward_token) VALUES (136, 11655695, 423, 146, 147, 414, 147, 157);
INSERT INTO public.eth_pools (id, updated_block, contract, controller, governance, lp_token, owner, reward_token) VALUES (137, 11655701, 424, 146, 147, 417, 147, 157);
INSERT INTO public.eth_pools (id, updated_block, contract, controller, governance, lp_token, owner, reward_token) VALUES (138, 11660866, 427, 146, 147, 425, 147, 157);
INSERT INTO public.eth_pools (id, updated_block, contract, controller, governance, lp_token, owner, reward_token) VALUES (139, 11660882, 428, 146, 147, 426, 147, 157);
INSERT INTO public.eth_pools (id, updated_block, contract, controller, governance, lp_token, owner, reward_token) VALUES (140, 11661125, 429, 146, 147, 426, 147, 157);
INSERT INTO public.eth_pools (id, updated_block, contract, controller, governance, lp_token, owner, reward_token) VALUES (141, 11661548, 431, 146, 147, 430, 147, 157);
INSERT INTO public.eth_pools (id, updated_block, contract, controller, governance, lp_token, owner, reward_token) VALUES (142, 11674656, 436, 146, 147, 432, 147, 157);
INSERT INTO public.eth_pools (id, updated_block, contract, controller, governance, lp_token, owner, reward_token) VALUES (143, 11680930, 442, 146, 147, 441, 147, 157);
INSERT INTO public.eth_pools (id, updated_block, contract, controller, governance, lp_token, owner, reward_token) VALUES (144, 11681016, 446, 146, 147, 443, 147, 157);
INSERT INTO public.eth_pools (id, updated_block, contract, controller, governance, lp_token, owner, reward_token) VALUES (145, 11681037, 450, 146, 147, 447, 147, 157);
INSERT INTO public.eth_pools (id, updated_block, contract, controller, governance, lp_token, owner, reward_token) VALUES (146, 11681054, 454, 146, 147, 451, 147, 157);
INSERT INTO public.eth_pools (id, updated_block, contract, controller, governance, lp_token, owner, reward_token) VALUES (147, 11681067, 456, 146, 147, 455, 147, 157);
INSERT INTO public.eth_pools (id, updated_block, contract, controller, governance, lp_token, owner, reward_token) VALUES (148, 11681748, 460, 146, 147, 457, 147, 157);
INSERT INTO public.eth_pools (id, updated_block, contract, controller, governance, lp_token, owner, reward_token) VALUES (149, 11686133, 464, 146, 147, 461, 147, 157);
INSERT INTO public.eth_pools (id, updated_block, contract, controller, governance, lp_token, owner, reward_token) VALUES (150, 11745429, 468, 146, 147, 466, 147, 157);
INSERT INTO public.eth_pools (id, updated_block, contract, controller, governance, lp_token, owner, reward_token) VALUES (151, 11777527, 471, 146, 147, 469, 147, 157);
INSERT INTO public.eth_pools (id, updated_block, contract, controller, governance, lp_token, owner, reward_token) VALUES (152, 11777533, 472, 146, 147, 469, 147, 157);
INSERT INTO public.eth_pools (id, updated_block, contract, controller, governance, lp_token, owner, reward_token) VALUES (153, 11830965, 477, 146, 147, 474, 147, 157);
INSERT INTO public.eth_pools (id, updated_block, contract, controller, governance, lp_token, owner, reward_token) VALUES (154, 11905294, 484, 146, 147, 480, 147, 157);
INSERT INTO public.eth_pools (id, updated_block, contract, controller, governance, lp_token, owner, reward_token) VALUES (155, 11921286, 488, 146, 147, 485, 147, 489);
INSERT INTO public.eth_pools (id, updated_block, contract, controller, governance, lp_token, owner, reward_token) VALUES (156, 11921433, 494, 146, 147, 491, 147, 489);
INSERT INTO public.eth_pools (id, updated_block, contract, controller, governance, lp_token, owner, reward_token) VALUES (157, 11924852, 496, 146, 147, 495, 147, 489);
INSERT INTO public.eth_pools (id, updated_block, contract, controller, governance, lp_token, owner, reward_token) VALUES (158, 11925210, 498, 146, 147, 497, 147, 489);
INSERT INTO public.eth_pools (id, updated_block, contract, controller, governance, lp_token, owner, reward_token) VALUES (159, 11953917, 502, 146, 147, 499, 147, 489);
INSERT INTO public.eth_pools (id, updated_block, contract, controller, governance, lp_token, owner, reward_token) VALUES (160, 11954014, 506, 146, 147, 503, 147, 489);
INSERT INTO public.eth_pools (id, updated_block, contract, controller, governance, lp_token, owner, reward_token) VALUES (161, 11954061, 509, 146, 147, 507, 147, 489);
INSERT INTO public.eth_pools (id, updated_block, contract, controller, governance, lp_token, owner, reward_token) VALUES (162, 11954222, 511, 146, 147, 510, 147, 489);
INSERT INTO public.eth_pools (id, updated_block, contract, controller, governance, lp_token, owner, reward_token) VALUES (163, 11954328, 515, 146, 147, 512, 147, 489);
INSERT INTO public.eth_pools (id, updated_block, contract, controller, governance, lp_token, owner, reward_token) VALUES (164, 11980008, 517, 146, 147, 480, 147, 157);
INSERT INTO public.eth_pools (id, updated_block, contract, controller, governance, lp_token, owner, reward_token) VALUES (165, 11980012, 518, 146, 147, 516, 147, 157);
INSERT INTO public.eth_pools (id, updated_block, contract, controller, governance, lp_token, owner, reward_token) VALUES (166, 11998997, 523, 146, 147, 519, 147, 489);
INSERT INTO public.eth_pools (id, updated_block, contract, controller, governance, lp_token, owner, reward_token) VALUES (167, 11999015, 524, 146, 147, 520, 147, 489);
INSERT INTO public.eth_pools (id, updated_block, contract, controller, governance, lp_token, owner, reward_token) VALUES (168, 11999019, 525, 146, 147, 521, 147, 489);
INSERT INTO public.eth_pools (id, updated_block, contract, controller, governance, lp_token, owner, reward_token) VALUES (169, 11999022, 526, 146, 147, 522, 147, 489);
INSERT INTO public.eth_pools (id, updated_block, contract, controller, governance, lp_token, owner, reward_token) VALUES (170, 12016907, 531, 146, 147, 527, 147, 489);
INSERT INTO public.eth_pools (id, updated_block, contract, controller, governance, lp_token, owner, reward_token) VALUES (171, 12044252, 544, 146, 147, 532, 147, 489);
INSERT INTO public.eth_pools (id, updated_block, contract, controller, governance, lp_token, owner, reward_token) VALUES (172, 12044258, 545, 146, 147, 535, 147, 489);
INSERT INTO public.eth_pools (id, updated_block, contract, controller, governance, lp_token, owner, reward_token) VALUES (173, 12044260, 546, 146, 147, 538, 147, 489);
INSERT INTO public.eth_pools (id, updated_block, contract, controller, governance, lp_token, owner, reward_token) VALUES (174, 12044261, 547, 146, 147, 541, 147, 489);
INSERT INTO public.eth_pools (id, updated_block, contract, controller, governance, lp_token, owner, reward_token) VALUES (175, 12063524, 550, 146, 147, 548, 147, 489);
INSERT INTO public.eth_pools (id, updated_block, contract, controller, governance, lp_token, owner, reward_token) VALUES (176, 12063572, 554, 146, 147, 552, 147, 489);
INSERT INTO public.eth_pools (id, updated_block, contract, controller, governance, lp_token, owner, reward_token) VALUES (177, 12135577, 558, 146, 147, 555, 147, 489);
INSERT INTO public.eth_pools (id, updated_block, contract, controller, governance, lp_token, owner, reward_token) VALUES (178, 12226476, 564, 146, 147, 561, 147, 489);
INSERT INTO public.eth_pools (id, updated_block, contract, controller, governance, lp_token, owner, reward_token) VALUES (179, 12226558, 568, 146, 147, 565, 147, 489);
INSERT INTO public.eth_pools (id, updated_block, contract, controller, governance, lp_token, owner, reward_token) VALUES (180, 12226577, 572, 146, 147, 569, 147, 489);
INSERT INTO public.eth_pools (id, updated_block, contract, controller, governance, lp_token, owner, reward_token) VALUES (181, 12226915, 576, 146, 147, 573, 147, 489);
INSERT INTO public.eth_pools (id, updated_block, contract, controller, governance, lp_token, owner, reward_token) VALUES (182, 12323334, 581, 146, 147, 577, 147, 489);
INSERT INTO public.eth_pools (id, updated_block, contract, controller, governance, lp_token, owner, reward_token) VALUES (183, 12375473, 585, 146, 147, 582, 147, 489);

INSERT INTO public.eth_uni_pairs (id, decimals, type, updated_block, contract, key_token, token0_id, token1_id) VALUES (1, 18, 0, 5992193, 5, 1, 6, 4);
INSERT INTO public.eth_uni_pairs (id, decimals, type, updated_block, contract, key_token, token0_id, token1_id) VALUES (2, 18, 0, 5992193, 7, 2, 6, 8);
INSERT INTO public.eth_uni_pairs (id, decimals, type, updated_block, contract, key_token, token0_id, token1_id) VALUES (3, 18, 0, 5992229, 12, 4, 11, 8);
INSERT INTO public.eth_uni_pairs (id, decimals, type, updated_block, contract, key_token, token0_id, token1_id) VALUES (4, 18, 0, 5992243, 16, 5, 17, 15);
INSERT INTO public.eth_uni_pairs (id, decimals, type, updated_block, contract, key_token, token0_id, token1_id) VALUES (5, 18, 0, 5992243, 18, 6, 17, 8);
INSERT INTO public.eth_uni_pairs (id, decimals, type, updated_block, contract, key_token, token0_id, token1_id) VALUES (6, 18, 0, 5992249, 21, 7, 20, 8);
INSERT INTO public.eth_uni_pairs (id, decimals, type, updated_block, contract, key_token, token0_id, token1_id) VALUES (7, 18, 0, 5992270, 26, 8, 25, 17);
INSERT INTO public.eth_uni_pairs (id, decimals, type, updated_block, contract, key_token, token0_id, token1_id) VALUES (8, 18, 0, 5992284, 29, null, 6, 17);
INSERT INTO public.eth_uni_pairs (id, decimals, type, updated_block, contract, key_token, token0_id, token1_id) VALUES (9, 18, 0, 5992290, 31, null, 32, 17);
INSERT INTO public.eth_uni_pairs (id, decimals, type, updated_block, contract, key_token, token0_id, token1_id) VALUES (10, 18, 0, 5992290, 33, 9, 32, 8);
INSERT INTO public.eth_uni_pairs (id, decimals, type, updated_block, contract, key_token, token0_id, token1_id) VALUES (11, 18, 0, 5992304, 36, null, 17, 37);
INSERT INTO public.eth_uni_pairs (id, decimals, type, updated_block, contract, key_token, token0_id, token1_id) VALUES (12, 18, 0, 5992304, 38, 10, 8, 37);
INSERT INTO public.eth_uni_pairs (id, decimals, type, updated_block, contract, key_token, token0_id, token1_id) VALUES (13, 18, 0, 5992327, 42, null, 43, 17);
INSERT INTO public.eth_uni_pairs (id, decimals, type, updated_block, contract, key_token, token0_id, token1_id) VALUES (14, 18, 0, 5992327, 44, 11, 43, 8);
INSERT INTO public.eth_uni_pairs (id, decimals, type, updated_block, contract, key_token, token0_id, token1_id) VALUES (15, 18, 0, 5992341, 47, null, 48, 8);
INSERT INTO public.eth_uni_pairs (id, decimals, type, updated_block, contract, key_token, token0_id, token1_id) VALUES (16, 18, 3, 6186796, 70, null, 71, 72);
INSERT INTO public.eth_uni_pairs (id, decimals, type, updated_block, contract, key_token, token0_id, token1_id) VALUES (17, 18, 0, 6186796, 73, 14, 71, 8);
INSERT INTO public.eth_uni_pairs (id, decimals, type, updated_block, contract, key_token, token0_id, token1_id) VALUES (18, 18, 0, 6186796, 74, 15, 17, 72);
INSERT INTO public.eth_uni_pairs (id, decimals, type, updated_block, contract, key_token, token0_id, token1_id) VALUES (19, 18, 0, 6186861, 76, 13, 50, 8);
INSERT INTO public.eth_uni_pairs (id, decimals, type, updated_block, contract, key_token, token0_id, token1_id) VALUES (20, 18, 3, 6186984, 78, null, null, 71);
INSERT INTO public.eth_uni_pairs (id, decimals, type, updated_block, contract, key_token, token0_id, token1_id) VALUES (21, 18, 0, 6191727, 82, 16, 81, 8);
INSERT INTO public.eth_uni_pairs (id, decimals, type, updated_block, contract, key_token, token0_id, token1_id) VALUES (22, 18, 0, 6191872, 88, 17, 87, 8);
INSERT INTO public.eth_uni_pairs (id, decimals, type, updated_block, contract, key_token, token0_id, token1_id) VALUES (23, 18, 0, 6534771, 98, null, 99, 17);
INSERT INTO public.eth_uni_pairs (id, decimals, type, updated_block, contract, key_token, token0_id, token1_id) VALUES (24, 18, 0, 6619780, 102, null, 103, 17);
INSERT INTO public.eth_uni_pairs (id, decimals, type, updated_block, contract, key_token, token0_id, token1_id) VALUES (26, 18, 0, 6619941, 111, null, 108, 8);
INSERT INTO public.eth_uni_pairs (id, decimals, type, updated_block, contract, key_token, token0_id, token1_id) VALUES (25, 18, 0, 6619882, 107, 21, 108, 17);
INSERT INTO public.eth_uni_pairs (id, decimals, type, updated_block, contract, key_token, token0_id, token1_id) VALUES (27, 18, 0, 6620042, 117, null, 17, 118);
INSERT INTO public.eth_uni_pairs (id, decimals, type, updated_block, contract, key_token, token0_id, token1_id) VALUES (28, 18, 0, 6736265, 123, 24, 122, 8);
INSERT INTO public.eth_uni_pairs (id, decimals, type, updated_block, contract, key_token, token0_id, token1_id) VALUES (29, 18, 0, 6736381, 129, 27, 17, 130);
INSERT INTO public.eth_uni_pairs (id, decimals, type, updated_block, contract, key_token, token0_id, token1_id) VALUES (30, 18, 0, 6852671, 134, 5, 17, 15);
INSERT INTO public.eth_uni_pairs (id, decimals, type, updated_block, contract, key_token, token0_id, token1_id) VALUES (31, 18, 0, 6852671, 135, 6, 17, 8);
INSERT INTO public.eth_uni_pairs (id, decimals, type, updated_block, contract, key_token, token0_id, token1_id) VALUES (32, 18, 0, 6852759, 136, 16, 81, 8);
INSERT INTO public.eth_uni_pairs (id, decimals, type, updated_block, contract, key_token, token0_id, token1_id) VALUES (33, 18, 0, 6852805, 137, 17, 87, 8);
INSERT INTO public.eth_uni_pairs (id, decimals, type, updated_block, contract, key_token, token0_id, token1_id) VALUES (34, 18, 0, 6906958, 138, 7, 20, 8);
INSERT INTO public.eth_uni_pairs (id, decimals, type, updated_block, contract, key_token, token0_id, token1_id) VALUES (35, 18, 0, 6929766, 139, 9, 32, 8);
INSERT INTO public.eth_uni_pairs (id, decimals, type, updated_block, contract, key_token, token0_id, token1_id) VALUES (36, 18, 0, 6932925, 140, 8, 25, 17);
INSERT INTO public.eth_uni_pairs (id, decimals, type, updated_block, contract, key_token, token0_id, token1_id) VALUES (37, 18, 0, 6939065, 141, 23, 17, 118);
INSERT INTO public.eth_uni_pairs (id, decimals, type, updated_block, contract, key_token, token0_id, token1_id) VALUES (38, 18, 0, 6965364, 142, null, 6, 17);
INSERT INTO public.eth_uni_pairs (id, decimals, type, updated_block, contract, key_token, token0_id, token1_id) VALUES (39, 18, 0, 6965520, 143, null, 17, 130);
INSERT INTO public.eth_uni_pairs (id, decimals, type, updated_block, contract, key_token, token0_id, token1_id) VALUES (40, 18, 0, 6965630, 144, null, 32, 17);
INSERT INTO public.eth_uni_pairs (id, decimals, type, updated_block, contract, key_token, token0_id, token1_id) VALUES (41, 18, 1, 10770103, 149, 28, 148, 150);
INSERT INTO public.eth_uni_pairs (id, decimals, type, updated_block, contract, key_token, token0_id, token1_id) VALUES (42, 18, 1, 10776484, 163, 33, 162, 150);
INSERT INTO public.eth_uni_pairs (id, decimals, type, updated_block, contract, key_token, token0_id, token1_id) VALUES (43, 18, 1, 10776491, 166, 34, 165, 150);
INSERT INTO public.eth_uni_pairs (id, decimals, type, updated_block, contract, key_token, token0_id, token1_id) VALUES (44, 18, 1, 10776494, 169, 35, 168, 162);
INSERT INTO public.eth_uni_pairs (id, decimals, type, updated_block, contract, key_token, token0_id, token1_id) VALUES (45, 18, 1, 10776509, 172, 36, 171, 162);
INSERT INTO public.eth_uni_pairs (id, decimals, type, updated_block, contract, key_token, token0_id, token1_id) VALUES (46, 18, 1, 10776513, 175, 37, 174, 162);
INSERT INTO public.eth_uni_pairs (id, decimals, type, updated_block, contract, key_token, token0_id, token1_id) VALUES (47, 18, 1, 10776518, 178, 38, 177, 150);
INSERT INTO public.eth_uni_pairs (id, decimals, type, updated_block, contract, key_token, token0_id, token1_id) VALUES (48, 18, 1, 10776522, 181, 39, 180, 162);
INSERT INTO public.eth_uni_pairs (id, decimals, type, updated_block, contract, key_token, token0_id, token1_id) VALUES (49, 18, 1, 10776537, 183, null, 184, 185);
INSERT INTO public.eth_uni_pairs (id, decimals, type, updated_block, contract, key_token, token0_id, token1_id) VALUES (50, 18, 1, 10776537, 186, 40, 184, 162);
INSERT INTO public.eth_uni_pairs (id, decimals, type, updated_block, contract, key_token, token0_id, token1_id) VALUES (51, 18, 1, 10776537, 187, 41, 185, 162);
INSERT INTO public.eth_uni_pairs (id, decimals, type, updated_block, contract, key_token, token0_id, token1_id) VALUES (52, 18, 1, 10776542, 189, null, 162, 190);
INSERT INTO public.eth_uni_pairs (id, decimals, type, updated_block, contract, key_token, token0_id, token1_id) VALUES (53, 18, 1, 10777067, 193, 32, 157, 152);
INSERT INTO public.eth_uni_pairs (id, decimals, type, updated_block, contract, key_token, token0_id, token1_id) VALUES (54, 18, 1, 10802976, 198, 44, 197, 152);
INSERT INTO public.eth_uni_pairs (id, decimals, type, updated_block, contract, key_token, token0_id, token1_id) VALUES (55, 18, 1, 10802986, 201, 45, 197, 200);
INSERT INTO public.eth_uni_pairs (id, decimals, type, updated_block, contract, key_token, token0_id, token1_id) VALUES (56, 18, 1, 10815689, 205, 47, 162, 204);
INSERT INTO public.eth_uni_pairs (id, decimals, type, updated_block, contract, key_token, token0_id, token1_id) VALUES (57, 18, 1, 10815689, 206, 33, 152, 162);
INSERT INTO public.eth_uni_pairs (id, decimals, type, updated_block, contract, key_token, token0_id, token1_id) VALUES (58, 18, 1, 10815770, 210, 49, 209, 162);
INSERT INTO public.eth_uni_pairs (id, decimals, type, updated_block, contract, key_token, token0_id, token1_id) VALUES (59, 18, 1, 10815789, 215, null, 162, 216);
INSERT INTO public.eth_uni_pairs (id, decimals, type, updated_block, contract, key_token, token0_id, token1_id) VALUES (60, 18, 1, 10815799, 219, 38, 177, 162);
INSERT INTO public.eth_uni_pairs (id, decimals, type, updated_block, contract, key_token, token0_id, token1_id) VALUES (61, 18, 1, 10816802, 242, 58, 162, 241);
INSERT INTO public.eth_uni_pairs (id, decimals, type, updated_block, contract, key_token, token0_id, token1_id) VALUES (62, 18, 1, 10817080, 244, null, 153, 150);
INSERT INTO public.eth_uni_pairs (id, decimals, type, updated_block, contract, key_token, token0_id, token1_id) VALUES (63, 18, 1, 10817092, 246, null, 152, 151);
INSERT INTO public.eth_uni_pairs (id, decimals, type, updated_block, contract, key_token, token0_id, token1_id) VALUES (64, 18, 1, 10817095, 248, null, 148, 145);
INSERT INTO public.eth_uni_pairs (id, decimals, type, updated_block, contract, key_token, token0_id, token1_id) VALUES (65, 18, 1, 10822977, 255, 28, 148, 152);
INSERT INTO public.eth_uni_pairs (id, decimals, type, updated_block, contract, key_token, token0_id, token1_id) VALUES (66, 18, 1, 10864328, 260, null, 197, 196);
INSERT INTO public.eth_uni_pairs (id, decimals, type, updated_block, contract, key_token, token0_id, token1_id) VALUES (67, 18, 1, 10864328, 261, 44, 197, 150);
INSERT INTO public.eth_uni_pairs (id, decimals, type, updated_block, contract, key_token, token0_id, token1_id) VALUES (68, 18, 1, 10864336, 263, null, 197, 199);
INSERT INTO public.eth_uni_pairs (id, decimals, type, updated_block, contract, key_token, token0_id, token1_id) VALUES (69, 18, 1, 10864342, 266, null, 226, 197);
INSERT INTO public.eth_uni_pairs (id, decimals, type, updated_block, contract, key_token, token0_id, token1_id) VALUES (70, 18, 1, 10866919, 268, null, 257, 162);
INSERT INTO public.eth_uni_pairs (id, decimals, type, updated_block, contract, key_token, token0_id, token1_id) VALUES (71, 18, 1, 10868416, 269, 45, 162, 200);
INSERT INTO public.eth_uni_pairs (id, decimals, type, updated_block, contract, key_token, token0_id, token1_id) VALUES (72, 18, 1, 10883048, 273, null, 148, 162);
INSERT INTO public.eth_uni_pairs (id, decimals, type, updated_block, contract, key_token, token0_id, token1_id) VALUES (73, 18, 1, 10883054, 275, null, 197, 162);
INSERT INTO public.eth_uni_pairs (id, decimals, type, updated_block, contract, key_token, token0_id, token1_id) VALUES (74, 18, 1, 10997643, 287, 70, 286, 162);
INSERT INTO public.eth_uni_pairs (id, decimals, type, updated_block, contract, key_token, token0_id, token1_id) VALUES (75, 18, 2, 11002540, 290, 45, 197, 200);
INSERT INTO public.eth_uni_pairs (id, decimals, type, updated_block, contract, key_token, token0_id, token1_id) VALUES (76, 18, 2, 11036221, 296, 71, 197, 297);
INSERT INTO public.eth_uni_pairs (id, decimals, type, updated_block, contract, key_token, token0_id, token1_id) VALUES (77, 18, 1, 11257782, 331, 74, 330, 162);
INSERT INTO public.eth_uni_pairs (id, decimals, type, updated_block, contract, key_token, token0_id, token1_id) VALUES (80, 18, 2, 11269737, 344, null, 148, 162);
INSERT INTO public.eth_uni_pairs (id, decimals, type, updated_block, contract, key_token, token0_id, token1_id) VALUES (81, 18, 2, 11269740, 346, null, 197, 162);
INSERT INTO public.eth_uni_pairs (id, decimals, type, updated_block, contract, key_token, token0_id, token1_id) VALUES (79, 18, 2, 11269723, 342, 33, 152, 162);
INSERT INTO public.eth_uni_pairs (id, decimals, type, updated_block, contract, key_token, token0_id, token1_id) VALUES (82, 18, 1, 11374190, 352, null, 353, 162);
INSERT INTO public.eth_uni_pairs (id, decimals, type, updated_block, contract, key_token, token0_id, token1_id) VALUES (83, 18, 1, 11407202, 362, null, 363, 157);
INSERT INTO public.eth_uni_pairs (id, decimals, type, updated_block, contract, key_token, token0_id, token1_id) VALUES (85, 18, 1, 11413988, 366, 81, 363, 162);
INSERT INTO public.eth_uni_pairs (id, decimals, type, updated_block, contract, key_token, token0_id, token1_id) VALUES (86, 18, 1, 11427213, 369, 82, 368, 197);
INSERT INTO public.eth_uni_pairs (id, decimals, type, updated_block, contract, key_token, token0_id, token1_id) VALUES (84, 18, 1, 11407437, 365, 32, 157, 162);
INSERT INTO public.eth_uni_pairs (id, decimals, type, updated_block, contract, key_token, token0_id, token1_id) VALUES (88, 18, 1, 11608446, 374, null, 148, 375);
INSERT INTO public.eth_uni_pairs (id, decimals, type, updated_block, contract, key_token, token0_id, token1_id) VALUES (89, 18, 2, 11608458, 377, null, 378, 150);
INSERT INTO public.eth_uni_pairs (id, decimals, type, updated_block, contract, key_token, token0_id, token1_id) VALUES (90, 18, 2, 11608467, 380, null, 381, 150);
INSERT INTO public.eth_uni_pairs (id, decimals, type, updated_block, contract, key_token, token0_id, token1_id) VALUES (91, 18, 2, 11639176, 390, 87, 389, 162);
INSERT INTO public.eth_uni_pairs (id, decimals, type, updated_block, contract, key_token, token0_id, token1_id) VALUES (92, 18, 3, 11647744, 395, null, null, 148);
INSERT INTO public.eth_uni_pairs (id, decimals, type, updated_block, contract, key_token, token0_id, token1_id) VALUES (93, 18, 3, 11647840, 398, null, null, 152);
INSERT INTO public.eth_uni_pairs (id, decimals, type, updated_block, contract, key_token, token0_id, token1_id) VALUES (94, 18, 3, 11647867, 400, null, null, 150);
INSERT INTO public.eth_uni_pairs (id, decimals, type, updated_block, contract, key_token, token0_id, token1_id) VALUES (95, 18, 3, 11647899, 402, null, null, 197);
INSERT INTO public.eth_uni_pairs (id, decimals, type, updated_block, contract, key_token, token0_id, token1_id) VALUES (87, 18, 1, 11608435, 371, 83, 372, 148);
INSERT INTO public.eth_uni_pairs (id, decimals, type, updated_block, contract, key_token, token0_id, token1_id) VALUES (96, 18, 2, 11655611, 410, 89, 409, 162);
INSERT INTO public.eth_uni_pairs (id, decimals, type, updated_block, contract, key_token, token0_id, token1_id) VALUES (97, 18, 1, 11655625, 413, 90, 152, 412);
INSERT INTO public.eth_uni_pairs (id, decimals, type, updated_block, contract, key_token, token0_id, token1_id) VALUES (98, 18, 1, 11655635, 415, null, 148, 416);
INSERT INTO public.eth_uni_pairs (id, decimals, type, updated_block, contract, key_token, token0_id, token1_id) VALUES (99, 18, 1, 11655650, 418, null, 148, 419);
INSERT INTO public.eth_uni_pairs (id, decimals, type, updated_block, contract, key_token, token0_id, token1_id) VALUES (100, 18, 1, 11674635, 435, 93, 152, 434);
INSERT INTO public.eth_uni_pairs (id, decimals, type, updated_block, contract, key_token, token0_id, token1_id) VALUES (101, 18, 1, 11680874, 440, 95, 439, 150);
INSERT INTO public.eth_uni_pairs (id, decimals, type, updated_block, contract, key_token, token0_id, token1_id) VALUES (102, 18, 1, 11681002, 444, null, 445, 439);
INSERT INTO public.eth_uni_pairs (id, decimals, type, updated_block, contract, key_token, token0_id, token1_id) VALUES (103, 18, 1, 11681036, 448, null, 449, 439);
INSERT INTO public.eth_uni_pairs (id, decimals, type, updated_block, contract, key_token, token0_id, token1_id) VALUES (104, 18, 1, 11681051, 452, null, 453, 439);
INSERT INTO public.eth_uni_pairs (id, decimals, type, updated_block, contract, key_token, token0_id, token1_id) VALUES (105, 18, 1, 11681745, 458, null, 439, 459);
INSERT INTO public.eth_uni_pairs (id, decimals, type, updated_block, contract, key_token, token0_id, token1_id) VALUES (106, 18, 2, 11736329, 465, 90, 152, 412);
INSERT INTO public.eth_uni_pairs (id, decimals, type, updated_block, contract, key_token, token0_id, token1_id) VALUES (108, 18, 1, 11889592, 478, null, 479, 148);
INSERT INTO public.eth_uni_pairs (id, decimals, type, updated_block, contract, key_token, token0_id, token1_id) VALUES (109, 18, 3, 11905239, 481, null, null, 482);
INSERT INTO public.eth_uni_pairs (id, decimals, type, updated_block, contract, key_token, token0_id, token1_id) VALUES (110, 18, 1, 11905239, 483, 107, 482, 162);
INSERT INTO public.eth_uni_pairs (id, decimals, type, updated_block, contract, key_token, token0_id, token1_id) VALUES (111, 18, 1, 11921112, 486, null, 197, 487);
INSERT INTO public.eth_uni_pairs (id, decimals, type, updated_block, contract, key_token, token0_id, token1_id) VALUES (112, 18, 1, 11921286, 490, 109, 489, 162);
INSERT INTO public.eth_uni_pairs (id, decimals, type, updated_block, contract, key_token, token0_id, token1_id) VALUES (113, 18, 1, 11921421, 492, null, 197, 493);
INSERT INTO public.eth_uni_pairs (id, decimals, type, updated_block, contract, key_token, token0_id, token1_id) VALUES (114, 18, 1, 11953909, 500, null, 439, 501);
INSERT INTO public.eth_uni_pairs (id, decimals, type, updated_block, contract, key_token, token0_id, token1_id) VALUES (115, 18, 1, 11954001, 504, null, 439, 505);
INSERT INTO public.eth_uni_pairs (id, decimals, type, updated_block, contract, key_token, token0_id, token1_id) VALUES (116, 18, 2, 11954056, 508, null, 439, 162);
INSERT INTO public.eth_uni_pairs (id, decimals, type, updated_block, contract, key_token, token0_id, token1_id) VALUES (107, 18, 2, 11777482, 470, 36, 171, 162);
INSERT INTO public.eth_uni_pairs (id, decimals, type, updated_block, contract, key_token, token0_id, token1_id) VALUES (117, 18, 1, 11954289, 514, 34, 165, 152);
INSERT INTO public.eth_uni_pairs (id, decimals, type, updated_block, contract, key_token, token0_id, token1_id) VALUES (78, 18, 2, 11269718, 340, 33, 162, 150);
INSERT INTO public.eth_uni_pairs (id, decimals, type, updated_block, contract, key_token, token0_id, token1_id) VALUES (118, 18, 2, 12016869, 530, 114, 529, 162);
INSERT INTO public.eth_uni_pairs (id, decimals, type, updated_block, contract, key_token, token0_id, token1_id) VALUES (119, 18, 1, 12044242, 533, null, 534, 162);
INSERT INTO public.eth_uni_pairs (id, decimals, type, updated_block, contract, key_token, token0_id, token1_id) VALUES (120, 18, 1, 12044245, 536, null, 537, 162);
INSERT INTO public.eth_uni_pairs (id, decimals, type, updated_block, contract, key_token, token0_id, token1_id) VALUES (121, 18, 1, 12044247, 539, null, 162, 540);
INSERT INTO public.eth_uni_pairs (id, decimals, type, updated_block, contract, key_token, token0_id, token1_id) VALUES (122, 18, 1, 12044249, 542, null, 543, 162);
INSERT INTO public.eth_uni_pairs (id, decimals, type, updated_block, contract, key_token, token0_id, token1_id) VALUES (123, 18, 3, 12063517, 549, null, 482, 152);
INSERT INTO public.eth_uni_pairs (id, decimals, type, updated_block, contract, key_token, token0_id, token1_id) VALUES (124, 18, 2, 12063524, 551, 109, 489, 162);
INSERT INTO public.eth_uni_pairs (id, decimals, type, updated_block, contract, key_token, token0_id, token1_id) VALUES (125, 18, 3, 12063559, 553, null, 482, 197);
INSERT INTO public.eth_uni_pairs (id, decimals, type, updated_block, contract, key_token, token0_id, token1_id) VALUES (126, 18, 1, 12135549, 556, null, 162, 557);
INSERT INTO public.eth_uni_pairs (id, decimals, type, updated_block, contract, key_token, token0_id, token1_id) VALUES (127, 18, 1, 12141454, 559, null, 197, 560);
INSERT INTO public.eth_uni_pairs (id, decimals, type, updated_block, contract, key_token, token0_id, token1_id) VALUES (128, 18, 1, 12226234, 562, null, 162, 563);
INSERT INTO public.eth_uni_pairs (id, decimals, type, updated_block, contract, key_token, token0_id, token1_id) VALUES (129, 18, 1, 12226550, 566, null, 567, 162);
INSERT INTO public.eth_uni_pairs (id, decimals, type, updated_block, contract, key_token, token0_id, token1_id) VALUES (130, 18, 1, 12226573, 570, null, 571, 162);
INSERT INTO public.eth_uni_pairs (id, decimals, type, updated_block, contract, key_token, token0_id, token1_id) VALUES (131, 18, 1, 12226912, 574, null, 575, 148);
INSERT INTO public.eth_uni_pairs (id, decimals, type, updated_block, contract, key_token, token0_id, token1_id) VALUES (132, 18, 2, 12323304, 578, null, 579, 162);
INSERT INTO public.eth_uni_pairs (id, decimals, type, updated_block, contract, key_token, token0_id, token1_id) VALUES (133, 18, 1, 12323304, 580, 126, 579, 162);
INSERT INTO public.eth_uni_pairs (id, decimals, type, updated_block, contract, key_token, token0_id, token1_id) VALUES (134, 18, 1, 12375452, 583, null, 584, 162);

INSERT INTO public.eth_token_to_uni_pair (id, block_start, token_id, uni_pair_id) VALUES (1, 5992193, 1, 1);
INSERT INTO public.eth_token_to_uni_pair (id, block_start, token_id, uni_pair_id) VALUES (2, 5992193, 2, 2);
INSERT INTO public.eth_token_to_uni_pair (id, block_start, token_id, uni_pair_id) VALUES (3, 5992229, 4, 3);
INSERT INTO public.eth_token_to_uni_pair (id, block_start, token_id, uni_pair_id) VALUES (4, 5992243, 5, 4);
INSERT INTO public.eth_token_to_uni_pair (id, block_start, token_id, uni_pair_id) VALUES (5, 5992243, 6, 5);
INSERT INTO public.eth_token_to_uni_pair (id, block_start, token_id, uni_pair_id) VALUES (6, 5992249, 7, 6);
INSERT INTO public.eth_token_to_uni_pair (id, block_start, token_id, uni_pair_id) VALUES (7, 5992270, 8, 7);
INSERT INTO public.eth_token_to_uni_pair (id, block_start, token_id, uni_pair_id) VALUES (8, 5992290, 9, 10);
INSERT INTO public.eth_token_to_uni_pair (id, block_start, token_id, uni_pair_id) VALUES (9, 5992304, 10, 12);
INSERT INTO public.eth_token_to_uni_pair (id, block_start, token_id, uni_pair_id) VALUES (10, 5992327, 11, 14);
INSERT INTO public.eth_token_to_uni_pair (id, block_start, token_id, uni_pair_id) VALUES (11, 6186796, 14, 17);
INSERT INTO public.eth_token_to_uni_pair (id, block_start, token_id, uni_pair_id) VALUES (12, 6186796, 15, 18);
INSERT INTO public.eth_token_to_uni_pair (id, block_start, token_id, uni_pair_id) VALUES (13, 6186861, 13, 19);
INSERT INTO public.eth_token_to_uni_pair (id, block_start, token_id, uni_pair_id) VALUES (14, 6191727, 16, 21);
INSERT INTO public.eth_token_to_uni_pair (id, block_start, token_id, uni_pair_id) VALUES (15, 6191872, 17, 22);
INSERT INTO public.eth_token_to_uni_pair (id, block_start, token_id, uni_pair_id) VALUES (16, 6619941, 21, 25);
INSERT INTO public.eth_token_to_uni_pair (id, block_start, token_id, uni_pair_id) VALUES (17, 6736265, 24, 28);
INSERT INTO public.eth_token_to_uni_pair (id, block_start, token_id, uni_pair_id) VALUES (18, 6736433, 27, 29);
INSERT INTO public.eth_token_to_uni_pair (id, block_start, token_id, uni_pair_id) VALUES (19, 6852671, 5, 30);
INSERT INTO public.eth_token_to_uni_pair (id, block_start, token_id, uni_pair_id) VALUES (20, 6852671, 6, 31);
INSERT INTO public.eth_token_to_uni_pair (id, block_start, token_id, uni_pair_id) VALUES (21, 6852759, 16, 32);
INSERT INTO public.eth_token_to_uni_pair (id, block_start, token_id, uni_pair_id) VALUES (22, 6852805, 17, 33);
INSERT INTO public.eth_token_to_uni_pair (id, block_start, token_id, uni_pair_id) VALUES (23, 6906958, 7, 34);
INSERT INTO public.eth_token_to_uni_pair (id, block_start, token_id, uni_pair_id) VALUES (24, 6929766, 9, 35);
INSERT INTO public.eth_token_to_uni_pair (id, block_start, token_id, uni_pair_id) VALUES (25, 6932925, 8, 36);
INSERT INTO public.eth_token_to_uni_pair (id, block_start, token_id, uni_pair_id) VALUES (26, 6939065, 23, 37);
INSERT INTO public.eth_token_to_uni_pair (id, block_start, token_id, uni_pair_id) VALUES (27, 10770103, 28, 41);
INSERT INTO public.eth_token_to_uni_pair (id, block_start, token_id, uni_pair_id) VALUES (28, 10776484, 33, 42);
INSERT INTO public.eth_token_to_uni_pair (id, block_start, token_id, uni_pair_id) VALUES (29, 10776491, 34, 43);
INSERT INTO public.eth_token_to_uni_pair (id, block_start, token_id, uni_pair_id) VALUES (30, 10776494, 35, 44);
INSERT INTO public.eth_token_to_uni_pair (id, block_start, token_id, uni_pair_id) VALUES (31, 10776509, 36, 45);
INSERT INTO public.eth_token_to_uni_pair (id, block_start, token_id, uni_pair_id) VALUES (32, 10776513, 37, 46);
INSERT INTO public.eth_token_to_uni_pair (id, block_start, token_id, uni_pair_id) VALUES (33, 10776518, 38, 47);
INSERT INTO public.eth_token_to_uni_pair (id, block_start, token_id, uni_pair_id) VALUES (34, 10776522, 39, 48);
INSERT INTO public.eth_token_to_uni_pair (id, block_start, token_id, uni_pair_id) VALUES (35, 10776537, 40, 50);
INSERT INTO public.eth_token_to_uni_pair (id, block_start, token_id, uni_pair_id) VALUES (36, 10776537, 41, 51);
INSERT INTO public.eth_token_to_uni_pair (id, block_start, token_id, uni_pair_id) VALUES (37, 10777067, 32, 53);
INSERT INTO public.eth_token_to_uni_pair (id, block_start, token_id, uni_pair_id) VALUES (38, 10802976, 44, 54);
INSERT INTO public.eth_token_to_uni_pair (id, block_start, token_id, uni_pair_id) VALUES (39, 10802986, 45, 55);
INSERT INTO public.eth_token_to_uni_pair (id, block_start, token_id, uni_pair_id) VALUES (40, 10815689, 47, 56);
INSERT INTO public.eth_token_to_uni_pair (id, block_start, token_id, uni_pair_id) VALUES (41, 10815689, 33, 57);
INSERT INTO public.eth_token_to_uni_pair (id, block_start, token_id, uni_pair_id) VALUES (42, 10815770, 49, 58);
INSERT INTO public.eth_token_to_uni_pair (id, block_start, token_id, uni_pair_id) VALUES (43, 10815799, 38, 60);
INSERT INTO public.eth_token_to_uni_pair (id, block_start, token_id, uni_pair_id) VALUES (44, 10816802, 58, 61);
INSERT INTO public.eth_token_to_uni_pair (id, block_start, token_id, uni_pair_id) VALUES (45, 10822977, 28, 65);
INSERT INTO public.eth_token_to_uni_pair (id, block_start, token_id, uni_pair_id) VALUES (46, 10864328, 44, 67);
INSERT INTO public.eth_token_to_uni_pair (id, block_start, token_id, uni_pair_id) VALUES (47, 10868416, 45, 71);
INSERT INTO public.eth_token_to_uni_pair (id, block_start, token_id, uni_pair_id) VALUES (48, 10997643, 70, 74);
INSERT INTO public.eth_token_to_uni_pair (id, block_start, token_id, uni_pair_id) VALUES (49, 11002540, 45, 75);
INSERT INTO public.eth_token_to_uni_pair (id, block_start, token_id, uni_pair_id) VALUES (50, 11230946, 71, 76);
INSERT INTO public.eth_token_to_uni_pair (id, block_start, token_id, uni_pair_id) VALUES (51, 11257782, 74, 77);
INSERT INTO public.eth_token_to_uni_pair (id, block_start, token_id, uni_pair_id) VALUES (52, 11276582, 33, 79);
INSERT INTO public.eth_token_to_uni_pair (id, block_start, token_id, uni_pair_id) VALUES (53, 11413988, 81, 85);
INSERT INTO public.eth_token_to_uni_pair (id, block_start, token_id, uni_pair_id) VALUES (54, 11427213, 82, 86);
INSERT INTO public.eth_token_to_uni_pair (id, block_start, token_id, uni_pair_id) VALUES (55, 11505267, 32, 84);
INSERT INTO public.eth_token_to_uni_pair (id, block_start, token_id, uni_pair_id) VALUES (56, 11639176, 87, 91);
INSERT INTO public.eth_token_to_uni_pair (id, block_start, token_id, uni_pair_id) VALUES (57, 11655594, 83, 87);
INSERT INTO public.eth_token_to_uni_pair (id, block_start, token_id, uni_pair_id) VALUES (58, 11655611, 89, 96);
INSERT INTO public.eth_token_to_uni_pair (id, block_start, token_id, uni_pair_id) VALUES (59, 11655625, 90, 97);
INSERT INTO public.eth_token_to_uni_pair (id, block_start, token_id, uni_pair_id) VALUES (60, 11674635, 93, 100);
INSERT INTO public.eth_token_to_uni_pair (id, block_start, token_id, uni_pair_id) VALUES (61, 11680874, 95, 101);
INSERT INTO public.eth_token_to_uni_pair (id, block_start, token_id, uni_pair_id) VALUES (62, 11736329, 90, 106);
INSERT INTO public.eth_token_to_uni_pair (id, block_start, token_id, uni_pair_id) VALUES (63, 11905239, 107, 110);
INSERT INTO public.eth_token_to_uni_pair (id, block_start, token_id, uni_pair_id) VALUES (64, 11921286, 109, 112);
INSERT INTO public.eth_token_to_uni_pair (id, block_start, token_id, uni_pair_id) VALUES (65, 11954197, 36, 107);
INSERT INTO public.eth_token_to_uni_pair (id, block_start, token_id, uni_pair_id) VALUES (66, 11954289, 34, 117);
INSERT INTO public.eth_token_to_uni_pair (id, block_start, token_id, uni_pair_id) VALUES (67, 11979999, 33, 78);
INSERT INTO public.eth_token_to_uni_pair (id, block_start, token_id, uni_pair_id) VALUES (68, 12016869, 114, 118);
INSERT INTO public.eth_token_to_uni_pair (id, block_start, token_id, uni_pair_id) VALUES (69, 12063524, 109, 124);
INSERT INTO public.eth_token_to_uni_pair (id, block_start, token_id, uni_pair_id) VALUES (70, 12323304, 126, 133);
