INSERT INTO public.eth_contract_types (type) VALUES (0),
(1),
(2),
(3),
(4);

INSERT INTO public.eth_contracts (id, address, created, name, type) VALUES (1, '0xf2b223eb3d2b382ead8d85f3c1b7ef87c1d35f3a', 10770117, 'YCRV_V0', 0),
(2, '0x222412af183bceadefd72e4cb1b71f1889953b1c', 0, 'CONTROLLER', 3),
(3, '0xf00dd244228f51547f0563e60bca65a30fbf5f7f', 0, 'GOVERNANCE', 3),
(4, '0x2427da81376a0c0a0c654089a951887242d67c92', 0, 'UNKNOWN_STRATEGY', 3),
(6, '0x8e298734681adbfc41ee5d17ff8b0d6d803e7098', 10861886, 'WETH_V0', 0),
(7, '0xf328f799a9c719f446e05385eb64c8a29d3b0674', 0, 'UNKNOWN_STRATEGY', 3),
(9, '0xc3f7ffb5d5869b3ade9448d094d81b0521e8326f', 10770105, 'USDC_V0', 0),
(10, '0x1e716d6a2afe986f534611e5aa03fa95036f9964', 0, 'UNKNOWN_STRATEGY', 3),
(12, '0xc7ee21406bb581e741fbb8b21f213188433d9f2f', 10770108, 'USDT_V0', 0),
(13, '0x0a558a65a3b7c9a5c05c520fb55b17bcab9432e0', 0, 'UNKNOWN_STRATEGY', 3),
(15, '0xe85c8581e60d7cd32bbfd86303d2a4fa6a951dac', 10770103, 'DAI_V0', 0),
(16, '0xa3347ce982fde100caab13fd603b42a014c95550', 0, 'UNKNOWN_STRATEGY', 3),
(18, '0xc07eb91961662d275e2d285bdc21885a4db136b0', 10802976, 'WBTC_V0', 0),
(19, '0x66db507e7e3efdf92435fa09333b83187b6d46e6', 0, 'UNKNOWN_STRATEGY', 3),
(21, '0xfbe122d0ba3c75e1f7c80bd27613c9f35b81feec', 10802986, 'RENBTC_V0', 0),
(22, '0xc898445efe22dd43ed62e8accbbb4a5670926a74', 0, 'UNKNOWN_STRATEGY', 3),
(24, '0x192e9d29d43db385063799bc239e772c3b6888f3', 10815917, 'CRVRENWBTC_V0', 0),
(25, '0x19b3aba7ba46f9cac08ba2872cbcf8f96ae8de15', 0, 'UNKNOWN_STRATEGY', 3),
(26, '0x49849c98ae39fff122806c06791fa73784fb3675', 0, 'UNKNOWN_UNDERLYING', 3),
(27, '0x1a9f22b4c385f78650e7874d64e442839dc32327', 10883048, 'UNI_ETH_DAI_V0', 0),
(28, '0xc439e9f952600ed8f3e87d94b08dec91c03d3290', 0, 'UNKNOWN_STRATEGY', 3),
(30, '0x63671425ef4d25ec2b12c7d05de855c143f16e3b', 10883030, 'UNI_ETH_USDC_V0', 0),
(31, '0x6c91cea46f54897a039998ad5578e7066fcb2fa3', 0, 'UNKNOWN_STRATEGY', 3),
(33, '0xb19ebfb37a936cce783142955d39ca70aa29d43c', 10883026, 'UNI_ETH_USDT_V0', 0),
(34, '0xb1eb7afe51f1663f07cd3961171e89f43f67f7c5', 0, 'UNKNOWN_STRATEGY', 3),
(36, '0xb1feb6ab4ef7d0f41363da33868e85eb0f3a57ee', 10883054, 'UNI_ETH_WBTC_V0', 0),
(37, '0x4a892b63409e222b6ea4af69dff8e1626a4e535c', 0, 'UNKNOWN_STRATEGY', 3),
(39, '0x307e2752e8b8a9c29005001be66b1c012ca9cdb7', 11041674, 'UNI_ETH_DAI', 0),
(40, '0x2cf4ceb36172fb2196a47490419d57584234cbd4', 0, 'UNKNOWN_STRATEGY', 3),
(41, '0xa79a083fdd87f73c2f983c5551ec974685d6bb36', 11041667, 'UNI_ETH_USDC', 0),
(42, '0xc6e973b8fe772c58ad0d20099d43d2b3f0aef5c0', 0, 'UNKNOWN_STRATEGY', 3),
(43, '0x7ddc3fff0612e75ea5ddc0d6bd4e268f70362cff', 11011433, 'UNI_ETH_USDT', 0),
(44, '0x0fd7c77b473e3efe3170536805a14b61050efc6e', 0, 'UNKNOWN_STRATEGY', 3),
(45, '0x01112a60f427205dca6e229425306923c3cc2073', 11041683, 'UNI_ETH_WBTC', 0),
(46, '0x46ec909099f9691b43b64413f1bc662edfbee00a', 0, 'UNKNOWN_STRATEGY', 3),
(47, '0xfe09e53a81fe2808bc493ea64319109b5baa573e', 11086824, 'WETH', 0),
(48, '0x1dcaf36c8c4222139899690945f4382f298f8735', 0, 'UNKNOWN_STRATEGY', 3),
(49, '0xf0358e8c3cd5fa238a29301d0bea3d63a17bedbe', 11086842, 'USDC', 0),
(50, '0xa5f125c0d571fd67d564c05a234e9a6f4e5d0624', 0, 'UNKNOWN_STRATEGY', 3),
(51, '0x053c80ea73dc6941f518a68e2fc52ac45bde7c9c', 11086849, 'USDT', 0),
(52, '0x5b96d6b56d4051cb54269f3620c262db22366194', 0, 'UNKNOWN_STRATEGY', 3),
(53, '0xab7fa2b2985bccfc13c6d86b1d5a17486ab1e04c', 11086832, 'DAI', 0),
(54, '0x9a6de10fc9b9d1ca9df3caf306ed60ef1c419774', 0, 'UNKNOWN_STRATEGY', 3),
(55, '0x5d9d25c7c457dd82fc8668ffc6b9746b674d4ecb', 11068089, 'WBTC', 0),
(56, '0xb8e9db02262d37233442932e1a6626d88c649c6e', 0, 'UNKNOWN_STRATEGY', 3),
(57, '0xc391d1b08c1403313b0c28d47202dfda015633c4', 11086855, 'RENBTC', 0),
(58, '0x323c726c899ca9fb7b747ff61bc30183bdeb3c09', 0, 'UNKNOWN_STRATEGY', 3),
(59, '0x9aa8f427a17d6b0d91b6262989edc7d45d6aedf8', 11086865, 'CRVRENWBTC', 0),
(60, '0x3952555b3be488f51f0b03315a85560a83c24e04', 0, 'UNKNOWN_STRATEGY', 3),
(61, '0xf553e1f826f42716cdfe02bde5ee76b2a52fc7eb', 11036219, 'SUSHI_WBTC_TBTC', 0),
(62, '0x53df6664b3dde086dce6315c317d1002b14b87e3', 0, 'UNKNOWN_STRATEGY', 3),
(64, '0x0fe4283e0216f94f5f9750a7a11ac54d3c9c38f3', 11152258, 'YCRV', 0),
(65, '0x6945f180b339825ac734649c12a1557e93b2b73a', 0, 'UNKNOWN_STRATEGY', 3),
(66, '0x71b9ec42bb3cb40f017d8ad8011be8e384a95fa5', 11159005, '3CRV', 0),
(67, '0x0623cf5d4cd761e2c237fb02d1fa6424e03f5c8c', 0, 'UNKNOWN_STRATEGY', 3),
(69, '0x7674622c63bee7f46e86a4a5a18976693d54441b', 10997721, 'TUSD', 0),
(70, '0xc78589912c85b3c86055a244580629a8c6504695', 0, 'UNKNOWN_STRATEGY', 3),
(72, '0x640704d106e79e105fda424f05467f005418f1b5', 11230944, 'CRV_TBTC', 0),
(73, '0xe26d94ded203f5402882d19fef92ee04f6b73ef9', 0, 'UNKNOWN_STRATEGY', 3),
(74, '0x64eda51d3ad40d56b9dfc5554e06f94e1dd786fd', 0, 'UNKNOWN_UNDERLYING', 3),
(75, '0x25550cccbd68533fa04bfd3e3ac4d09f9e00fc50', 10957909, 'PS', 0),
(77, '0x998ceb152a42a3eac1f555b1e911642bebf00fad', 11257781, 'CRV_CMPND', 0),
(11, '0xa0b86991c6218b36c1d19d4a2e9eb0ce3606eb48', 6082465, 'USDC', 4),
(8, '0xc02aaa39b223fe8d0a0e5c4f27ead9083c756cc2', 4719568, 'ETH', 4),
(20, '0x2260fac5e5542a773aa44fbcfedf7c193bc2c599', 6766284, 'WBTC', 4),
(17, '0x6b175474e89094c44da98b954eedeac495271d0f', 8928158, 'DAI', 4),
(14, '0xdac17f958d2ee523a2206206994597c13d831ec7', 4634748, 'USDT', 4),
(71, '0x0000000000085d4780b73119b644ae5ecd22b376', 6988184, 'TUSD', 4),
(5, '0xdf5e0e81dff6faf3a7e52ba697820c5e32d806a8', 9476452, 'YCRV', 4),
(68, '0x6c3f90f043a72fa612cbac8115ee7e52bde6e490', 10809467, '3CRV', 4),
(23, '0xeb4c2781e4eba804ce9a9803c67d0893436bb27d', 9736969, 'RENBTC', 4),
(29, '0xa478c2975ab1ea89e8196811f51a7b7ade33eb11', 10042267, 'UNI_LP_ETH_DAI', 2),
(32, '0xb4e16d0168e52d35cacd2c6185b44281ec28c9dc', 10008355, 'UNI_LP_USDC_ETH', 2),
(35, '0x0d4a11d5eeaac28ec3f61d100daf4d40471f1852', 10093341, 'UNI_LP_ETH_USDT', 2),
(38, '0xbb2b8038a1640196fbe3e38816f3e67cba72d940', 10091097, 'UNI_LP_ETH_WBTC', 2),
(63, '0x2dbc7dd86c6cd87b525bd54ea73ebeebbc307f68', 10994541, 'SUSHI_LP_WBTC_TBTC', 2),
(78, '0x1825a0013e030dd668c5e4a00ae76fb6e94687f6', 0, 'UNKNOWN_STRATEGY', 3),
(80, '0x4b1cbd6f6d8676ace5e412c78b7a59b4a1bbb68a', 11257802, 'CRV_BUSD', 0),
(81, '0x2b7caa7d87c01152a82c266791ada69ccfe64045', 0, 'UNKNOWN_STRATEGY', 3),
(83, '0x683e683fbe6cf9b635539712c999f3b3edcb8664', 11257784, 'CRV_USDN', 0),
(84, '0x50f3cfb398a25a5918b27c77465e9c3ede7888b7', 0, 'UNKNOWN_STRATEGY', 3),
(86, '0x203e97aa6eb65a1a02d9e80083414058303f241e', 11269733, 'SUSHI_ETH_DAI', 0),
(87, '0x895cc1b32aa6f5fedf0e113eac556309ad225322', 0, 'UNKNOWN_STRATEGY', 3),
(89, '0x01bd09a1124960d9be04b638b142df9df942b04a', 11269722, 'SUSHI_ETH_USDC', 0),
(90, '0xd5d2adcb5e6ad20425b0650e4050c0ea9ec3cec0', 0, 'UNKNOWN_STRATEGY', 3),
(92, '0x64035b583c8c694627a199243e863bb33be60745', 11269716, 'SUSHI_ETH_USDT', 0),
(93, '0x180a71c5688ac7e2368890ef77b0036af8e261b6', 0, 'UNKNOWN_STRATEGY', 3),
(95, '0x5c0a3f55aac52aa320ff5f280e77517cbaf85524', 11269739, 'SUSHI_ETH_WBTC', 0),
(96, '0xdd1dfbb5a580e96c2723ccaf687227900f97f053', 0, 'UNKNOWN_STRATEGY', 3),
(98, '0x2a32dcbb121d48c106f6d94cf2b4714c0b4dfe48', 11374134, 'IDX_ETH_DPI', 0),
(99, '0x7f522f8619018f6d905a670830800903bcee544d', 0, 'UNKNOWN_STRATEGY', 3),
(101, '0x29780c39164ebbd62e9ddde50c151810070140f2', 11380823, 'CRV_HUSD', 0),
(102, '0x5905569d78ed1fa22299eab74ef0443d02b40000', 0, 'UNKNOWN_STRATEGY', 3),
(103, '0x5b5cfe992adac0c9d48e05854b2d91c73a003858', 0, 'UNKNOWN_UNDERLYING', 3),
(104, '0xcc775989e76ab386e9253df5b0c0b473e22102e2', 11380817, 'CRV_HBTC', 0),
(105, '0x5e10a2a23393118306cce080e3d3fc5447d0151b', 0, 'UNKNOWN_STRATEGY', 3),
(106, '0xb19059ebb43466c323583928285a49f558e572fd', 0, 'UNKNOWN_UNDERLYING', 3),
(107, '0x6bccd7e983e438a56ba2844883a664da87e4c43b', 11608433, 'UNI_BAC_DAI', 0),
(108, '0x6b477831b8af02393f1fedd36956418ce9927894', 0, 'UNKNOWN_STRATEGY', 3),
(110, '0xf8b7235fcfd5a75cfdcc0d7bc813817f3dd17858', 11608445, 'UNI_DAI_BAS', 0),
(111, '0x1adafe68f46e0aecd5364b85966c8c16d4079361', 0, 'UNKNOWN_STRATEGY', 3),
(113, '0x6f14165c6d529ea3bfe1814d0998449e9c8d157d', 11608456, 'SUSHI_MIC_USDT', 0),
(114, '0xe12c4bb7b88b3cfe2d44a8e49037392b06bfae72', 0, 'UNKNOWN_STRATEGY', 3),
(116, '0x145f39b3c6e6a885aa6a8fade4ca69d64bab69c8', 11608466, 'SUSHI_MIS_USDT', 0),
(117, '0x636a37802da562f7d562c1915cc2a948a1d3e5a0', 0, 'UNKNOWN_STRATEGY', 3),
(119, '0x966a70a4d3719a6de6a94236532a0167d5246c72', 11639716, 'CRV_OBTC', 0),
(120, '0x2e916cf581547c1641bd259c01507136b4ac6454', 0, 'UNKNOWN_STRATEGY', 3),
(122, '0x8e53031462e930827a8d482e7d80603b1f86e32d', 11647784, 'ONEINCH_ETH_DAI', 0),
(123, '0x39ad7127896db44389b84c23bfa325e4161c9da3', 0, 'UNKNOWN_STRATEGY', 3),
(125, '0xd162395c21357b126c5afed6921bc8b13e48d690', 11647839, 'ONEINCH_ETH_USDC', 0),
(126, '0xab9f3c22a580e04fa20650fef7aefd937feca833', 0, 'UNKNOWN_STRATEGY', 3),
(128, '0x4bf633a09bd593f6fb047db3b4c25ef5b9c5b99e', 11647866, 'ONEINCH_ETH_USDT', 0),
(129, '0x7fb83f9c82065e8aa2321b4d86bde76f381a4b0d', 0, 'UNKNOWN_STRATEGY', 3),
(131, '0x859222dd0b249d0ea960f5102dab79b294d6874a', 11647897, 'ONEINCH_ETH_WBTC', 0),
(132, '0xce2fa27ad136c6035f60e8cf2ad605d805745972', 0, 'UNKNOWN_STRATEGY', 3),
(134, '0x639d4f3f41daa5f4b94d63c2a5f3e18139ba9e54', 11660618, 'DAI_BSG', 0),
(135, '0x8d640378c983c6aab076bdb5d86a58f9179055ed', 0, 'UNKNOWN_STRATEGY', 3),
(137, '0x633c4861a4e9522353eda0bb652878b079fb75fd', 11660626, 'DAI_BSGS', 0),
(138, '0x3f37185399537e95686a66247514de55c8792eb3', 0, 'UNKNOWN_STRATEGY', 3),
(140, '0x371e78676cd8547ef969f89d2ee8fa689c50f86b', 11655592, 'BAC', 0),
(141, '0xcbe0b706f50e2f89beb238174fc3e04f5206985e', 0, 'UNKNOWN_STRATEGY', 3),
(143, '0x45a9e027ddd8486fad6fca647bb132ad03303ec2', 11655609, 'ESD', 0),
(144, '0x9b29fb315be3333281a6f7c62ebff799a6b6dc80', 0, 'UNKNOWN_STRATEGY', 3),
(146, '0x8bf3c1c7b1961764ecb19b4fc4491150ceb1abb1', 11655624, 'DSD', 0),
(147, '0x8b6bef8d373d959a5f20d959bc44ebca876f5464', 0, 'UNKNOWN_STRATEGY', 3),
(149, '0x6eb941bd065b8a5bd699c5405a928c1f561e2e5a', 11674631, 'CRV_EURS', 0),
(150, '0x807a637a1c82ca37d4bac0ab2684b33600c4a60a', 0, 'UNKNOWN_STRATEGY', 3),
(152, '0x84a1dfadd698886a614fd70407936816183c0a02', 11680899, 'CRV_UST', 0),
(153, '0xc55f8be3cc55cae1bfbe5558d9e5b44906ed248a', 0, 'UNKNOWN_STRATEGY', 3),
(230, '0x3cdde34c96ecb95a1232c9673e23f2db5fa72280', 11655673, 'ST_BAC', 1),
(145, '0x36f3fd68e7325a35eb768f1aedaae9ea0689d723', 10722554, 'ESD', 4),
(148, '0xbd2f0cd039e0bfcf88901c98c0bfac5ab27566e3', 11330242, 'DSD', 4),
(79, '0x845838df265dcd2c412a1dc9e959c7d08537f8a2', 9554031, 'CRV_CMPND', 4),
(82, '0x3b3ac5386837dc563660fb6a0937dfaa5924333b', 9567293, 'CRV_BUSD', 4),
(85, '0x4f3e8f405cf5afc05d68142f3783bdfe13811522', 11010502, 'CRV_USDN', 4),
(151, '0x194ebd173f6cdace046c53eacce9b953f28411d1', 11466859, 'CRV_EURS', 4),
(121, '0x2fe94ea3d5d4a175184081439753de15aef9d614', 11459238, 'CRV_OBTC', 4),
(100, '0x4d5ef58aac27d99935e5b6b4a6778ff292059991', 10836224, 'UNI_LP_ETH_DPI', 2),
(88, '0xc3d03e4f041fd4cd388c549ee2a29a9e5075882f', 10829331, 'SUSHI_LP_ETH_DAI', 2),
(91, '0x397ff1542f962076d0bfe58ea045ffa2d347aca0', 10829331, 'SUSHI_LP_ETH_USDC', 2),
(94, '0x06da0fd433c1a5d7a4faa01111c044910a184553', 10822038, 'SUSHI_LP_ETH_USDT', 2),
(97, '0xceff51756c56ceffca006cd410b03ffc46dd3a58', 10840845, 'SUSHI_LP_ETH_WBTC', 2),
(109, '0xd4405f0704621dbe9d4dea60e128e0c3b26bddbd', 11355401, 'UNI_LP_BAC_DAI', 2),
(115, '0xc9cb53b48a2f3a9e75982685644c1870f1405ccb', 11549969, 'SUSHI_LP_MIC_USDT', 2),
(118, '0x066f3a3b7c8fa077c71b9184d862ed0a4d5cf3e0', 11549972, 'SUSHI_LP_MIS_USDT', 2),
(124, '0x7566126f2fd0f2dddae01bb8a6ea49b760383d5a', 11607878, 'ONEINCH_LP_ETH_DAI', 2),
(127, '0xb4db55a20e0624edd82a0cf356e3488b4669bd27', 11607881, 'ONEINCH_LP_ETH_USDC', 2),
(130, '0xbba17b81ab4193455be10741512d0e71520f43cb', 11607877, 'ONEINCH_LP_ETH_USDT', 2),
(133, '0x6a11f3e5a01d129e566d783a7b6e8862bfd66cca', 11607880, 'ONEINCH_LP_ETH_WBTC', 2),
(139, '0x980a07e4f64d21a0cb2ef8d4af362a79b9f5c0da', 11644511, 'UNI_LP_DAI_BSGS', 2),
(112, '0x3e78f2e7dade07ea685f8612f00477fd97162f1e', 11819340, 'UNI_LP_BASv2_DAI', 2),
(155, '0x11804d69acac6ae9466798325fa7de023f63ab53', 11681744, 'MAAPL_UST', 0),
(156, '0xa5a091fd156ff5e44f22bef544923cdc850d9d46', 0, 'UNKNOWN_STRATEGY', 3),
(158, '0x8334a61012a779169725fcc43adcff1f581350b7', 11681033, 'MAMZN_UST', 0),
(159, '0x0c3d0b5910b0603d68be29a647c0f6187a8c3d36', 0, 'UNKNOWN_STRATEGY', 3),
(161, '0x07dbe6aa35ef70dad124f4e2b748ffa6c9e1963a', 11681049, 'MGOOGL_UST', 0),
(162, '0x0a6ade7348598e42da381b03c1c40c9ba1c7747d', 0, 'UNKNOWN_STRATEGY', 3),
(164, '0xc800982d906671637e23e031e907d2e3487291bc', 11681065, 'MTSLA_UST', 0),
(165, '0xb5480a276c49b5e3a1bc13659030b4e94018a817', 0, 'UNKNOWN_STRATEGY', 3),
(167, '0xc27bfe32e0a934a12681c1b35acf0dba0e7460ba', 11686113, 'CRV_STETH', 0),
(168, '0x52d8f04f071dd397c71514853a58664613b91192', 0, 'UNKNOWN_STRATEGY', 3),
(170, '0xb8671e33fcfc7fea2f7a3ea4a117f065ec4b009e', 11745394, 'CRV_GUSD', 0),
(171, '0xa505917c1326670451eff9ea75fe0d49a3853acf', 0, 'UNKNOWN_STRATEGY', 3),
(173, '0xc3ef8c4043d7cf1d15b6bb4cd307c844e0ba9d42', 11830928, 'CRV_AAVE', 0),
(174, '0xdc9a3e8c6327c6fea1780019e00f7b0558f638a5', 0, 'UNKNOWN_STRATEGY', 3),
(176, '0x5ade382f38a09a1f8759d06ffe2067992ab5c78e', 11777480, 'SUSHI_SUSHI_ETH', 0),
(177, '0xa44ffa733f1d500fd10c613cf66c87320d87ebee', 0, 'UNKNOWN_STRATEGY', 3),
(179, '0x1571ed0bed4d987fe2b498ddbae7dfa19519f651', 11775913, 'iPS', 0),
(180, '0xf2004f64f71f110e9e50b5ff36253fe8785b2bcc', 0, 'UNKNOWN_STRATEGY', 3),
(182, '0xfca949e34ecd9de519542cf02054de707cf361ce', 11905238, 'ONEINCH_ETH_ONEINCH', 0),
(183, '0x1b8e2b4ad303550d6872c08c5f6c024b68b2286d', 0, 'UNKNOWN_STRATEGY', 3),
(185, '0x7aeb36e22e60397098c2a5c51f0a5fb06e7b859c', 11041842, 'ST_UNI_ETH_DAI', 1),
(186, '0x156733b89ac5c704f3217fee2949a9d4a73764b5', 11041835, 'ST_UNI_ETH_USDC', 1),
(187, '0x75071f2653fbc902ebaff908d4c68712a5d1c960', 11023309, 'ST_UNI_ETH_USDT', 1),
(188, '0xf1181a71cc331958ae2ca2aad0784acfc436cb93', 11041845, 'ST_UNI_ETH_WBTC', 1),
(189, '0x3da9d911301f8144bdf5c3c67886e5373dcdff8e', 11087149, 'ST_WETH', 1),
(190, '0x4f7c28ccb0f1dbd1388209c67eec234273c878bd', 11087160, 'ST_USDC', 1),
(191, '0x6ac4a7ab91e6fd098e13b7d347c6d4d1494994a2', 11087164, 'ST_USDT', 1),
(192, '0x15d3a64b2d5ab9e152f16593cdebc4bb165b5b4a', 11087156, 'ST_DAI', 1),
(193, '0x917d6480ec60cbddd6cbd0c8ea317bcc709ea77b', 11068190, 'ST_WBTC', 1),
(194, '0x7b8ff8884590f44e10ea8105730fe637ce0cb4f6', 11087172, 'ST_RENBTC', 1),
(195, '0xa3cf8d1cee996253fad1f8e3d68bdcba7b3a3db5', 11087179, 'ST_CRVRENWBTC', 1),
(196, '0x9523fdc055f503f73ff40d7f66850f409d80ef34', 11043768, 'ST_SUSHI_WBTC_TBTC', 1),
(197, '0x6d1b6ea108aa03c6993d8010690264ba96d349a8', 11153147, 'ST_YCRV', 1),
(198, '0x27f12d1a08454402175b9f0b53769783578be7d9', 11159034, 'ST_3CRV', 1),
(199, '0xec56a21cf0d7feb93c25587c12bffe094aa0ecda', 10997827, 'ST_TUSD', 1),
(200, '0x8f5adc58b32d4e5ca02eac0e293d35855999436c', 10957879, 'ST_PS', 1),
(201, '0x017ec1772a45d2cf68c429a820ef374f0662c57c', 11231016, 'ST_CRV_TBTC', 1),
(202, '0x76aef359a33c02338902aca543f37de4b01ba1fa', 11269974, 'ST_SUSHI_ETH_DAI', 1),
(203, '0x6b4e1e0656dd38f36c318b077134487b9b0cf7a6', 11269986, 'ST_SUSHI_ETH_USDC', 1),
(204, '0xa56522bca0a09f57b85c52c0cc8ba1b5edbc64ef', 11269989, 'ST_SUSHI_ETH_USDT', 1),
(205, '0xe2d9fae95f1e68afca7907dfb36143781f917194', 11269980, 'ST_SUSHI_ETH_WBTC', 1),
(206, '0xad91695b4bec2798829ac7a4797e226c78f22abd', 11374201, 'ST_IDX_ETH_DPI', 1),
(207, '0xc0f51a979e762202e9bef0f62b07f600d0697de1', 11257885, 'ST_CRV_CMPND', 1),
(208, '0x093c2ae5e6f3d2a897459aa24551289d462449ad', 11257902, 'ST_CRV_BUSD', 1),
(209, '0xef4da1ce3f487da2ed0be23173f76274e0d47579', 11257895, 'ST_CRV_USDN', 1),
(210, '0x72c50e6fd8cc5506e166c273b6e814342aa0a3c1', 11380850, 'ST_CRV_HUSD', 1),
(211, '0x01f9caad0f9255b0c0aa2fbd1c1aa06ad8af7254', 11380837, 'ST_CRV_HBTC', 1),
(212, '0x99b0d6641a63ce173e6eb063b3d3aed9a35cf9bf', 10777093, 'ST_UNI_LP_USDC_FARM', 1),
(214, '0x6555c79a8829b793f332f1535b0efb1fe4c11958', 11407437, 'ST_UNI_LP_WETH_FARM', 1),
(216, '0xe58f0d2956628921cded2ea6b195fc821c3a2b16', 11407202, 'ST_UNI_LP_GRAIN_FARM', 1),
(218, '0x797f1171dc5001b7a79ff7dca68c9539329cce48', 11609483, 'ST_UNI_BAC_DAI', 1),
(219, '0xc27100c8e424505bfb4106dd5cee9d10ad4c2923', 0, 'OWNER', 3),
(220, '0xf330891f02f8182d7d4e1a962ed0f3086d626020', 11616168, 'ST_UNI_DAI_BAS', 1),
(221, '0x98ba5e432933e2d536e24a2c021debb8404588c1', 11609503, 'ST_SUSHI_MIC_USDT', 1),
(222, '0xf4784d07136b5b10c6223134e8b36e1dc190725b', 11609508, 'ST_SUSHI_MIS_USDT', 1),
(223, '0x91b5cd52fde8dbac37c95ecafef0a70ba4c182fc', 11641089, 'ST_CRV_OBTC', 1),
(224, '0xda5e9706274d88bbf1bd1877a9b462fc40cdcfad', 11647955, 'ST_ONEINCH_ETH_DAI', 1),
(225, '0x9a9a6148f7b0a9767ac1fdc67343d1e3e219fddf', 11648033, 'ST_ONEINCH_ETH_USDC', 1),
(226, '0x2a80e0b572e7ef61ef81ef05ec024e1e52bd70bd', 11648090, 'ST_ONEINCH_ETH_USDT', 1),
(227, '0x747318cf3171d4e2a1a52bbd3fcc9f9c690448b4', 11648101, 'ST_ONEINCH_ETH_WBTC', 1),
(228, '0xf5b221e1d9c3a094fb6847bc3e241152772bbbf8', 11660866, 'ST_DAI_BSG', 1),
(229, '0x63e7d3f6e208cce4967b7a0e6a50a397af0b0e7a', 11660882, 'ST_DAI_BSGS', 1),
(154, '0x94e131324b6054c0d789b190b2dac504e4361b53', 11466549, 'CRV_UST', 4),
(172, '0xd2967f45c4f384deea880f807be904762a3dea07', 11005599, 'CRV_GUSD', 4),
(169, '0x06325440d014e39736583c165c2963ba99faf14e', 11591275, 'CRV_STETH', 4),
(175, '0xfd2a8fa60abd58efe3eee34dd494cd491dc14900', 11497098, 'CRV_AAVE', 4),
(213, '0x514906fc121c7878424a5c928cad1852cc545892', 10777016, 'UNI_LP_USDC_FARM', 2),
(215, '0x56feaccb7f750b997b36a68625c7c596f0b41a58', 10777652, 'UNI_LP_WETH_FARM', 2),
(217, '0xb9fa44b0911f6d777faab2fa9d8ef103f25ddf49', 11407008, 'UNI_LP_GRAIN_FARM', 2),
(157, '0xb022e08adc8ba2de6ba4fecb59c6d502f66e953b', 11380524, 'UNI_LP_MAAPL_UST', 2),
(160, '0x0ae8cb1f57e3b1b7f4f5048743710084aa69e796', 11380782, 'UNI_LP_MAMZN_UST', 2),
(163, '0x4b70ccd1cf9905be1faed025eadbd3ab124efe9a', 11380543, 'UNI_LP_MGOOGL_UST', 2),
(166, '0x5233349957586a8207c52693a959483f9aeaa50c', 11380570, 'UNI_LP_MTSLA_UST', 2),
(178, '0x795065dcc9f64b5614c407a6efdc400da6221fb0', 10829340, 'SUSHI_LP_SUSHI_ETH', 2),
(184, '0x0ef1b8a0e726fc3948e15b23993015eb1627f210', 11607879, 'ONEINCH_LP_ONEINCH_ETH', 2),
(231, '0xdb9c2eba87301e6951d6fbe7a458832eaab2137e', 11655679, 'ST_ESD', 1),
(232, '0x7c497298d9576499e17f9564ce4e13faa87a9b33', 11655689, 'ST_DSD', 1),
(233, '0xf4d50f60d53a230abc8268c6697972cb255cd940', 11674656, 'ST_CRV_EURS', 1),
(234, '0xddb5d3ccd968df64ce48b577776bdc29ebd3120e', 11680930, 'ST_CRV_UST', 1),
(235, '0xc02d1da469d68adc651dd135d1a7f6b42f4d1a57', 11681748, 'ST_MAAPL_UST', 1),
(236, '0x8dc427cbcc75cae58dd4f386979eba6662f5c158', 11681037, 'ST_MAMZN_UST', 1),
(237, '0xfe83a00df3a98de218c08719faf7e3741b220d0d', 11681054, 'ST_MGOOGL_UST', 1),
(238, '0x40c34b0e1bb6984810e17474c6b0bcc6a6b46614', 11681067, 'ST_MTSLA_UST', 1),
(239, '0x2e25800957742c52b4d69b65f9c67abc5ccbffe6', 11686133, 'ST_CRV_STETH', 1),
(240, '0x538613a19eb84d86a4ccfcb63548244a52ab0b68', 11745429, 'ST_CRV_GUSD', 1),
(241, '0x10f1fc85eaa1f064e38eeffda82fba414841f438', 11830965, 'ST_CRV_AAVE', 1),
(242, '0x16fbb193f99827c92a4cc22efe8ed7390465bfa3', 11777533, 'ST_SUSHI_SUSHI_ETH', 1),
(243, '0x16b5089ed717409849b2748ac73adfbfe7ec0301', 11905294, 'ST_ONEINCH_ETH_ONEINCH', 1),
(244, '0x0000000000000000000000000000000000000000', 0, 'ZERO', 4),
(181, '0xa0246c9032bc3a600820415ae600c6388619a14d', 10770079, 'FARM', 4),
(245, '0x3472a5a71965499acd81997a54bba8d852c6e53d', 11348423, 'BADGER', 4),
(246, '0x8daebade922df735c38c80c7ebd708af50815faa', 10867840, 'TBTC', 4),
(247, '0x0954906da0bf32d5479e25f46056d22f08464cab', 11000455, 'IDX', 4),
(248, '0x1494ca1f11d487c2bbe4543e90080aeba4ba3c2b', 10830516, 'DPI', 4),
(249, '0x6589fe1271a0f29346796c6baf0cdf619e25e58e', 11342057, 'GRAIN', 4),
(142, '0x3449fc1cd036255ba1eb19d65ff4ba2b8903a69a', 11355386, 'BAC', 4),
(250, '0xa7ed29b253d8b4e3109ce07c80fc570f81b63696', 11355392, 'BAS', 4),
(251, '0x368b3a58b5f49392e5c9e4c998cb0bb966752e51', 11548901, 'MIC', 4),
(252, '0x4b4d2e899658fb59b1d518b68fe836b100ee8958', 11548905, 'MIS', 4),
(253, '0xb34ab2f65c6e4f764ffe740ab83f982021faed6d', 11644470, 'BSG', 4),
(254, '0xa9d232cc381715ae791417b624d7c4509d2c28db', 11644478, 'BSGS', 4),
(255, '0xdb25f211ab05b1c97d595516f45794528a807ad8', 5835251, 'EURS', 4),
(256, '0xa47c8bf37f92abed4a126bda807a7b7498661acd', 11345219, 'UST', 4),
(257, '0xd36932143f6ebdedd872d5fb0651f4b72fd15a84', 11345258, 'MAAPL', 4),
(258, '0x0cae9e4d663793c2a2a0b211c1cf4bbca2b9caa7', 11345296, 'MAMZN', 4),
(259, '0x59a921db27dd6d4d974745b7ffc5c33932653442', 11345264, 'MGOOGL', 4),
(260, '0x21ca39943e91d704678f5d00b6616650f066fd63', 11345271, 'MTSLA', 4),
(261, '0x056fd409e1d7a124bd7017459dfea2f387b6d5cd', 6301780, 'GUSD', 4),
(262, '0xdf574c24545e5ffecb9a659c229253d4111d87e1', 8174400, 'HUSD', 4),
(263, '0x6b3595068778dd592e39a122f4f5a5cf09c90fe2', 10736094, 'SUSHI', 4),
(264, '0x0316eb71485b0ab14103307bf65a021042c6d380', 9076087, 'HBTC', 4),
(265, '0xfe18be6b3bd88a2d2a7f928d00292e7a9963cfc6', 8623122, 'SBTC', 4),
(266, '0x106538cc16f938776c7c180186975bca23875287', 11818848, 'BASv2', 4),
(267, '0x111111111117dc0aa78b770fa6a738034120c302', 11511393, 'ONEINCH', 4),
(268, '0x004375dff511095cc5a197a54140a24efef3a416', 10092348, 'UNI_LP_USDC_WBTC', 2),
(269, '0x3452a7f30a712e415a0674c0341d44ee9d9786f9', 11004221, 'UNI_LP_IDX_ETH', 2),
(270, '0xc372089019614e5791b08b5036f298d002a8cbef', 11096263, 'UNI_LP_USDC_IDX', 2),
(271, '0xcd7989894bc033581532d2cd88da5db0a4b12859', 11380633, 'UNI_LP_WBTC_BADGER', 2),
(272, '0x0379da7a5895d13037b6937b109fa8607a659adf', 11355401, 'UNI_LP_DAI_BAS', 2),
(136, '0x4a9596e5d2f9bef50e4de092ad7181ae3c40353e', 11644509, 'UNI_LP_DAI_BSG', 2),
(273, '0x88ff79eb2bc5850f27315415da8685282c7610f9', 10722560, 'UNI_LP_ESD_USDC', 2),
(274, '0x66e33d2605c5fb25ebb7cd7528e7997b0afa55e8', 11330245, 'UNI_LP_USDC_DSD', 2),
(275, '0x767055e2a9f15783b1ec5ef134a89acf3165332f', 10097736, 'UNI_LP_USDC_EURS', 2),
(276, '0xa6f4eae7fdaa20e632c45d4cd39e4f3961892322', 11038392, 'UNI_LP_HBTC_ETH', 2),
(277, '0x81fbef4704776cc5bba0a5df3a90056d2c6900b3', 10161671, 'UNI_LP_ETH_RENBTC', 2),
(278, '0xb4d0d9df2738abe81b87b66c80851292492d1404', 10161671, 'UNI_LP_TUSD_ETH', 2),
(279, '0xc50ef7861153c51d383d9a7d48e6c9467fb90c38', 10161671, 'UNI_LP_UST_USDT', 2),
(280, '0x61247d8aca1c485a50728e1336d9b26c8339e701', 10161671, 'UNI_LP_GUSD_ETH', 2),
(281, '0xe53bfffd5d9a53250a3f30409fdc463cb5ed05e1', 10161671, 'UNI_LP_USDT_HUSD', 2),
(282, '0x26aad2da94c59524ac0d93f6d6cbf9071d7086f2', 11519620, 'UNI_LP_ONEINCH_ETH', 2),
(283, '0xb4e3fc276532f27bd0f738928ce083a3b064ba61', 11924821, 'UNI_WBTC_KLON', 0),
(284, '0x1a0b8b5c603cac03b3b6b7a9679f5e2c1e98f248', 0, 'UNKNOWN_STRATEGY', 3),
(286, '0x5cd9db40639013a08d797a839c9becd6ec5dcd4d', 11924877, 'UNI_WBTC_KBTC', 0),
(287, '0x5334cf3a2006f05f879f8677a6a1fb94c6ba7861', 0, 'UNKNOWN_STRATEGY', 3),
(289, '0xdd496a6ba1b4cf2b3ef42def132e2b2c570941fe', 11924852, 'ST_UNI_WBTC_KBTC', 1),
(290, '0x719d70457658358f2e785b38307cfe24071b7417', 11925210, 'ST_UNI_WBTC_KLON', 1),
(291, '0xe6c3502997f97f9bde34cb165fbce191065e068f', 11733661, 'WBTC_KBTC', 4),
(292, '0xb97d5cf2864fb0d08b34a484ff48d5492b2324a0', 11733686, 'WBTC_KLON', 4),
(288, '0x1f3d61248ec81542889535595903078109707941', 11733661, 'UNI_LP_WBTC_KBTC', 2),
(285, '0x734e48a1ffea1cdf4f5172210c322f3990d6d760', 11733686, 'UNI_LP_WBTC_KLON', 2),
(76, '0x59258f4e15a5fc74a7284055a8094f58108dbd4f', 10797544, 'ST_PS_V0', 1);

INSERT INTO public.eth_pools (id, updated_block, contract, controller, governance, lp_token, owner, reward_token) VALUES (1, 11946937, 185, 2, 3, 39, 3, 181),
(2, 11946937, 186, 2, 3, 41, 3, 181),
(3, 11946937, 187, 2, 3, 43, 3, 181),
(4, 11946937, 188, 2, 3, 45, 3, 181),
(5, 11946937, 189, 2, 3, 47, 3, 181),
(6, 11946937, 190, 2, 3, 49, 3, 181),
(7, 11946937, 191, 2, 3, 51, 3, 181),
(8, 11946937, 192, 2, 3, 53, 3, 181),
(9, 11946937, 193, 2, 3, 55, 3, 181),
(10, 11946937, 194, 2, 3, 57, 3, 181),
(11, 11946937, 195, 2, 3, 59, 3, 181),
(12, 11946937, 196, 2, 3, 61, 3, 181),
(13, 11946937, 197, 2, 3, 64, 3, 181),
(14, 11946937, 198, 2, 3, 66, 3, 181),
(15, 11946937, 199, 2, 3, 69, 3, 181),
(16, 11946937, 200, 2, 3, 181, 3, 181),
(17, 11946937, 76, 2, 3, 181, 3, 181),
(18, 11946937, 201, 2, 3, 72, 3, 181),
(19, 11946937, 202, 2, 3, 86, 3, 181),
(20, 11946937, 203, 2, 3, 89, 3, 181),
(21, 11946937, 204, 2, 3, 92, 3, 181),
(22, 11946937, 205, 2, 3, 95, 3, 181),
(23, 11946937, 206, 2, 3, 98, 3, 181),
(24, 11946937, 207, 2, 3, 77, 3, 181),
(25, 11946937, 208, 2, 3, 80, 3, 181),
(26, 11946937, 209, 2, 3, 83, 3, 181),
(27, 11946937, 210, 2, 3, 101, 3, 181),
(28, 11946937, 211, 2, 3, 104, 3, 181),
(29, 11946937, 212, 2, 3, 213, 3, 181),
(30, 11946937, 214, 2, 3, 215, 3, 181),
(31, 11946937, 216, 2, 3, 217, 3, 181),
(32, 11946937, 218, 2, 3, 107, 219, 181),
(33, 11946937, 220, 2, 3, 110, 219, 181),
(34, 11946937, 221, 2, 3, 113, 219, 181),
(35, 11946937, 222, 2, 3, 116, 219, 181),
(36, 11946937, 223, 2, 3, 119, 3, 181),
(37, 11946937, 224, 2, 3, 122, 3, 181),
(38, 11946937, 225, 2, 3, 125, 3, 181),
(39, 11946937, 226, 2, 3, 128, 3, 181),
(40, 11946937, 227, 2, 3, 131, 3, 181),
(41, 11946937, 228, 2, 3, 134, 219, 181),
(42, 11946937, 229, 2, 3, 137, 219, 181),
(43, 11946937, 230, 2, 3, 140, 3, 181),
(44, 11946937, 231, 2, 3, 143, 3, 181),
(45, 11946937, 232, 2, 3, 146, 3, 181),
(46, 11946937, 233, 2, 3, 149, 3, 181),
(47, 11946937, 234, 2, 3, 152, 3, 181),
(48, 11946937, 235, 2, 3, 155, 219, 181),
(49, 11946937, 236, 2, 3, 158, 219, 181),
(50, 11946937, 237, 2, 3, 161, 219, 181),
(51, 11946937, 238, 2, 3, 164, 219, 181),
(52, 11946937, 239, 2, 3, 167, 3, 181),
(53, 11946937, 240, 2, 3, 170, 3, 181),
(54, 11946937, 241, 2, 3, 173, 3, 181),
(55, 11946937, 242, 2, 3, 176, 3, 181),
(56, 11946937, 243, 2, 3, 182, 3, 181),
(57, 11973083, 289, 2, 3, 286, 3, 179),
(58, 11973083, 290, 2, 3, 283, 3, 179);


INSERT INTO public.eth_tokens (id, decimals, name, symbol, updated_block, contract) VALUES 
(1, 0, '', '', 11946937, 244),
(2, 18, 'FARM Reward Token', 'FARM', 11946937, 181),
(3, 18, 'Badger', 'BADGER', 11946937, 245),
(4, 6, 'USD Coin', 'USDC', 11946937, 11),
(5, 18, 'Wrapped Ether', 'WETH', 11946937, 8),
(6, 8, 'Wrapped BTC', 'WBTC', 11946937, 20),
(7, 18, 'Dai Stablecoin', 'DAI', 11946937, 17),
(8, 18, 'tBTC', 'TBTC', 11946937, 246),
(9, 6, 'Tether USD', 'USDT', 11946937, 14),
(10, 18, 'Index', 'INDEX', 11946937, 247),
(11, 18, 'DefiPulse Index', 'DPI', 11946937, 248),
(12, 18, 'GRAIN Token', 'GRAIN', 11946937, 249),
(13, 18, 'TrueUSD', 'TUSD', 11946937, 71),
(14, 18, 'BAC', 'BAC', 11946937, 142),
(15, 18, 'BAS', 'BAS', 11946937, 250),
(16, 18, 'MIC', 'MIC', 11946937, 251),
(17, 18, 'MIS', 'MIS', 11946937, 252),
(18, 18, 'BSG', 'BSG', 11946937, 253),
(19, 18, 'BSGS', 'BSGS', 11946937, 254),
(20, 18, 'Empty Set Dollar', 'ESD', 11946937, 145),
(21, 18, 'Dynamic Set Dollar', 'DSD', 11946937, 148),
(22, 2, 'STASIS EURS Token', 'EURS', 11946937, 255),
(23, 18, 'Wrapped UST Token', 'UST', 11946937, 256),
(24, 18, 'Wrapped Mirror AAPL Token', 'mAAPL', 11946937, 257),
(25, 18, 'Wrapped Mirror AMZN Token', 'mAMZN', 11946937, 258),
(26, 18, 'Wrapped Mirror GOOGL Token', 'mGOOGL', 11946937, 259),
(27, 18, 'Wrapped Mirror TSLA Token', 'mTSLA', 11946937, 260),
(28, 2, 'Gemini dollar', 'GUSD', 11946937, 261),
(29, 18, 'Curve.fi yDAI/yUSDC/yUSDT/yTUSD', 'yDAI+yUSDC+yUSDT+yTUSD', 11946937, 5),
(30, 18, 'Curve.fi DAI/USDC/USDT', '3Crv', 11946937, 68),
(31, 18, 'Curve.fi cDAI/cUSDC', 'cDAI+cUSDC', 11946937, 79),
(32, 18, 'Curve.fi yDAI/yUSDC/yUSDT/yBUSD', 'yDAI+yUSDC+yUSDT+yBUSD', 11946937, 82),
(33, 18, 'Curve.fi USDN/3Crv', 'usdn3CRV', 11946937, 85),
(34, 8, 'HUSD', 'HUSD', 11946937, 262),
(35, 18, 'Curve.fi UST/3Crv', 'ust3CRV', 11946937, 154),
(36, 18, 'Curve.fi GUSD/3Crv', 'gusd3CRV', 11946937, 172),
(37, 18, 'Curve.fi EURS/sEUR', 'eursCRV', 11946937, 151),
(38, 18, 'Curve.fi oBTC/sbtcCRV', 'oBTC/sbtcCRV', 11946937, 121),
(39, 18, 'Curve.fi ETH/stETH', 'steCRV', 11946937, 169),
(40, 18, 'Curve.fi aDAI/aUSDC/aUSDT', 'a3CRV', 11946937, 175),
(41, 18, 'SushiToken', 'SUSHI', 11946937, 263),
(42, 18, 'Huobi BTC', 'HBTC', 11946937, 264),
(43, 18, 'Synth sBTC', 'sBTC', 11946937, 265),
(44, 8, 'renBTC', 'renBTC', 11946937, 23),
(45, 18, 'BASv2', 'BASv2', 11946937, 266),
(46, 18, '1INCH Token', '1INCH', 11946937, 267),
(47, 18, 'KBTC', 'KBTC', 11973083, 291),
(48, 18, 'KLON', 'KLON', 11973083, 292);

INSERT INTO public.eth_uni_pairs (id, decimals, type, updated_block, contract, key_token, token0_id, token1_id) VALUES (6, 18, 1, 11946937, 268, null, 20, 11),
(10, 18, 1, 11946937, 270, null, 247, 11),
(13, 18, 2, 11946937, 88, null, 17, 8),
(14, 18, 2, 11946937, 91, null, 11, 8),
(15, 18, 2, 11946937, 94, null, 8, 14),
(16, 18, 2, 11946937, 97, null, 20, 8),
(22, 18, 3, 11946937, 124, null, 244, 17),
(23, 18, 3, 11946937, 127, null, 244, 11),
(24, 18, 3, 11946937, 130, null, 244, 14),
(25, 18, 3, 11946937, 133, null, 244, 20),
(1, 18, 1, 11946937, 29, 7, 17, 8),
(2, 18, 1, 11946937, 32, 5, 11, 8),
(3, 18, 1, 11946937, 35, 9, 8, 14),
(4, 18, 1, 11946937, 38, 6, 20, 8),
(5, 18, 2, 11946937, 63, 8, 20, 246),
(7, 18, 1, 11946937, 213, 2, 181, 11),
(8, 18, 1, 11946937, 215, 2, 181, 8),
(9, 18, 1, 11946937, 269, 10, 247, 8),
(11, 18, 1, 11946937, 100, 11, 248, 8),
(12, 18, 1, 11946937, 271, 3, 20, 245),
(17, 18, 1, 11946937, 217, 12, 249, 181),
(18, 18, 1, 11946937, 109, 14, 142, 17),
(19, 18, 1, 11946937, 272, 15, 17, 250),
(20, 18, 2, 11946937, 115, 16, 251, 14),
(21, 18, 2, 11946937, 118, 17, 252, 14),
(26, 18, 1, 11946937, 136, 18, 17, 253),
(27, 18, 1, 11946937, 139, 19, 17, 254),
(28, 18, 1, 11946937, 273, 20, 145, 11),
(29, 18, 1, 11946937, 274, 21, 11, 148),
(30, 18, 1, 11946937, 157, 24, 256, 257),
(31, 18, 1, 11946937, 160, 25, 258, 256),
(32, 18, 1, 11946937, 163, 26, 259, 256),
(33, 18, 1, 11946937, 166, 27, 260, 256),
(34, 18, 1, 11946937, 275, 22, 11, 255),
(35, 18, 2, 11946937, 178, 41, 263, 8),
(36, 18, 1, 11946937, 276, 42, 264, 8),
(37, 18, 1, 11946937, 277, 44, 8, 23),
(38, 18, 1, 11946937, 278, 13, 71, 8),
(39, 18, 1, 11946937, 279, 23, 256, 14),
(40, 18, 1, 11946937, 280, 28, 261, 8),
(41, 18, 1, 11946937, 281, 34, 14, 262),
(42, 18, 1, 11946937, 112, 45, 266, 17),
(43, 18, 3, 11946937, 184, 46, 244, 267),
(44, 18, 1, 11946937, 282, 46, 267, 8),
(45, 18, 1, 11973083, 288, null, 20, 291),
(46, 18, 1, 11973083, 285, null, 20, 292);


INSERT INTO public.eth_vaults (id, decimals, name, symbol, underlying_unit, updated_block, contract, controller_id, governance_id, strategy_id, underlying_id) VALUES (1, 18, 'FARM_yDAI+yUSDC+yUSDT+yTUSD', 'fyDAI+yUSDC+yUSDT+yTUSD', 1000000000000000000, 11946937, 1, 2, 3, 4, 5),
(2, 18, 'FARM_WETH', 'fWETH', 1000000000000000000, 11946937, 6, 2, 3, 7, 8),
(3, 6, 'FARM_USDC', 'fUSDC', 1000000, 11946937, 9, 2, 3, 10, 11),
(4, 6, 'FARM_USDT', 'fUSDT', 1000000, 11946937, 12, 2, 3, 13, 14),
(5, 18, 'FARM_DAI', 'fDAI', 1000000000000000000, 11946937, 15, 2, 3, 16, 17),
(6, 8, 'FARM_WBTC', 'fWBTC', 100000000, 11946937, 18, 2, 3, 19, 20),
(7, 8, 'FARM_renBTC', 'frenBTC', 100000000, 11946937, 21, 2, 3, 22, 23),
(8, 18, 'FARM_crvRenWBTC', 'fcrvRenWBTC', 1000000000000000000, 11946937, 24, 2, 3, 25, 26),
(9, 18, 'FARM_UNI-V2', 'fUNI-V2', 1000000000000000000, 11946937, 27, 2, 3, 28, 29),
(10, 18, 'FARM_UNI-V2', 'fUNI-V2', 1000000000000000000, 11946937, 30, 2, 3, 31, 32),
(11, 18, 'FARM_UNI-V2', 'fUNI-V2', 1000000000000000000, 11946937, 33, 2, 3, 34, 35),
(12, 18, 'FARM_UNI-V2', 'fUNI-V2', 1000000000000000000, 11946937, 36, 2, 3, 37, 38),
(13, 18, 'FARM_UNI-V2', 'fUNI-V2', 1000000000000000000, 11946937, 39, 2, 3, 40, 29),
(14, 18, 'FARM_UNI-V2', 'fUNI-V2', 1000000000000000000, 11946937, 41, 2, 3, 42, 32),
(15, 18, 'FARM_UNI-V2', 'fUNI-V2', 1000000000000000000, 11946937, 43, 2, 3, 44, 35),
(16, 18, 'FARM_UNI-V2', 'fUNI-V2', 1000000000000000000, 11946937, 45, 2, 3, 46, 38),
(17, 18, 'FARM_WETH', 'fWETH', 1000000000000000000, 11946937, 47, 2, 3, 48, 8),
(18, 6, 'FARM_USDC', 'fUSDC', 1000000, 11946937, 49, 2, 3, 50, 11),
(19, 6, 'FARM_USDT', 'fUSDT', 1000000, 11946937, 51, 2, 3, 52, 14),
(20, 18, 'FARM_DAI', 'fDAI', 1000000000000000000, 11946937, 53, 2, 3, 54, 17),
(21, 8, 'FARM_WBTC', 'fWBTC', 100000000, 11946937, 55, 2, 3, 56, 20),
(22, 8, 'FARM_renBTC', 'frenBTC', 100000000, 11946937, 57, 2, 3, 58, 23),
(23, 18, 'FARM_crvRenWBTC', 'fcrvRenWBTC', 1000000000000000000, 11946937, 59, 2, 3, 60, 26),
(24, 18, 'FARM_SLP', 'fSLP', 1000000000000000000, 11946937, 61, 2, 3, 62, 63),
(25, 18, 'FARM_yDAI+yUSDC+yUSDT+yTUSD', 'fyDAI+yUSDC+yUSDT+yTUSD', 1000000000000000000, 11946937, 64, 2, 3, 65, 5),
(26, 18, 'FARM_3Crv', 'f3Crv', 1000000000000000000, 11946937, 66, 2, 3, 67, 68),
(27, 18, 'FARM_TUSD', 'fTUSD', 1000000000000000000, 11946937, 69, 2, 3, 70, 71),
(28, 18, 'FARM_tbtc/sbtcCrv', 'ftbtc/sbtcCrv', 1000000000000000000, 11946937, 72, 2, 3, 73, 74),
(29, 18, 'PS vault', null, null, 11946937, 75, 2, 3, null, null),
(30, 18, 'PS vault', null, null, 11946937, 76, 2, 3, null, null),
(31, 18, 'FARM_cDAI+cUSDC', 'fcDAI+cUSDC', 1000000000000000000, 11946937, 77, 2, 3, 78, 79),
(32, 18, 'FARM_yDAI+yUSDC+yUSDT+yBUSD', 'fyDAI+yUSDC+yUSDT+yBUSD', 1000000000000000000, 11946937, 80, 2, 3, 81, 82),
(33, 18, 'FARM_usdn3CRV', 'fusdn3CRV', 1000000000000000000, 11946937, 83, 2, 3, 84, 85),
(34, 18, 'FARM_SLP', 'fSLP', 1000000000000000000, 11946937, 86, 2, 3, 87, 88),
(35, 18, 'FARM_SLP', 'fSLP', 1000000000000000000, 11946937, 89, 2, 3, 90, 91),
(36, 18, 'FARM_SLP', 'fSLP', 1000000000000000000, 11946937, 92, 2, 3, 93, 94),
(37, 18, 'FARM_SLP', 'fSLP', 1000000000000000000, 11946937, 95, 2, 3, 96, 97),
(38, 18, 'FARM_UNI-V2', 'fUNI-V2', 1000000000000000000, 11946937, 98, 2, 3, 99, 100),
(39, 18, 'FARM_husd3CRV', 'fhusd3CRV', 1000000000000000000, 11946937, 101, 2, 3, 102, 103),
(40, 18, 'FARM_hCRV', 'fhCRV', 1000000000000000000, 11946937, 104, 2, 3, 105, 106),
(41, 18, 'FARM_UNI-V2', 'fUNI-V2', 1000000000000000000, 11946937, 107, 2, 3, 108, 109),
(42, 18, 'FARM_UNI-V2', 'fUNI-V2', 1000000000000000000, 11946937, 110, 2, 3, 111, 112),
(43, 18, 'FARM_SLP', 'fSLP', 1000000000000000000, 11946937, 113, 2, 3, 114, 115),
(44, 18, 'FARM_SLP', 'fSLP', 1000000000000000000, 11946937, 116, 2, 3, 117, 118),
(45, 18, 'FARM_oBTC/sbtcCRV', 'foBTC/sbtcCRV', 1000000000000000000, 11946937, 119, 2, 3, 120, 121),
(46, 18, 'FARM_1LP-ETH-DAI', 'f1LP-ETH-DAI', 1000000000000000000, 11946937, 122, 2, 3, 123, 124),
(47, 18, 'FARM_1LP-ETH-USDC', 'f1LP-ETH-USDC', 1000000000000000000, 11946937, 125, 2, 3, 126, 127),
(48, 18, 'FARM_1LP-ETH-USDT', 'f1LP-ETH-USDT', 1000000000000000000, 11946937, 128, 2, 3, 129, 130),
(49, 18, 'FARM_1LP-ETH-WBTC', 'f1LP-ETH-WBTC', 1000000000000000000, 11946937, 131, 2, 3, 132, 133),
(50, 18, 'FARM_UNI-V2', 'fUNI-V2', 1000000000000000000, 11946937, 134, 2, 3, 135, 136),
(51, 18, 'FARM_UNI-V2', 'fUNI-V2', 1000000000000000000, 11946937, 137, 2, 3, 138, 139),
(52, 18, 'FARM_BAC', 'fBAC', 1000000000000000000, 11946937, 140, 2, 3, 141, 142),
(53, 18, 'FARM_ESD', 'fESD', 1000000000000000000, 11946937, 143, 2, 3, 144, 145),
(54, 18, 'FARM_DSD', 'fDSD', 1000000000000000000, 11946937, 146, 2, 3, 147, 148),
(55, 18, 'FARM_eursCRV', 'feursCRV', 1000000000000000000, 11946937, 149, 2, 3, 150, 151),
(56, 18, 'FARM_ust3CRV', 'fust3CRV', 1000000000000000000, 11946937, 152, 2, 3, 153, 154),
(57, 18, 'FARM_UNI-V2', 'fUNI-V2', 1000000000000000000, 11946937, 155, 2, 3, 156, 157),
(58, 18, 'FARM_UNI-V2', 'fUNI-V2', 1000000000000000000, 11946937, 158, 2, 3, 159, 160),
(59, 18, 'FARM_UNI-V2', 'fUNI-V2', 1000000000000000000, 11946937, 161, 2, 3, 162, 163),
(60, 18, 'FARM_UNI-V2', 'fUNI-V2', 1000000000000000000, 11946937, 164, 2, 3, 165, 166),
(61, 18, 'FARM_steCRV', 'fsteCRV', 1000000000000000000, 11946937, 167, 2, 3, 168, 169),
(62, 18, 'FARM_gusd3CRV', 'fgusd3CRV', 1000000000000000000, 11946937, 170, 2, 3, 171, 172),
(63, 18, 'FARM_a3CRV', 'fa3CRV', 1000000000000000000, 11946937, 173, 2, 3, 174, 175),
(64, 18, 'FARM_SLP', 'fSLP', 1000000000000000000, 11946937, 176, 2, 3, 177, 178),
(65, 18, 'iFARM', 'iFARM', 1000000000000000000, 11946937, 179, 2, 3, 180, 181),
(66, 18, 'FARM_1LP-ETH-1INCH', 'f1LP-ETH-1INCH', 1000000000000000000, 11946937, 182, 2, 3, 183, 184),
(67, 18, 'FARM_UNI-V2', 'fUNI-V2', 1000000000000000000, 11973083, 283, 2, 3, 284, 285),
(68, 18, 'FARM_UNI-V2', 'fUNI-V2', 1000000000000000000, 11973083, 286, 2, 3, 287, 288);



INSERT INTO public.eth_vault_to_pool (id, block_start, pool_id, vault_id) VALUES (1, 11946937, 18, 28),
(2, 11946937, 54, 63),
(3, 11946937, 39, 48),
(4, 11946937, 13, 25),
(5, 11946937, 19, 34),
(6, 11946937, 34, 43),
(7, 11946937, 28, 40),
(8, 11946937, 7, 19),
(9, 11946937, 10, 22),
(10, 11946937, 25, 32),
(11, 11946937, 44, 53),
(12, 11946937, 32, 41),
(13, 11946937, 14, 26),
(14, 11946937, 51, 60),
(15, 11946937, 4, 16),
(16, 11946937, 33, 42),
(17, 11946937, 24, 31),
(18, 11946937, 11, 23),
(19, 11946937, 37, 46),
(20, 11946937, 48, 57),
(21, 11946937, 52, 61),
(22, 11946937, 53, 62),
(23, 11946937, 38, 47),
(24, 11946937, 5, 17),
(25, 11946937, 40, 49),
(26, 11946937, 55, 64),
(27, 11946937, 9, 21),
(28, 11946937, 22, 37),
(29, 11946937, 26, 33),
(30, 11946937, 47, 56),
(31, 11946937, 2, 14),
(32, 11946937, 45, 54),
(33, 11946937, 42, 51),
(34, 11946937, 27, 39),
(35, 11946937, 23, 38),
(36, 11946937, 8, 20),
(37, 11946937, 1, 13),
(38, 11946937, 3, 15),
(39, 11946937, 6, 18),
(40, 11946937, 43, 52),
(41, 11946937, 46, 55),
(42, 11946937, 36, 45),
(43, 11946937, 35, 44),
(44, 11946937, 20, 35),
(45, 11946937, 56, 66),
(46, 11946937, 15, 27),
(47, 11946937, 41, 50),
(48, 11946937, 50, 59),
(49, 11946937, 49, 58),
(50, 11946937, 12, 24),
(51, 11946937, 21, 36),
(52, 11973083, 57, 68),
(53, 11973083, 58, 67);



INSERT INTO public.eth_token_to_uni_pair (id, block_start, token_id, uni_pair_id) VALUES (1, 0, 2, 7),
(2, 11609000, 2, 8),
(3, 0, 3, 12),
(4, 0, 5, 2),
(5, 0, 6, 4),
(6, 0, 7, 1),
(7, 0, 8, 5),
(8, 0, 9, 3),
(9, 0, 10, 9),
(10, 0, 11, 11),
(11, 0, 12, 17),
(12, 0, 13, 38),
(13, 0, 14, 18),
(14, 0, 15, 19),
(15, 0, 16, 20),
(16, 0, 17, 21),
(17, 0, 18, 26),
(18, 0, 19, 27),
(19, 0, 20, 28),
(20, 0, 21, 29),
(21, 0, 22, 34),
(22, 0, 23, 39),
(23, 0, 24, 30),
(24, 0, 25, 31),
(25, 0, 26, 32),
(26, 0, 27, 33),
(27, 0, 28, 40),
(28, 0, 34, 41),
(29, 0, 41, 35),
(30, 0, 42, 36),
(31, 0, 44, 37),
(32, 0, 45, 42),
(33, 0, 46, 44),
(34, 0, 47, 45),
(35, 0, 48, 46);
