INSERT INTO public.eth_contracts (id, address, created, name, network, type) VALUES (1, '0xf7a3a95d0f7e8a5eeae483cdd7b76af287283d34', 5992258, 'PC_BUSD_BNB', 'bsc', 0);
INSERT INTO public.eth_contracts (id, address, created, name, network, type) VALUES (2, '0x222412af183bceadefd72e4cb1b71f1889953b1c', 0, 'CONTROLLER', 'bsc', 3);
INSERT INTO public.eth_contracts (id, address, created, name, network, type) VALUES (3, '0xf00dd244228f51547f0563e60bca65a30fbf5f7f', 0, 'GOVERNANCE', 'bsc', 3);
INSERT INTO public.eth_contracts (id, address, created, name, network, type) VALUES (4, '0x336e072764f1eb1f85a2000da8820569277afa5f', 0, 'UNKNOWN_STRATEGY', 'bsc', 3);
INSERT INTO public.eth_contracts (id, address, created, name, network, type) VALUES (6, '0x3d5b0a8cd80e2a87953525fc136c33112e4b885a', 5992267, 'PC_CAKE', 'bsc', 0);
INSERT INTO public.eth_contracts (id, address, created, name, network, type) VALUES (7, '0xd432f8c6861a6ba344734f364539262ab69d8c07', 0, 'UNKNOWN_STRATEGY', 'bsc', 3);
INSERT INTO public.eth_contracts (id, address, created, name, network, type) VALUES (9, '0xe1f9a3ee001a2ecc906e8de637dbf20bb2d44633', 5992279, 'PC_ETH_BNB', 'bsc', 0);
INSERT INTO public.eth_contracts (id, address, created, name, network, type) VALUES (10, '0x8c4ef5fb428ea12bcf37218fc1380a8bbcfc9606', 0, 'UNKNOWN_STRATEGY', 'bsc', 3);
INSERT INTO public.eth_contracts (id, address, created, name, network, type) VALUES (12, '0x6d386490e2367fc31b4acc99ab7c7d4d998a3121', 5992286, 'PC_USDT_BNB', 'bsc', 0);
INSERT INTO public.eth_contracts (id, address, created, name, network, type) VALUES (13, '0x58476ea365ac8b7a695bf31c690b396a5528afd3', 0, 'UNKNOWN_STRATEGY', 'bsc', 3);
INSERT INTO public.eth_contracts (id, address, created, name, network, type) VALUES (15, '0x0bb94083d5718a8cb716fadc016187a0d6c99425', 5992293, 'PC_XVS_BNB', 'bsc', 0);
INSERT INTO public.eth_contracts (id, address, created, name, network, type) VALUES (16, '0xae3a7a640616cb65234c88be89a65d89b0b5df41', 0, 'UNKNOWN_STRATEGY', 'bsc', 3);
INSERT INTO public.eth_contracts (id, address, created, name, network, type) VALUES (18, '0xffbd102fafbd9e15c9122d9c62ab299afd4d3e4f', 5992272, 'PC_CAKE_BNB', 'bsc', 0);
INSERT INTO public.eth_contracts (id, address, created, name, network, type) VALUES (19, '0x4f027307fd676669c36f8289b3f2b786f9f25111', 0, 'UNKNOWN_STRATEGY', 'bsc', 3);
INSERT INTO public.eth_contracts (id, address, created, name, network, type) VALUES (21, '0xcf5f83f8fe0ab0f9e9c1db07e6606dd598b2bbf5', 5992238, 'VENUS_XVS', 'bsc', 0);
INSERT INTO public.eth_contracts (id, address, created, name, network, type) VALUES (22, '0x2f97d9f870a773186cb01742ff298777bbf6f244', 0, 'UNKNOWN_STRATEGY', 'bsc', 3);
INSERT INTO public.eth_contracts (id, address, created, name, network, type) VALUES (24, '0x33da6b1a05b4afcc5a321aacaa1334bda4345a14', 5992245, 'VENUS_VAI', 'bsc', 0);
INSERT INTO public.eth_contracts (id, address, created, name, network, type) VALUES (25, '0x19f8ce19c9730a1d0db5149e65e48c2f0daa9919', 0, 'UNKNOWN_STRATEGY', 'bsc', 3);
INSERT INTO public.eth_contracts (id, address, created, name, network, type) VALUES (27, '0x394e653bbfc9a3497a0487abee153ca6498f053d', 5992218, 'VENUS_BETH', 'bsc', 0);
INSERT INTO public.eth_contracts (id, address, created, name, network, type) VALUES (28, '0xf7d6c4762411acd456ef0df7cb9994dc17d88747', 0, 'UNKNOWN_STRATEGY', 'bsc', 3);
INSERT INTO public.eth_contracts (id, address, created, name, network, type) VALUES (30, '0x2ce34b1bb247f242f1d2a33811e01138968efbff', 5992231, 'VENUS_ETH', 'bsc', 0);
INSERT INTO public.eth_contracts (id, address, created, name, network, type) VALUES (31, '0x158edb94d0bfc093952fb3009deeed613042907c', 0, 'UNKNOWN_STRATEGY', 'bsc', 3);
INSERT INTO public.eth_contracts (id, address, created, name, network, type) VALUES (33, '0x1274b70bf34e1a57e78c2a2f3e28a4e1b66cbe48', 5992252, 'VENUS_WBNB', 'bsc', 0);
INSERT INTO public.eth_contracts (id, address, created, name, network, type) VALUES (34, '0x01fcb5bc16e8d945ba276dccfee068231da4ce33', 0, 'UNKNOWN_STRATEGY', 'bsc', 3);
INSERT INTO public.eth_contracts (id, address, created, name, network, type) VALUES (36, '0xd75ffa16ffbcf4078d55ff246cfba79bb8ce3f63', 5992224, 'VENUS_BTCB', 'bsc', 0);
INSERT INTO public.eth_contracts (id, address, created, name, network, type) VALUES (37, '0xc5ddd0986caeb7fb7fc1556712af141e9e6a83ca', 0, 'UNKNOWN_STRATEGY', 'bsc', 3);
INSERT INTO public.eth_contracts (id, address, created, name, network, type) VALUES (39, '0xe3f309f151746b3c0953e4c0e455bff3dc2176aa', 5992300, 'EGG_BNB', 'bsc', 0);
INSERT INTO public.eth_contracts (id, address, created, name, network, type) VALUES (40, '0xb60e69f21b469a93ab6e3f4a831e833bcfb7c7de', 0, 'UNKNOWN_STRATEGY', 'bsc', 3);
INSERT INTO public.eth_contracts (id, address, created, name, network, type) VALUES (42, '0xcd8fb1302c30fde56bce5b34211e84561bbf0df1', 5992307, 'EGG_BUSD', 'bsc', 0);
INSERT INTO public.eth_contracts (id, address, created, name, network, type) VALUES (43, '0xc547c527d6ce9a0a0cea928b50fbd3a598d349a2', 0, 'UNKNOWN_STRATEGY', 'bsc', 3);
INSERT INTO public.eth_contracts (id, address, created, name, network, type) VALUES (45, '0x0392f36d2896c966e141c8fd9eca58a7ca9fa8af', 5992315, 'EGG', 'bsc', 0);
INSERT INTO public.eth_contracts (id, address, created, name, network, type) VALUES (46, '0xc11f5f4cdaebab98cab29501466ba05d41675a3e', 0, 'UNKNOWN_STRATEGY', 'bsc', 3);
INSERT INTO public.eth_contracts (id, address, created, name, network, type) VALUES (48, '0x78cf4a86ba3b4c5246d097e5cd0833cb641c1425', 6191808, 'VENUS_DAI', 'bsc', 0);
INSERT INTO public.eth_contracts (id, address, created, name, network, type) VALUES (49, '0x52735122306e32e41cdf0257c8647244d475cb4b', 0, 'UNKNOWN_STRATEGY', 'bsc', 3);
INSERT INTO public.eth_contracts (id, address, created, name, network, type) VALUES (51, '0x5089ea6c884a03823672888b57ebce929ece63ca', 6191864, 'VENUS_USDC', 'bsc', 0);
INSERT INTO public.eth_contracts (id, address, created, name, network, type) VALUES (52, '0x6aa85f9faf4639c6f290e04815b2aa45d78468f4', 0, 'UNKNOWN_STRATEGY', 'bsc', 3);
INSERT INTO public.eth_contracts (id, address, created, name, network, type) VALUES (54, '0x374787234b369b56b3701e0b932051b37726096a', 6191924, 'VENUS_USDT', 'bsc', 0);
INSERT INTO public.eth_contracts (id, address, created, name, network, type) VALUES (55, '0x11babd0b619bec0bd1b7b2689f4cd11b25a54e56', 0, 'UNKNOWN_STRATEGY', 'bsc', 3);
INSERT INTO public.eth_contracts (id, address, created, name, network, type) VALUES (57, '0x1bfb4ed996f4356aa705891dedb7d7776402bec1', 6191987, 'VENUS_BUSD', 'bsc', 0);
INSERT INTO public.eth_contracts (id, address, created, name, network, type) VALUES (58, '0x321e9402479ae47b4de53046bcc418b26d983185', 0, 'UNKNOWN_STRATEGY', 'bsc', 3);
INSERT INTO public.eth_contracts (id, address, created, name, network, type) VALUES (60, '0xe604fd5b1317babd0cf2c72f7f5f2ad8c00adbe1', 5992324, 'BDO_BNB', 'bsc', 0);
INSERT INTO public.eth_contracts (id, address, created, name, network, type) VALUES (61, '0x927c074361b79713f1d7b96c18e5de105b136b19', 0, 'UNKNOWN_STRATEGY', 'bsc', 3);
INSERT INTO public.eth_contracts (id, address, created, name, network, type) VALUES (63, '0x84646f736795a8bc22ab34e05c8982cd058328c7', 5992329, 'BDO_BUSD', 'bsc', 0);
INSERT INTO public.eth_contracts (id, address, created, name, network, type) VALUES (64, '0xd70e3826927ba72bc5c01014a2c447a918e54919', 0, 'UNKNOWN_STRATEGY', 'bsc', 3);
INSERT INTO public.eth_contracts (id, address, created, name, network, type) VALUES (66, '0xc97ddaa8091abaf79a4910b094830cce5cdd78f4', 5992335, 'SBDO_BUSD', 'bsc', 0);
INSERT INTO public.eth_contracts (id, address, created, name, network, type) VALUES (67, '0xd77e6bde0270b18bc1abc964557e025023d2a989', 0, 'UNKNOWN_STRATEGY', 'bsc', 3);
INSERT INTO public.eth_contracts (id, address, created, name, network, type) VALUES (69, '0x9090bccd472b9d11de302572167ded6632e185ab', 6186977, 'ONEINCH_BNB', 'bsc', 0);
INSERT INTO public.eth_contracts (id, address, created, name, network, type) VALUES (70, '0x5fd7a4d33f23967e890ae77dd4e065bc01db343b', 0, 'UNKNOWN_STRATEGY', 'bsc', 3);
INSERT INTO public.eth_contracts (id, address, created, name, network, type) VALUES (72, '0xbf2989575de9850f0a4b534740a88f5d2b460a4f', 6186790, 'ONEINCH_RENBTC', 'bsc', 0);
INSERT INTO public.eth_contracts (id, address, created, name, network, type) VALUES (32, '0x2170ed0880ac9a755fd29b2688956bd959f933f8', 326031, 'ETH', 'bsc', 4);
INSERT INTO public.eth_contracts (id, address, created, name, network, type) VALUES (56, '0x55d398326f99059ff775485246999027b3197955', 176416, 'USDT', 'bsc', 4);
INSERT INTO public.eth_contracts (id, address, created, name, network, type) VALUES (23, '0xcf6bb5389c92bdda8a3747ddb454cb7a64626c63', 858561, 'XVS', 'bsc', 4);
INSERT INTO public.eth_contracts (id, address, created, name, network, type) VALUES (8, '0x0e09fabb73bd3ade0a17ecc321fd13a19e81ce82', 693963, 'CAKE', 'bsc', 4);
INSERT INTO public.eth_contracts (id, address, created, name, network, type) VALUES (26, '0x4bd17003473389a42daf6a0a729f6fdb328bbbd7', 2471342, 'VAI', 'bsc', 4);
INSERT INTO public.eth_contracts (id, address, created, name, network, type) VALUES (29, '0x250632378e573c6be1ac2f97fcdf00515d0aa91b', 3319412, 'BETH', 'bsc', 4);
INSERT INTO public.eth_contracts (id, address, created, name, network, type) VALUES (35, '0xbb4cdb9cbd36b01bd1cbaebf2de08d9173bc095c', 149268, 'WBNB', 'bsc', 4);
INSERT INTO public.eth_contracts (id, address, created, name, network, type) VALUES (38, '0x7130d2a12b9bcbfae4f2634d864a1ee1ce3ead9c', 123969, 'BTCB', 'bsc', 4);
INSERT INTO public.eth_contracts (id, address, created, name, network, type) VALUES (47, '0xf952fc3ca7325cc27d15885d37117676d25bfda6', 4737506, 'EGG', 'bsc', 4);
INSERT INTO public.eth_contracts (id, address, created, name, network, type) VALUES (50, '0x1af3f329e8be154074d8769d1ffa4ee058b1dbc3', 325036, 'DAI', 'bsc', 4);
INSERT INTO public.eth_contracts (id, address, created, name, network, type) VALUES (53, '0x8ac76a51cc950d9822d68b83fe1ad97b32cd580d', 1477489, 'USDC', 'bsc', 4);
INSERT INTO public.eth_contracts (id, address, created, name, network, type) VALUES (5, '0x1b96b92314c44b159149f7e0303511fb2fc4774f', 589414, 'PC_WBNB_BUSD', 'bsc', 2);
INSERT INTO public.eth_contracts (id, address, created, name, network, type) VALUES (11, '0x70d8929d04b60af4fb9b58713ebcf18765ade422', 706860, 'PC_ETH_WBNB', 'bsc', 2);
INSERT INTO public.eth_contracts (id, address, created, name, network, type) VALUES (14, '0x20bcc3b8a0091ddac2d0bc30f68e6cbb97de59cd', 648115, 'PC_USDT_WBNB', 'bsc', 2);
INSERT INTO public.eth_contracts (id, address, created, name, network, type) VALUES (17, '0x41182c32f854dd97ba0e0b1816022e0acb2fc0bb', 1095074, 'PC_WBNB_XVS', 'bsc', 2);
INSERT INTO public.eth_contracts (id, address, created, name, network, type) VALUES (20, '0xa527a61703d82139f8a06bc30097cc9caa2df5a6', 695058, 'PC_CAKE_WBNB', 'bsc', 2);
INSERT INTO public.eth_contracts (id, address, created, name, network, type) VALUES (44, '0x19e7cbecdd23a16dfa5573df54d98f7caae03019', 4739606, 'PC_BUSD_EGG', 'bsc', 2);
INSERT INTO public.eth_contracts (id, address, created, name, network, type) VALUES (65, '0xc5b0d73a7c0e4eaf66babf7ee16a2096447f7ad6', 3442599, 'PC_BDO_BUSD', 'bsc', 2);
INSERT INTO public.eth_contracts (id, address, created, name, network, type) VALUES (68, '0xa0718093baa3e7aae054eed71f303a4ebc1c076f', 3493154, 'PC_SBDO_BUSD', 'bsc', 2);
INSERT INTO public.eth_contracts (id, address, created, name, network, type) VALUES (71, '0xdaf66c0b7e8e2fc76b15b07ad25ee58e04a66796', 5099757, 'ONEINCH_BNB_ONEINCH', 'bsc', 2);
INSERT INTO public.eth_contracts (id, address, created, name, network, type) VALUES (62, '0x74690f829fec83ea424ee1f1654041b2491a7be9', 3411917, 'PC_BDO_WBNB', 'bsc', 2);
INSERT INTO public.eth_contracts (id, address, created, name, network, type) VALUES (41, '0xd1b59d11316e87c3a0a069e80f590ba35cd8d8d3', 4739700, 'PC_WBNB_EGG', 'bsc', 2);
INSERT INTO public.eth_contracts (id, address, created, name, network, type) VALUES (73, '0x4909bfafaa4d166f09e428dd96c7f481a18d42ad', 0, 'UNKNOWN_STRATEGY', 'bsc', 3);
INSERT INTO public.eth_contracts (id, address, created, name, network, type) VALUES (75, '0xeab819e2be63ffc0df64e7bba4ddb3bdea280310', 5992750, 'ST_PC_BUSD_BNB', 'bsc', 1);
INSERT INTO public.eth_contracts (id, address, created, name, network, type) VALUES (76, '0x4b5c23cac08a567ecf0c1ffca8372a45a5d33743', 0, 'UNKNOWN_REWARD_TOKEN', 'bsc', 3);
INSERT INTO public.eth_contracts (id, address, created, name, network, type) VALUES (77, '0x78963b538c4835e00648df764029196700ea8ee9', 5992754, 'ST_PC_CAKE', 'bsc', 1);
INSERT INTO public.eth_contracts (id, address, created, name, network, type) VALUES (78, '0x221ed06024ee4296fb544a44cfeddf7c9f882cf3', 5992762, 'ST_PC_ETH_BNB', 'bsc', 1);
INSERT INTO public.eth_contracts (id, address, created, name, network, type) VALUES (79, '0xf1121f56961c6dfd40355dde61404d51b3f1c34e', 5992765, 'ST_PC_USDT_BNB', 'bsc', 1);
INSERT INTO public.eth_contracts (id, address, created, name, network, type) VALUES (80, '0x063eb32430bd63f4144f3e87d3339e4d2a318c52', 5992769, 'ST_PC_XVS_BNB', 'bsc', 1);
INSERT INTO public.eth_contracts (id, address, created, name, network, type) VALUES (81, '0xd4bc6001937c6ff493e4bae3ba0f812799f86ab0', 5992758, 'ST_PC_CAKE_BNB', 'bsc', 1);
INSERT INTO public.eth_contracts (id, address, created, name, network, type) VALUES (82, '0x8709b440c0f4f6830a468c6f696d010e85c9510b', 5992738, 'ST_VENUS_XVS', 'bsc', 1);
INSERT INTO public.eth_contracts (id, address, created, name, network, type) VALUES (83, '0xda88e38735e75b58fee6ea4fc5be576c1e22f6cd', 5992742, 'ST_VENUS_VAI', 'bsc', 1);
INSERT INTO public.eth_contracts (id, address, created, name, network, type) VALUES (84, '0xb3b56c7bdc87f9deb7972cd8b5c09329ce421f89', 5992726, 'ST_VENUS_BETH', 'bsc', 1);
INSERT INTO public.eth_contracts (id, address, created, name, network, type) VALUES (85, '0x3331039530dd04b5df06c2d226ac28e958bacc0f', 5992734, 'ST_VENUS_ETH', 'bsc', 1);
INSERT INTO public.eth_contracts (id, address, created, name, network, type) VALUES (86, '0xe83f395b076f9b95200f9bec40f5e446599f4f06', 5992746, 'ST_VENUS_WBNB', 'bsc', 1);
INSERT INTO public.eth_contracts (id, address, created, name, network, type) VALUES (87, '0xc6f39cff6797bac5e29275177b6e8e315cf87d95', 5992730, 'ST_VENUS_BTCB', 'bsc', 1);
INSERT INTO public.eth_contracts (id, address, created, name, network, type) VALUES (88, '0x26a4fe4c858f0d8a11442d358d182f2832a7f84c', 5992773, 'ST_EGG_BNB', 'bsc', 1);
INSERT INTO public.eth_contracts (id, address, created, name, network, type) VALUES (89, '0x7caa01b3dc8ee91aa6fa7093e184f045e0da8792', 5992777, 'ST_EGG_BUSD', 'bsc', 1);
INSERT INTO public.eth_contracts (id, address, created, name, network, type) VALUES (90, '0xfc8c1f0e25d91cb10db243acbca5ac3c422a6277', 5992780, 'ST_EGG', 'bsc', 1);
INSERT INTO public.eth_contracts (id, address, created, name, network, type) VALUES (91, '0xf53c6789f35c4ecf152d2168ca203808595cb524', 6191845, 'ST_VENUS_DAI', 'bsc', 1);
INSERT INTO public.eth_contracts (id, address, created, name, network, type) VALUES (92, '0x08b6732e1d07726e8f398a0ea97200d26e172066', 6191897, 'ST_VENUS_USDC', 'bsc', 1);
INSERT INTO public.eth_contracts (id, address, created, name, network, type) VALUES (93, '0xe637e7d1e37875c787b773dbeb28fcc55fe91c16', 6191961, 'ST_VENUS_USDT', 'bsc', 1);
INSERT INTO public.eth_contracts (id, address, created, name, network, type) VALUES (94, '0x76aaddf1ebaf9300dad18469d01a0ee62633abe7', 6192021, 'ST_VENUS_BUSD', 'bsc', 1);
INSERT INTO public.eth_contracts (id, address, created, name, network, type) VALUES (95, '0xdeb314a2222884b6c1e848bffcf68dcfbc5c1406', 5992784, 'ST_BDO_BNB', 'bsc', 1);
INSERT INTO public.eth_contracts (id, address, created, name, network, type) VALUES (96, '0x03b58ce34e9cb6a908b019228778cbb9f3a1a2ba', 5992788, 'ST_BDO_BUSD', 'bsc', 1);
INSERT INTO public.eth_contracts (id, address, created, name, network, type) VALUES (97, '0x9178f402453b118b6b897ff520256ed63b2d9998', 5992791, 'ST_SBDO_BUSD', 'bsc', 1);
INSERT INTO public.eth_contracts (id, address, created, name, network, type) VALUES (98, '0x57c30567e0dbd1c308fd2c5665c4084f368560a2', 6187007, 'ST_ONEINCH_BNB', 'bsc', 1);
INSERT INTO public.eth_contracts (id, address, created, name, network, type) VALUES (99, '0xe9e03506a088eacdfa1a690cd3019ac105d7b871', 6186861, 'ST_ONEINCH_RENBTC', 'bsc', 1);
INSERT INTO public.eth_contracts (id, address, created, name, network, type) VALUES (59, '0xe9e7cea3dedca5984780bafc599bd69add087d56', 124241, 'BUSD', 'bsc', 4);
INSERT INTO public.eth_contracts (id, address, created, name, network, type) VALUES (100, '0x190b589cf9fb8ddeabbfeae36a813ffb2a702454', 3376455, 'BDO', 'bsc', 4);
INSERT INTO public.eth_contracts (id, address, created, name, network, type) VALUES (101, '0x0d9319565be7f53cefe84ad201be3f40feae2740', 3491136, 'SBDO', 'bsc', 4);
INSERT INTO public.eth_contracts (id, address, created, name, network, type) VALUES (103, '0xfce146bf3146100cfe5db4129cf6c82b0ef4ad8c', 2132296, 'RENBTC', 'bsc', 4);
INSERT INTO public.eth_contracts (id, address, created, name, network, type) VALUES (104, '0xff17ff314925dff772b71abdff2782bc913b3575', 2530996, 'PC_VAI_BUSD', 'bsc', 2);
INSERT INTO public.eth_contracts (id, address, created, name, network, type) VALUES (105, '0x99d865ed50d2c32c1493896810fa386c1ce81d91', 3906347, 'PC_ETH_BETH', 'bsc', 2);
INSERT INTO public.eth_contracts (id, address, created, name, network, type) VALUES (106, '0x7561eee90e24f3b348e1087a005f78b4c8453524', 1066604, 'PC_BTCB_WBNB', 'bsc', 2);
INSERT INTO public.eth_contracts (id, address, created, name, network, type) VALUES (107, '0x3ab77e40340ab084c3e23be8e5a6f7afed9d41dc', 1296446, 'PC_DAI_BUSD', 'bsc', 2);
INSERT INTO public.eth_contracts (id, address, created, name, network, type) VALUES (108, '0x680dd100e4b394bda26a59dd5c119a391e747d18', 2261748, 'PC_USDC_BUSD', 'bsc', 2);
INSERT INTO public.eth_contracts (id, address, created, name, network, type) VALUES (74, '0xe3f6509818ccf031370bb4cb398eb37c21622ac4', 5908100, 'ONEINCH_ONEINCH_RENBTC', 'bsc', 2);
INSERT INTO public.eth_contracts (id, address, created, name, network, type) VALUES (110, '0xf2b223eb3d2b382ead8d85f3c1b7ef87c1d35f3a', 10770117, 'YCRV_V0', 'eth', 0);
INSERT INTO public.eth_contracts (id, address, created, name, network, type) VALUES (111, '0x2427da81376a0c0a0c654089a951887242d67c92', 0, 'UNKNOWN_STRATEGY', 'eth', 3);
INSERT INTO public.eth_contracts (id, address, created, name, network, type) VALUES (113, '0x8e298734681adbfc41ee5d17ff8b0d6d803e7098', 10861886, 'WETH_V0', 'eth', 0);
INSERT INTO public.eth_contracts (id, address, created, name, network, type) VALUES (114, '0xf328f799a9c719f446e05385eb64c8a29d3b0674', 0, 'UNKNOWN_STRATEGY', 'eth', 3);
INSERT INTO public.eth_contracts (id, address, created, name, network, type) VALUES (116, '0xc3f7ffb5d5869b3ade9448d094d81b0521e8326f', 10770105, 'USDC_V0', 'eth', 0);
INSERT INTO public.eth_contracts (id, address, created, name, network, type) VALUES (117, '0x1e716d6a2afe986f534611e5aa03fa95036f9964', 0, 'UNKNOWN_STRATEGY', 'eth', 3);
INSERT INTO public.eth_contracts (id, address, created, name, network, type) VALUES (119, '0xc7ee21406bb581e741fbb8b21f213188433d9f2f', 10770108, 'USDT_V0', 'eth', 0);
INSERT INTO public.eth_contracts (id, address, created, name, network, type) VALUES (120, '0x0a558a65a3b7c9a5c05c520fb55b17bcab9432e0', 0, 'UNKNOWN_STRATEGY', 'eth', 3);
INSERT INTO public.eth_contracts (id, address, created, name, network, type) VALUES (122, '0xe85c8581e60d7cd32bbfd86303d2a4fa6a951dac', 10770103, 'DAI_V0', 'eth', 0);
INSERT INTO public.eth_contracts (id, address, created, name, network, type) VALUES (123, '0xa3347ce982fde100caab13fd603b42a014c95550', 0, 'UNKNOWN_STRATEGY', 'eth', 3);
INSERT INTO public.eth_contracts (id, address, created, name, network, type) VALUES (125, '0xc07eb91961662d275e2d285bdc21885a4db136b0', 10802976, 'WBTC_V0', 'eth', 0);
INSERT INTO public.eth_contracts (id, address, created, name, network, type) VALUES (126, '0x66db507e7e3efdf92435fa09333b83187b6d46e6', 0, 'UNKNOWN_STRATEGY', 'eth', 3);
INSERT INTO public.eth_contracts (id, address, created, name, network, type) VALUES (128, '0xfbe122d0ba3c75e1f7c80bd27613c9f35b81feec', 10802986, 'RENBTC_V0', 'eth', 0);
INSERT INTO public.eth_contracts (id, address, created, name, network, type) VALUES (129, '0xc898445efe22dd43ed62e8accbbb4a5670926a74', 0, 'UNKNOWN_STRATEGY', 'eth', 3);
INSERT INTO public.eth_contracts (id, address, created, name, network, type) VALUES (131, '0x192e9d29d43db385063799bc239e772c3b6888f3', 10815917, 'CRVRENWBTC_V0', 'eth', 0);
INSERT INTO public.eth_contracts (id, address, created, name, network, type) VALUES (132, '0x19b3aba7ba46f9cac08ba2872cbcf8f96ae8de15', 0, 'UNKNOWN_STRATEGY', 'eth', 3);
INSERT INTO public.eth_contracts (id, address, created, name, network, type) VALUES (134, '0x1a9f22b4c385f78650e7874d64e442839dc32327', 10883048, 'UNI_ETH_DAI_V0', 'eth', 0);
INSERT INTO public.eth_contracts (id, address, created, name, network, type) VALUES (135, '0xc439e9f952600ed8f3e87d94b08dec91c03d3290', 0, 'UNKNOWN_STRATEGY', 'eth', 3);
INSERT INTO public.eth_contracts (id, address, created, name, network, type) VALUES (137, '0x63671425ef4d25ec2b12c7d05de855c143f16e3b', 10883030, 'UNI_ETH_USDC_V0', 'eth', 0);
INSERT INTO public.eth_contracts (id, address, created, name, network, type) VALUES (138, '0x6c91cea46f54897a039998ad5578e7066fcb2fa3', 0, 'UNKNOWN_STRATEGY', 'eth', 3);
INSERT INTO public.eth_contracts (id, address, created, name, network, type) VALUES (140, '0xb19ebfb37a936cce783142955d39ca70aa29d43c', 10883026, 'UNI_ETH_USDT_V0', 'eth', 0);
INSERT INTO public.eth_contracts (id, address, created, name, network, type) VALUES (141, '0xb1eb7afe51f1663f07cd3961171e89f43f67f7c5', 0, 'UNKNOWN_STRATEGY', 'eth', 3);
INSERT INTO public.eth_contracts (id, address, created, name, network, type) VALUES (143, '0xb1feb6ab4ef7d0f41363da33868e85eb0f3a57ee', 10883054, 'UNI_ETH_WBTC_V0', 'eth', 0);
INSERT INTO public.eth_contracts (id, address, created, name, network, type) VALUES (144, '0x4a892b63409e222b6ea4af69dff8e1626a4e535c', 0, 'UNKNOWN_STRATEGY', 'eth', 3);
INSERT INTO public.eth_contracts (id, address, created, name, network, type) VALUES (118, '0xa0b86991c6218b36c1d19d4a2e9eb0ce3606eb48', 6082465, 'USDC', 'eth', 4);
INSERT INTO public.eth_contracts (id, address, created, name, network, type) VALUES (115, '0xc02aaa39b223fe8d0a0e5c4f27ead9083c756cc2', 4719568, 'ETH', 'eth', 4);
INSERT INTO public.eth_contracts (id, address, created, name, network, type) VALUES (127, '0x2260fac5e5542a773aa44fbcfedf7c193bc2c599', 6766284, 'WBTC', 'eth', 4);
INSERT INTO public.eth_contracts (id, address, created, name, network, type) VALUES (124, '0x6b175474e89094c44da98b954eedeac495271d0f', 8928158, 'DAI', 'eth', 4);
INSERT INTO public.eth_contracts (id, address, created, name, network, type) VALUES (121, '0xdac17f958d2ee523a2206206994597c13d831ec7', 4634748, 'USDT', 'eth', 4);
INSERT INTO public.eth_contracts (id, address, created, name, network, type) VALUES (112, '0xdf5e0e81dff6faf3a7e52ba697820c5e32d806a8', 9476452, 'YCRV', 'eth', 4);
INSERT INTO public.eth_contracts (id, address, created, name, network, type) VALUES (130, '0xeb4c2781e4eba804ce9a9803c67d0893436bb27d', 9736969, 'RENBTC', 'eth', 4);
INSERT INTO public.eth_contracts (id, address, created, name, network, type) VALUES (102, '0x111111111117dc0aa78b770fa6a738034120c302', 11511393, 'ONEINCH', 'bsc', 4);
INSERT INTO public.eth_contracts (id, address, created, name, network, type) VALUES (133, '0x49849c98ae39fff122806c06791fa73784fb3675', 10151366, 'CRV_RENWBTC', 'eth', 4);
INSERT INTO public.eth_contracts (id, address, created, name, network, type) VALUES (136, '0xa478c2975ab1ea89e8196811f51a7b7ade33eb11', 10042267, 'UNI_LP_ETH_DAI', 'eth', 2);
INSERT INTO public.eth_contracts (id, address, created, name, network, type) VALUES (139, '0xb4e16d0168e52d35cacd2c6185b44281ec28c9dc', 10008355, 'UNI_LP_USDC_ETH', 'eth', 2);
INSERT INTO public.eth_contracts (id, address, created, name, network, type) VALUES (142, '0x0d4a11d5eeaac28ec3f61d100daf4d40471f1852', 10093341, 'UNI_LP_ETH_USDT', 'eth', 2);
INSERT INTO public.eth_contracts (id, address, created, name, network, type) VALUES (145, '0xbb2b8038a1640196fbe3e38816f3e67cba72d940', 10091097, 'UNI_LP_ETH_WBTC', 'eth', 2);
INSERT INTO public.eth_contracts (id, address, created, name, network, type) VALUES (146, '0x307e2752e8b8a9c29005001be66b1c012ca9cdb7', 11041674, 'UNI_ETH_DAI', 'eth', 0);
INSERT INTO public.eth_contracts (id, address, created, name, network, type) VALUES (147, '0x2cf4ceb36172fb2196a47490419d57584234cbd4', 0, 'UNKNOWN_STRATEGY', 'eth', 3);
INSERT INTO public.eth_contracts (id, address, created, name, network, type) VALUES (148, '0xa79a083fdd87f73c2f983c5551ec974685d6bb36', 11041667, 'UNI_ETH_USDC', 'eth', 0);
INSERT INTO public.eth_contracts (id, address, created, name, network, type) VALUES (149, '0xc6e973b8fe772c58ad0d20099d43d2b3f0aef5c0', 0, 'UNKNOWN_STRATEGY', 'eth', 3);
INSERT INTO public.eth_contracts (id, address, created, name, network, type) VALUES (150, '0x7ddc3fff0612e75ea5ddc0d6bd4e268f70362cff', 11011433, 'UNI_ETH_USDT', 'eth', 0);
INSERT INTO public.eth_contracts (id, address, created, name, network, type) VALUES (151, '0x0fd7c77b473e3efe3170536805a14b61050efc6e', 0, 'UNKNOWN_STRATEGY', 'eth', 3);
INSERT INTO public.eth_contracts (id, address, created, name, network, type) VALUES (152, '0x01112a60f427205dca6e229425306923c3cc2073', 11041683, 'UNI_ETH_WBTC', 'eth', 0);
INSERT INTO public.eth_contracts (id, address, created, name, network, type) VALUES (153, '0x46ec909099f9691b43b64413f1bc662edfbee00a', 0, 'UNKNOWN_STRATEGY', 'eth', 3);
INSERT INTO public.eth_contracts (id, address, created, name, network, type) VALUES (154, '0xfe09e53a81fe2808bc493ea64319109b5baa573e', 11086824, 'WETH', 'eth', 0);
INSERT INTO public.eth_contracts (id, address, created, name, network, type) VALUES (155, '0x1dcaf36c8c4222139899690945f4382f298f8735', 0, 'UNKNOWN_STRATEGY', 'eth', 3);
INSERT INTO public.eth_contracts (id, address, created, name, network, type) VALUES (156, '0xf0358e8c3cd5fa238a29301d0bea3d63a17bedbe', 11086842, 'USDC', 'eth', 0);
INSERT INTO public.eth_contracts (id, address, created, name, network, type) VALUES (157, '0xa5f125c0d571fd67d564c05a234e9a6f4e5d0624', 0, 'UNKNOWN_STRATEGY', 'eth', 3);
INSERT INTO public.eth_contracts (id, address, created, name, network, type) VALUES (158, '0x053c80ea73dc6941f518a68e2fc52ac45bde7c9c', 11086849, 'USDT', 'eth', 0);
INSERT INTO public.eth_contracts (id, address, created, name, network, type) VALUES (159, '0x5b96d6b56d4051cb54269f3620c262db22366194', 0, 'UNKNOWN_STRATEGY', 'eth', 3);
INSERT INTO public.eth_contracts (id, address, created, name, network, type) VALUES (160, '0xab7fa2b2985bccfc13c6d86b1d5a17486ab1e04c', 11086832, 'DAI', 'eth', 0);
INSERT INTO public.eth_contracts (id, address, created, name, network, type) VALUES (161, '0x9a6de10fc9b9d1ca9df3caf306ed60ef1c419774', 0, 'UNKNOWN_STRATEGY', 'eth', 3);
INSERT INTO public.eth_contracts (id, address, created, name, network, type) VALUES (162, '0x5d9d25c7c457dd82fc8668ffc6b9746b674d4ecb', 11068089, 'WBTC', 'eth', 0);
INSERT INTO public.eth_contracts (id, address, created, name, network, type) VALUES (163, '0xb8e9db02262d37233442932e1a6626d88c649c6e', 0, 'UNKNOWN_STRATEGY', 'eth', 3);
INSERT INTO public.eth_contracts (id, address, created, name, network, type) VALUES (164, '0xc391d1b08c1403313b0c28d47202dfda015633c4', 11086855, 'RENBTC', 'eth', 0);
INSERT INTO public.eth_contracts (id, address, created, name, network, type) VALUES (165, '0x323c726c899ca9fb7b747ff61bc30183bdeb3c09', 0, 'UNKNOWN_STRATEGY', 'eth', 3);
INSERT INTO public.eth_contracts (id, address, created, name, network, type) VALUES (166, '0x9aa8f427a17d6b0d91b6262989edc7d45d6aedf8', 11086865, 'CRVRENWBTC', 'eth', 0);
INSERT INTO public.eth_contracts (id, address, created, name, network, type) VALUES (167, '0x3952555b3be488f51f0b03315a85560a83c24e04', 0, 'UNKNOWN_STRATEGY', 'eth', 3);
INSERT INTO public.eth_contracts (id, address, created, name, network, type) VALUES (168, '0xf553e1f826f42716cdfe02bde5ee76b2a52fc7eb', 11036219, 'SUSHI_WBTC_TBTC', 'eth', 0);
INSERT INTO public.eth_contracts (id, address, created, name, network, type) VALUES (169, '0x53df6664b3dde086dce6315c317d1002b14b87e3', 0, 'UNKNOWN_STRATEGY', 'eth', 3);
INSERT INTO public.eth_contracts (id, address, created, name, network, type) VALUES (171, '0x0fe4283e0216f94f5f9750a7a11ac54d3c9c38f3', 11152258, 'YCRV', 'eth', 0);
INSERT INTO public.eth_contracts (id, address, created, name, network, type) VALUES (172, '0x6945f180b339825ac734649c12a1557e93b2b73a', 0, 'UNKNOWN_STRATEGY', 'eth', 3);
INSERT INTO public.eth_contracts (id, address, created, name, network, type) VALUES (173, '0x71b9ec42bb3cb40f017d8ad8011be8e384a95fa5', 11159005, '3CRV', 'eth', 0);
INSERT INTO public.eth_contracts (id, address, created, name, network, type) VALUES (174, '0x0623cf5d4cd761e2c237fb02d1fa6424e03f5c8c', 0, 'UNKNOWN_STRATEGY', 'eth', 3);
INSERT INTO public.eth_contracts (id, address, created, name, network, type) VALUES (176, '0x7674622c63bee7f46e86a4a5a18976693d54441b', 10997721, 'TUSD', 'eth', 0);
INSERT INTO public.eth_contracts (id, address, created, name, network, type) VALUES (177, '0xc78589912c85b3c86055a244580629a8c6504695', 0, 'UNKNOWN_STRATEGY', 'eth', 3);
INSERT INTO public.eth_contracts (id, address, created, name, network, type) VALUES (179, '0x640704d106e79e105fda424f05467f005418f1b5', 11230944, 'CRV_TBTC', 'eth', 0);
INSERT INTO public.eth_contracts (id, address, created, name, network, type) VALUES (180, '0xe26d94ded203f5402882d19fef92ee04f6b73ef9', 0, 'UNKNOWN_STRATEGY', 'eth', 3);
INSERT INTO public.eth_contracts (id, address, created, name, network, type) VALUES (181, '0x64eda51d3ad40d56b9dfc5554e06f94e1dd786fd', 0, 'UNKNOWN_UNDERLYING', 'eth', 3);
INSERT INTO public.eth_contracts (id, address, created, name, network, type) VALUES (182, '0x25550cccbd68533fa04bfd3e3ac4d09f9e00fc50', 10957909, 'PS', 'eth', 0);
INSERT INTO public.eth_contracts (id, address, created, name, network, type) VALUES (183, '0x59258f4e15a5fc74a7284055a8094f58108dbd4f', 10797544, 'PS_V0', 'eth', 0);
INSERT INTO public.eth_contracts (id, address, created, name, network, type) VALUES (184, '0x998ceb152a42a3eac1f555b1e911642bebf00fad', 11257781, 'CRV_CMPND', 'eth', 0);
INSERT INTO public.eth_contracts (id, address, created, name, network, type) VALUES (185, '0x1825a0013e030dd668c5e4a00ae76fb6e94687f6', 0, 'UNKNOWN_STRATEGY', 'eth', 3);
INSERT INTO public.eth_contracts (id, address, created, name, network, type) VALUES (187, '0x4b1cbd6f6d8676ace5e412c78b7a59b4a1bbb68a', 11257802, 'CRV_BUSD', 'eth', 0);
INSERT INTO public.eth_contracts (id, address, created, name, network, type) VALUES (188, '0x2b7caa7d87c01152a82c266791ada69ccfe64045', 0, 'UNKNOWN_STRATEGY', 'eth', 3);
INSERT INTO public.eth_contracts (id, address, created, name, network, type) VALUES (190, '0x683e683fbe6cf9b635539712c999f3b3edcb8664', 11257784, 'CRV_USDN', 'eth', 0);
INSERT INTO public.eth_contracts (id, address, created, name, network, type) VALUES (191, '0x50f3cfb398a25a5918b27c77465e9c3ede7888b7', 0, 'UNKNOWN_STRATEGY', 'eth', 3);
INSERT INTO public.eth_contracts (id, address, created, name, network, type) VALUES (193, '0x203e97aa6eb65a1a02d9e80083414058303f241e', 11269733, 'SUSHI_ETH_DAI', 'eth', 0);
INSERT INTO public.eth_contracts (id, address, created, name, network, type) VALUES (194, '0x895cc1b32aa6f5fedf0e113eac556309ad225322', 0, 'UNKNOWN_STRATEGY', 'eth', 3);
INSERT INTO public.eth_contracts (id, address, created, name, network, type) VALUES (196, '0x01bd09a1124960d9be04b638b142df9df942b04a', 11269722, 'SUSHI_ETH_USDC', 'eth', 0);
INSERT INTO public.eth_contracts (id, address, created, name, network, type) VALUES (197, '0xd5d2adcb5e6ad20425b0650e4050c0ea9ec3cec0', 0, 'UNKNOWN_STRATEGY', 'eth', 3);
INSERT INTO public.eth_contracts (id, address, created, name, network, type) VALUES (199, '0x64035b583c8c694627a199243e863bb33be60745', 11269716, 'SUSHI_ETH_USDT', 'eth', 0);
INSERT INTO public.eth_contracts (id, address, created, name, network, type) VALUES (200, '0x180a71c5688ac7e2368890ef77b0036af8e261b6', 0, 'UNKNOWN_STRATEGY', 'eth', 3);
INSERT INTO public.eth_contracts (id, address, created, name, network, type) VALUES (202, '0x5c0a3f55aac52aa320ff5f280e77517cbaf85524', 11269739, 'SUSHI_ETH_WBTC', 'eth', 0);
INSERT INTO public.eth_contracts (id, address, created, name, network, type) VALUES (203, '0xdd1dfbb5a580e96c2723ccaf687227900f97f053', 0, 'UNKNOWN_STRATEGY', 'eth', 3);
INSERT INTO public.eth_contracts (id, address, created, name, network, type) VALUES (205, '0x2a32dcbb121d48c106f6d94cf2b4714c0b4dfe48', 11374134, 'IDX_ETH_DPI', 'eth', 0);
INSERT INTO public.eth_contracts (id, address, created, name, network, type) VALUES (206, '0x7f522f8619018f6d905a670830800903bcee544d', 0, 'UNKNOWN_STRATEGY', 'eth', 3);
INSERT INTO public.eth_contracts (id, address, created, name, network, type) VALUES (208, '0x29780c39164ebbd62e9ddde50c151810070140f2', 11380823, 'CRV_HUSD', 'eth', 0);
INSERT INTO public.eth_contracts (id, address, created, name, network, type) VALUES (209, '0x5905569d78ed1fa22299eab74ef0443d02b40000', 0, 'UNKNOWN_STRATEGY', 'eth', 3);
INSERT INTO public.eth_contracts (id, address, created, name, network, type) VALUES (210, '0x5b5cfe992adac0c9d48e05854b2d91c73a003858', 0, 'UNKNOWN_UNDERLYING', 'eth', 3);
INSERT INTO public.eth_contracts (id, address, created, name, network, type) VALUES (211, '0xcc775989e76ab386e9253df5b0c0b473e22102e2', 11380817, 'CRV_HBTC', 'eth', 0);
INSERT INTO public.eth_contracts (id, address, created, name, network, type) VALUES (212, '0x5e10a2a23393118306cce080e3d3fc5447d0151b', 0, 'UNKNOWN_STRATEGY', 'eth', 3);
INSERT INTO public.eth_contracts (id, address, created, name, network, type) VALUES (213, '0xb19059ebb43466c323583928285a49f558e572fd', 0, 'UNKNOWN_UNDERLYING', 'eth', 3);
INSERT INTO public.eth_contracts (id, address, created, name, network, type) VALUES (214, '0x6bccd7e983e438a56ba2844883a664da87e4c43b', 11608433, 'UNI_BAC_DAI', 'eth', 0);
INSERT INTO public.eth_contracts (id, address, created, name, network, type) VALUES (215, '0x6b477831b8af02393f1fedd36956418ce9927894', 0, 'UNKNOWN_STRATEGY', 'eth', 3);
INSERT INTO public.eth_contracts (id, address, created, name, network, type) VALUES (217, '0xf8b7235fcfd5a75cfdcc0d7bc813817f3dd17858', 11608445, 'UNI_DAI_BAS', 'eth', 0);
INSERT INTO public.eth_contracts (id, address, created, name, network, type) VALUES (218, '0x1adafe68f46e0aecd5364b85966c8c16d4079361', 0, 'UNKNOWN_STRATEGY', 'eth', 3);
INSERT INTO public.eth_contracts (id, address, created, name, network, type) VALUES (175, '0x6c3f90f043a72fa612cbac8115ee7e52bde6e490', 10809467, '3CRV', 'eth', 4);
INSERT INTO public.eth_contracts (id, address, created, name, network, type) VALUES (186, '0x845838df265dcd2c412a1dc9e959c7d08537f8a2', 9554031, 'CRV_CMPND', 'eth', 4);
INSERT INTO public.eth_contracts (id, address, created, name, network, type) VALUES (189, '0x3b3ac5386837dc563660fb6a0937dfaa5924333b', 9567293, 'CRV_BUSD', 'eth', 4);
INSERT INTO public.eth_contracts (id, address, created, name, network, type) VALUES (192, '0x4f3e8f405cf5afc05d68142f3783bdfe13811522', 11010502, 'CRV_USDN', 'eth', 4);
INSERT INTO public.eth_contracts (id, address, created, name, network, type) VALUES (170, '0x2dbc7dd86c6cd87b525bd54ea73ebeebbc307f68', 10994541, 'SUSHI_LP_WBTC_TBTC', 'eth', 2);
INSERT INTO public.eth_contracts (id, address, created, name, network, type) VALUES (207, '0x4d5ef58aac27d99935e5b6b4a6778ff292059991', 10836224, 'UNI_LP_ETH_DPI', 'eth', 2);
INSERT INTO public.eth_contracts (id, address, created, name, network, type) VALUES (195, '0xc3d03e4f041fd4cd388c549ee2a29a9e5075882f', 10829331, 'SUSHI_LP_ETH_DAI', 'eth', 2);
INSERT INTO public.eth_contracts (id, address, created, name, network, type) VALUES (198, '0x397ff1542f962076d0bfe58ea045ffa2d347aca0', 10829331, 'SUSHI_LP_ETH_USDC', 'eth', 2);
INSERT INTO public.eth_contracts (id, address, created, name, network, type) VALUES (201, '0x06da0fd433c1a5d7a4faa01111c044910a184553', 10822038, 'SUSHI_LP_ETH_USDT', 'eth', 2);
INSERT INTO public.eth_contracts (id, address, created, name, network, type) VALUES (204, '0xceff51756c56ceffca006cd410b03ffc46dd3a58', 10840845, 'SUSHI_LP_ETH_WBTC', 'eth', 2);
INSERT INTO public.eth_contracts (id, address, created, name, network, type) VALUES (216, '0xd4405f0704621dbe9d4dea60e128e0c3b26bddbd', 11355401, 'UNI_LP_BAC_DAI', 'eth', 2);
INSERT INTO public.eth_contracts (id, address, created, name, network, type) VALUES (220, '0x6f14165c6d529ea3bfe1814d0998449e9c8d157d', 11608456, 'SUSHI_MIC_USDT', 'eth', 0);
INSERT INTO public.eth_contracts (id, address, created, name, network, type) VALUES (221, '0xe12c4bb7b88b3cfe2d44a8e49037392b06bfae72', 0, 'UNKNOWN_STRATEGY', 'eth', 3);
INSERT INTO public.eth_contracts (id, address, created, name, network, type) VALUES (223, '0x145f39b3c6e6a885aa6a8fade4ca69d64bab69c8', 11608466, 'SUSHI_MIS_USDT', 'eth', 0);
INSERT INTO public.eth_contracts (id, address, created, name, network, type) VALUES (224, '0x636a37802da562f7d562c1915cc2a948a1d3e5a0', 0, 'UNKNOWN_STRATEGY', 'eth', 3);
INSERT INTO public.eth_contracts (id, address, created, name, network, type) VALUES (226, '0x966a70a4d3719a6de6a94236532a0167d5246c72', 11639716, 'CRV_OBTC', 'eth', 0);
INSERT INTO public.eth_contracts (id, address, created, name, network, type) VALUES (227, '0x2e916cf581547c1641bd259c01507136b4ac6454', 0, 'UNKNOWN_STRATEGY', 'eth', 3);
INSERT INTO public.eth_contracts (id, address, created, name, network, type) VALUES (229, '0x8e53031462e930827a8d482e7d80603b1f86e32d', 11647784, 'ONEINCH_ETH_DAI', 'eth', 0);
INSERT INTO public.eth_contracts (id, address, created, name, network, type) VALUES (230, '0xbf31d6b3ada99555a0ce04c840916ec410a3b78b', 0, 'UNKNOWN_STRATEGY', 'eth', 3);
INSERT INTO public.eth_contracts (id, address, created, name, network, type) VALUES (231, '0xd162395c21357b126c5afed6921bc8b13e48d690', 11647839, 'ONEINCH_ETH_USDC', 'eth', 0);
INSERT INTO public.eth_contracts (id, address, created, name, network, type) VALUES (232, '0x44173f2fb495c0c397b9d66110bfacd5a626cc7a', 0, 'UNKNOWN_STRATEGY', 'eth', 3);
INSERT INTO public.eth_contracts (id, address, created, name, network, type) VALUES (233, '0x4bf633a09bd593f6fb047db3b4c25ef5b9c5b99e', 11647866, 'ONEINCH_ETH_USDT', 'eth', 0);
INSERT INTO public.eth_contracts (id, address, created, name, network, type) VALUES (234, '0xa96865a53fcca2bd131d47ebdb9263cdc603a6f8', 0, 'UNKNOWN_STRATEGY', 'eth', 3);
INSERT INTO public.eth_contracts (id, address, created, name, network, type) VALUES (235, '0x859222dd0b249d0ea960f5102dab79b294d6874a', 11647897, 'ONEINCH_ETH_WBTC', 'eth', 0);
INSERT INTO public.eth_contracts (id, address, created, name, network, type) VALUES (236, '0x639422a625140e12b241352123fcafc550379538', 0, 'UNKNOWN_STRATEGY', 'eth', 3);
INSERT INTO public.eth_contracts (id, address, created, name, network, type) VALUES (237, '0x639d4f3f41daa5f4b94d63c2a5f3e18139ba9e54', 11660618, 'DAI_BSG', 'eth', 0);
INSERT INTO public.eth_contracts (id, address, created, name, network, type) VALUES (238, '0x8d640378c983c6aab076bdb5d86a58f9179055ed', 0, 'UNKNOWN_STRATEGY', 'eth', 3);
INSERT INTO public.eth_contracts (id, address, created, name, network, type) VALUES (240, '0x633c4861a4e9522353eda0bb652878b079fb75fd', 11660626, 'DAI_BSGS', 'eth', 0);
INSERT INTO public.eth_contracts (id, address, created, name, network, type) VALUES (241, '0x3f37185399537e95686a66247514de55c8792eb3', 0, 'UNKNOWN_STRATEGY', 'eth', 3);
INSERT INTO public.eth_contracts (id, address, created, name, network, type) VALUES (243, '0x371e78676cd8547ef969f89d2ee8fa689c50f86b', 11655592, 'BAC', 'eth', 0);
INSERT INTO public.eth_contracts (id, address, created, name, network, type) VALUES (244, '0xcbe0b706f50e2f89beb238174fc3e04f5206985e', 0, 'UNKNOWN_STRATEGY', 'eth', 3);
INSERT INTO public.eth_contracts (id, address, created, name, network, type) VALUES (246, '0x45a9e027ddd8486fad6fca647bb132ad03303ec2', 11655609, 'ESD', 'eth', 0);
INSERT INTO public.eth_contracts (id, address, created, name, network, type) VALUES (247, '0x9b29fb315be3333281a6f7c62ebff799a6b6dc80', 0, 'UNKNOWN_STRATEGY', 'eth', 3);
INSERT INTO public.eth_contracts (id, address, created, name, network, type) VALUES (249, '0x8bf3c1c7b1961764ecb19b4fc4491150ceb1abb1', 11655624, 'DSD', 'eth', 0);
INSERT INTO public.eth_contracts (id, address, created, name, network, type) VALUES (250, '0x8b6bef8d373d959a5f20d959bc44ebca876f5464', 0, 'UNKNOWN_STRATEGY', 'eth', 3);
INSERT INTO public.eth_contracts (id, address, created, name, network, type) VALUES (252, '0x6eb941bd065b8a5bd699c5405a928c1f561e2e5a', 11674631, 'CRV_EURS', 'eth', 0);
INSERT INTO public.eth_contracts (id, address, created, name, network, type) VALUES (253, '0x807a637a1c82ca37d4bac0ab2684b33600c4a60a', 0, 'UNKNOWN_STRATEGY', 'eth', 3);
INSERT INTO public.eth_contracts (id, address, created, name, network, type) VALUES (255, '0x84a1dfadd698886a614fd70407936816183c0a02', 11680899, 'CRV_UST', 'eth', 0);
INSERT INTO public.eth_contracts (id, address, created, name, network, type) VALUES (256, '0xc55f8be3cc55cae1bfbe5558d9e5b44906ed248a', 0, 'UNKNOWN_STRATEGY', 'eth', 3);
INSERT INTO public.eth_contracts (id, address, created, name, network, type) VALUES (258, '0x11804d69acac6ae9466798325fa7de023f63ab53', 11681744, 'MAAPL_UST', 'eth', 0);
INSERT INTO public.eth_contracts (id, address, created, name, network, type) VALUES (259, '0xa5a091fd156ff5e44f22bef544923cdc850d9d46', 0, 'UNKNOWN_STRATEGY', 'eth', 3);
INSERT INTO public.eth_contracts (id, address, created, name, network, type) VALUES (261, '0x8334a61012a779169725fcc43adcff1f581350b7', 11681033, 'MAMZN_UST', 'eth', 0);
INSERT INTO public.eth_contracts (id, address, created, name, network, type) VALUES (262, '0x0c3d0b5910b0603d68be29a647c0f6187a8c3d36', 0, 'UNKNOWN_STRATEGY', 'eth', 3);
INSERT INTO public.eth_contracts (id, address, created, name, network, type) VALUES (264, '0x07dbe6aa35ef70dad124f4e2b748ffa6c9e1963a', 11681049, 'MGOOGL_UST', 'eth', 0);
INSERT INTO public.eth_contracts (id, address, created, name, network, type) VALUES (265, '0x0a6ade7348598e42da381b03c1c40c9ba1c7747d', 0, 'UNKNOWN_STRATEGY', 'eth', 3);
INSERT INTO public.eth_contracts (id, address, created, name, network, type) VALUES (267, '0xc800982d906671637e23e031e907d2e3487291bc', 11681065, 'MTSLA_UST', 'eth', 0);
INSERT INTO public.eth_contracts (id, address, created, name, network, type) VALUES (268, '0xb5480a276c49b5e3a1bc13659030b4e94018a817', 0, 'UNKNOWN_STRATEGY', 'eth', 3);
INSERT INTO public.eth_contracts (id, address, created, name, network, type) VALUES (270, '0xc27bfe32e0a934a12681c1b35acf0dba0e7460ba', 11686113, 'CRV_STETH', 'eth', 0);
INSERT INTO public.eth_contracts (id, address, created, name, network, type) VALUES (271, '0x52d8f04f071dd397c71514853a58664613b91192', 0, 'UNKNOWN_STRATEGY', 'eth', 3);
INSERT INTO public.eth_contracts (id, address, created, name, network, type) VALUES (273, '0xb8671e33fcfc7fea2f7a3ea4a117f065ec4b009e', 11745394, 'CRV_GUSD', 'eth', 0);
INSERT INTO public.eth_contracts (id, address, created, name, network, type) VALUES (274, '0xa505917c1326670451eff9ea75fe0d49a3853acf', 0, 'UNKNOWN_STRATEGY', 'eth', 3);
INSERT INTO public.eth_contracts (id, address, created, name, network, type) VALUES (276, '0xc3ef8c4043d7cf1d15b6bb4cd307c844e0ba9d42', 11830928, 'CRV_AAVE', 'eth', 0);
INSERT INTO public.eth_contracts (id, address, created, name, network, type) VALUES (277, '0xdc9a3e8c6327c6fea1780019e00f7b0558f638a5', 0, 'UNKNOWN_STRATEGY', 'eth', 3);
INSERT INTO public.eth_contracts (id, address, created, name, network, type) VALUES (279, '0x5ade382f38a09a1f8759d06ffe2067992ab5c78e', 11777480, 'SUSHI_SUSHI_ETH', 'eth', 0);
INSERT INTO public.eth_contracts (id, address, created, name, network, type) VALUES (280, '0xa44ffa733f1d500fd10c613cf66c87320d87ebee', 0, 'UNKNOWN_STRATEGY', 'eth', 3);
INSERT INTO public.eth_contracts (id, address, created, name, network, type) VALUES (282, '0x1571ed0bed4d987fe2b498ddbae7dfa19519f651', 11775913, 'iPS', 'eth', 0);
INSERT INTO public.eth_contracts (id, address, created, name, network, type) VALUES (283, '0xf2004f64f71f110e9e50b5ff36253fe8785b2bcc', 0, 'UNKNOWN_STRATEGY', 'eth', 3);
INSERT INTO public.eth_contracts (id, address, created, name, network, type) VALUES (285, '0xfca949e34ecd9de519542cf02054de707cf361ce', 11905238, 'ONEINCH_ETH_ONEINCH', 'eth', 0);
INSERT INTO public.eth_contracts (id, address, created, name, network, type) VALUES (286, '0x45d17d7c638a0ab6ec4eb736f87313d91effbbd5', 0, 'UNKNOWN_STRATEGY', 'eth', 3);
INSERT INTO public.eth_contracts (id, address, created, name, network, type) VALUES (288, '0xb4e3fc276532f27bd0f738928ce083a3b064ba61', 11924821, 'UNI_WBTC_KLON', 'eth', 0);
INSERT INTO public.eth_contracts (id, address, created, name, network, type) VALUES (289, '0x170f77e70e488fb7d486ab916e305ca85d45364f', 0, 'UNKNOWN_STRATEGY', 'eth', 3);
INSERT INTO public.eth_contracts (id, address, created, name, network, type) VALUES (290, '0x69cda6eda9986f7fca8a5dba06c819b535f4fc50', 0, 'UNKNOWN_UNDERLYING', 'eth', 3);
INSERT INTO public.eth_contracts (id, address, created, name, network, type) VALUES (245, '0x3449fc1cd036255ba1eb19d65ff4ba2b8903a69a', 11355386, 'BAC', 'eth', 4);
INSERT INTO public.eth_contracts (id, address, created, name, network, type) VALUES (248, '0x36f3fd68e7325a35eb768f1aedaae9ea0689d723', 10722554, 'ESD', 'eth', 4);
INSERT INTO public.eth_contracts (id, address, created, name, network, type) VALUES (251, '0xbd2f0cd039e0bfcf88901c98c0bfac5ab27566e3', 11330242, 'DSD', 'eth', 4);
INSERT INTO public.eth_contracts (id, address, created, name, network, type) VALUES (257, '0x94e131324b6054c0d789b190b2dac504e4361b53', 11466549, 'CRV_UST', 'eth', 4);
INSERT INTO public.eth_contracts (id, address, created, name, network, type) VALUES (275, '0xd2967f45c4f384deea880f807be904762a3dea07', 11005599, 'CRV_GUSD', 'eth', 4);
INSERT INTO public.eth_contracts (id, address, created, name, network, type) VALUES (254, '0x194ebd173f6cdace046c53eacce9b953f28411d1', 11466859, 'CRV_EURS', 'eth', 4);
INSERT INTO public.eth_contracts (id, address, created, name, network, type) VALUES (228, '0x2fe94ea3d5d4a175184081439753de15aef9d614', 11459238, 'CRV_OBTC', 'eth', 4);
INSERT INTO public.eth_contracts (id, address, created, name, network, type) VALUES (272, '0x06325440d014e39736583c165c2963ba99faf14e', 11591275, 'CRV_STETH', 'eth', 4);
INSERT INTO public.eth_contracts (id, address, created, name, network, type) VALUES (278, '0xfd2a8fa60abd58efe3eee34dd494cd491dc14900', 11497098, 'CRV_AAVE', 'eth', 4);
INSERT INTO public.eth_contracts (id, address, created, name, network, type) VALUES (222, '0xc9cb53b48a2f3a9e75982685644c1870f1405ccb', 11549969, 'SUSHI_LP_MIC_USDT', 'eth', 2);
INSERT INTO public.eth_contracts (id, address, created, name, network, type) VALUES (225, '0x066f3a3b7c8fa077c71b9184d862ed0a4d5cf3e0', 11549972, 'SUSHI_LP_MIS_USDT', 'eth', 2);
INSERT INTO public.eth_contracts (id, address, created, name, network, type) VALUES (239, '0x4a9596e5d2f9bef50e4de092ad7181ae3c40353e', 11644509, 'UNI_LP_DAI_BSG', 'eth', 2);
INSERT INTO public.eth_contracts (id, address, created, name, network, type) VALUES (242, '0x980a07e4f64d21a0cb2ef8d4af362a79b9f5c0da', 11644511, 'UNI_LP_DAI_BSGS', 'eth', 2);
INSERT INTO public.eth_contracts (id, address, created, name, network, type) VALUES (260, '0xb022e08adc8ba2de6ba4fecb59c6d502f66e953b', 11380524, 'UNI_LP_MAAPL_UST', 'eth', 2);
INSERT INTO public.eth_contracts (id, address, created, name, network, type) VALUES (263, '0x0ae8cb1f57e3b1b7f4f5048743710084aa69e796', 11380782, 'UNI_LP_MAMZN_UST', 'eth', 2);
INSERT INTO public.eth_contracts (id, address, created, name, network, type) VALUES (266, '0x4b70ccd1cf9905be1faed025eadbd3ab124efe9a', 11380543, 'UNI_LP_MGOOGL_UST', 'eth', 2);
INSERT INTO public.eth_contracts (id, address, created, name, network, type) VALUES (269, '0x5233349957586a8207c52693a959483f9aeaa50c', 11380570, 'UNI_LP_MTSLA_UST', 'eth', 2);
INSERT INTO public.eth_contracts (id, address, created, name, network, type) VALUES (281, '0x795065dcc9f64b5614c407a6efdc400da6221fb0', 10829340, 'SUSHI_LP_SUSHI_ETH', 'eth', 2);
INSERT INTO public.eth_contracts (id, address, created, name, network, type) VALUES (219, '0x3e78f2e7dade07ea685f8612f00477fd97162f1e', 11819340, 'UNI_LP_BASv2_DAI', 'eth', 2);
INSERT INTO public.eth_contracts (id, address, created, name, network, type) VALUES (287, '0x0ef1b8a0e726fc3948e15b23993015eb1627f210', 11607879, 'ONEINCH_LP_ONEINCH_ETH', 'eth', 2);
INSERT INTO public.eth_contracts (id, address, created, name, network, type) VALUES (291, '0x5cd9db40639013a08d797a839c9becd6ec5dcd4d', 11924877, 'UNI_WBTC_KBTC', 'eth', 0);
INSERT INTO public.eth_contracts (id, address, created, name, network, type) VALUES (292, '0x6cb5e2fc7c258a1ec07f6a251f8e67a4e485812f', 0, 'UNKNOWN_STRATEGY', 'eth', 3);
INSERT INTO public.eth_contracts (id, address, created, name, network, type) VALUES (294, '0x99c2564c9d4767c13e13f38ab073d4758af396ae', 11953907, 'MNFLX_UST', 'eth', 0);
INSERT INTO public.eth_contracts (id, address, created, name, network, type) VALUES (295, '0x97487c1f352a8076a738fbdcd316a10f01046567', 0, 'UNKNOWN_STRATEGY', 'eth', 3);
INSERT INTO public.eth_contracts (id, address, created, name, network, type) VALUES (297, '0xb37c79f954e3e1a4accc14a5cca3e46f226038b7', 11953999, 'MTWTR_UST', 'eth', 0);
INSERT INTO public.eth_contracts (id, address, created, name, network, type) VALUES (298, '0x18fbe81e56133118669660a46d050546045ab9b3', 0, 'UNKNOWN_STRATEGY', 'eth', 3);
INSERT INTO public.eth_contracts (id, address, created, name, network, type) VALUES (300, '0x4d4d85c6a1ffe6bb7a1bef51c9e2282893fee521', 11954053, 'SUSHI_ETH_UST', 'eth', 0);
INSERT INTO public.eth_contracts (id, address, created, name, network, type) VALUES (301, '0x18fe4b095dc23411857e174d8c561c860c6c7cd5', 0, 'UNKNOWN_STRATEGY', 'eth', 3);
INSERT INTO public.eth_contracts (id, address, created, name, network, type) VALUES (303, '0x24c562e24a4b5d905f16f2391e07213efcfd216e', 11954288, 'CRV_LINK', 'eth', 0);
INSERT INTO public.eth_contracts (id, address, created, name, network, type) VALUES (304, '0x3a0073726e60fd202fd228a9c88288f331977d04', 0, 'UNKNOWN_STRATEGY', 'eth', 3);
INSERT INTO public.eth_contracts (id, address, created, name, network, type) VALUES (306, '0x274aa8b58e8c57c4e347c8768ed853eb6d375b48', 11954195, 'SUSHI_HODL', 'eth', 0);
INSERT INTO public.eth_contracts (id, address, created, name, network, type) VALUES (307, '0x40d94aefec6ac00fa80689a38135d83eeaa58999', 0, 'UNKNOWN_STRATEGY', 'eth', 3);
INSERT INTO public.eth_contracts (id, address, created, name, network, type) VALUES (309, '0x29ec64560ab14d3166222bf07c3f29c4916e0027', 11998979, 'ETH_DAI_HODL', 'eth', 0);
INSERT INTO public.eth_contracts (id, address, created, name, network, type) VALUES (310, '0x923ca6dcef62030bed25aa3ef854f39dc45dda65', 0, 'UNKNOWN_STRATEGY', 'eth', 3);
INSERT INTO public.eth_contracts (id, address, created, name, network, type) VALUES (311, '0x5774260ccd87f4fffc4456260857207fc8bcb89a', 11998977, 'ETH_USDC_HODL', 'eth', 0);
INSERT INTO public.eth_contracts (id, address, created, name, network, type) VALUES (312, '0x8e8c911d46badc3e69d781744d57884eef6b4c43', 0, 'UNKNOWN_STRATEGY', 'eth', 3);
INSERT INTO public.eth_contracts (id, address, created, name, network, type) VALUES (313, '0x4d4b6f8efb685b774234fd427201b3a9bf36ffc8', 11998971, 'ETH_USDT_HODL', 'eth', 0);
INSERT INTO public.eth_contracts (id, address, created, name, network, type) VALUES (314, '0x33fed4ccb4175484a692c83942d4374fcd1a3cd4', 0, 'UNKNOWN_STRATEGY', 'eth', 3);
INSERT INTO public.eth_contracts (id, address, created, name, network, type) VALUES (315, '0xb677bca369f2523f62862f88d83471d892dd55b9', 11998984, 'ETH_WBTC_HODL', 'eth', 0);
INSERT INTO public.eth_contracts (id, address, created, name, network, type) VALUES (316, '0x4cad48bf9a362d3576d2aacd5fd0dbd4f9e9fab8', 0, 'UNKNOWN_STRATEGY', 'eth', 3);
INSERT INTO public.eth_contracts (id, address, created, name, network, type) VALUES (317, '0xc45d471c77ff31c39474d68a5080fe1ffacdbc04', 12044241, 'MUSE_ETH', 'eth', 0);
INSERT INTO public.eth_contracts (id, address, created, name, network, type) VALUES (318, '0x21546068903b82695c6cc26164b4cd15ad906f60', 0, 'UNKNOWN_STRATEGY', 'eth', 3);
INSERT INTO public.eth_contracts (id, address, created, name, network, type) VALUES (320, '0x1e5f4e7127ea3981551d2bf97dcc8f17a4ecebef', 12044243, 'DUDES20_ETH', 'eth', 0);
INSERT INTO public.eth_contracts (id, address, created, name, network, type) VALUES (321, '0x32448d412e1821e5fb598291dc2de2ad91a78658', 0, 'UNKNOWN_STRATEGY', 'eth', 3);
INSERT INTO public.eth_contracts (id, address, created, name, network, type) VALUES (323, '0xf2a671645d0df54d2f03e9ad7916c8f7368d1c29', 12044246, 'MASK20_ETH', 'eth', 0);
INSERT INTO public.eth_contracts (id, address, created, name, network, type) VALUES (324, '0xfdaf72d8b6e0f553c137a03f73c8ed210712f143', 0, 'UNKNOWN_STRATEGY', 'eth', 3);
INSERT INTO public.eth_contracts (id, address, created, name, network, type) VALUES (326, '0xaf9486e3da0ce8d125af9b256b3ecd104a3031b9', 12044248, 'ROPE20_ETH', 'eth', 0);
INSERT INTO public.eth_contracts (id, address, created, name, network, type) VALUES (327, '0x7ce0c1e2985677743a789dc4b64e9230f8862395', 0, 'UNKNOWN_STRATEGY', 'eth', 3);
INSERT INTO public.eth_contracts (id, address, created, name, network, type) VALUES (329, '0x7aeb36e22e60397098c2a5c51f0a5fb06e7b859c', 11041842, 'ST_UNI_ETH_DAI', 'eth', 1);
INSERT INTO public.eth_contracts (id, address, created, name, network, type) VALUES (330, '0x156733b89ac5c704f3217fee2949a9d4a73764b5', 11041835, 'ST_UNI_ETH_USDC', 'eth', 1);
INSERT INTO public.eth_contracts (id, address, created, name, network, type) VALUES (331, '0x75071f2653fbc902ebaff908d4c68712a5d1c960', 11023309, 'ST_UNI_ETH_USDT', 'eth', 1);
INSERT INTO public.eth_contracts (id, address, created, name, network, type) VALUES (332, '0xf1181a71cc331958ae2ca2aad0784acfc436cb93', 11041845, 'ST_UNI_ETH_WBTC', 'eth', 1);
INSERT INTO public.eth_contracts (id, address, created, name, network, type) VALUES (333, '0x3da9d911301f8144bdf5c3c67886e5373dcdff8e', 11087149, 'ST_WETH', 'eth', 1);
INSERT INTO public.eth_contracts (id, address, created, name, network, type) VALUES (334, '0x4f7c28ccb0f1dbd1388209c67eec234273c878bd', 11087160, 'ST_USDC', 'eth', 1);
INSERT INTO public.eth_contracts (id, address, created, name, network, type) VALUES (335, '0x6ac4a7ab91e6fd098e13b7d347c6d4d1494994a2', 11087164, 'ST_USDT', 'eth', 1);
INSERT INTO public.eth_contracts (id, address, created, name, network, type) VALUES (336, '0x15d3a64b2d5ab9e152f16593cdebc4bb165b5b4a', 11087156, 'ST_DAI', 'eth', 1);
INSERT INTO public.eth_contracts (id, address, created, name, network, type) VALUES (337, '0x917d6480ec60cbddd6cbd0c8ea317bcc709ea77b', 11068190, 'ST_WBTC', 'eth', 1);
INSERT INTO public.eth_contracts (id, address, created, name, network, type) VALUES (338, '0x7b8ff8884590f44e10ea8105730fe637ce0cb4f6', 11087172, 'ST_RENBTC', 'eth', 1);
INSERT INTO public.eth_contracts (id, address, created, name, network, type) VALUES (339, '0xa3cf8d1cee996253fad1f8e3d68bdcba7b3a3db5', 11087179, 'ST_CRVRENWBTC', 'eth', 1);
INSERT INTO public.eth_contracts (id, address, created, name, network, type) VALUES (340, '0x9523fdc055f503f73ff40d7f66850f409d80ef34', 11043768, 'ST_SUSHI_WBTC_TBTC', 'eth', 1);
INSERT INTO public.eth_contracts (id, address, created, name, network, type) VALUES (341, '0x6d1b6ea108aa03c6993d8010690264ba96d349a8', 11153147, 'ST_YCRV', 'eth', 1);
INSERT INTO public.eth_contracts (id, address, created, name, network, type) VALUES (342, '0x27f12d1a08454402175b9f0b53769783578be7d9', 11159034, 'ST_3CRV', 'eth', 1);
INSERT INTO public.eth_contracts (id, address, created, name, network, type) VALUES (343, '0xec56a21cf0d7feb93c25587c12bffe094aa0ecda', 10997827, 'ST_TUSD', 'eth', 1);
INSERT INTO public.eth_contracts (id, address, created, name, network, type) VALUES (344, '0x8f5adc58b32d4e5ca02eac0e293d35855999436c', 10957879, 'ST_PS', 'eth', 1);
INSERT INTO public.eth_contracts (id, address, created, name, network, type) VALUES (345, '0x017ec1772a45d2cf68c429a820ef374f0662c57c', 11231016, 'ST_CRV_TBTC', 'eth', 1);
INSERT INTO public.eth_contracts (id, address, created, name, network, type) VALUES (346, '0x76aef359a33c02338902aca543f37de4b01ba1fa', 11269974, 'ST_SUSHI_ETH_DAI', 'eth', 1);
INSERT INTO public.eth_contracts (id, address, created, name, network, type) VALUES (347, '0x6b4e1e0656dd38f36c318b077134487b9b0cf7a6', 11269986, 'ST_SUSHI_ETH_USDC', 'eth', 1);
INSERT INTO public.eth_contracts (id, address, created, name, network, type) VALUES (348, '0xa56522bca0a09f57b85c52c0cc8ba1b5edbc64ef', 11269989, 'ST_SUSHI_ETH_USDT', 'eth', 1);
INSERT INTO public.eth_contracts (id, address, created, name, network, type) VALUES (349, '0xe2d9fae95f1e68afca7907dfb36143781f917194', 11269980, 'ST_SUSHI_ETH_WBTC', 'eth', 1);
INSERT INTO public.eth_contracts (id, address, created, name, network, type) VALUES (350, '0xad91695b4bec2798829ac7a4797e226c78f22abd', 11374201, 'ST_IDX_ETH_DPI', 'eth', 1);
INSERT INTO public.eth_contracts (id, address, created, name, network, type) VALUES (351, '0xc0f51a979e762202e9bef0f62b07f600d0697de1', 11257885, 'ST_CRV_CMPND', 'eth', 1);
INSERT INTO public.eth_contracts (id, address, created, name, network, type) VALUES (352, '0x093c2ae5e6f3d2a897459aa24551289d462449ad', 11257902, 'ST_CRV_BUSD', 'eth', 1);
INSERT INTO public.eth_contracts (id, address, created, name, network, type) VALUES (353, '0xef4da1ce3f487da2ed0be23173f76274e0d47579', 11257895, 'ST_CRV_USDN', 'eth', 1);
INSERT INTO public.eth_contracts (id, address, created, name, network, type) VALUES (354, '0x72c50e6fd8cc5506e166c273b6e814342aa0a3c1', 11380850, 'ST_CRV_HUSD', 'eth', 1);
INSERT INTO public.eth_contracts (id, address, created, name, network, type) VALUES (355, '0x01f9caad0f9255b0c0aa2fbd1c1aa06ad8af7254', 11380837, 'ST_CRV_HBTC', 'eth', 1);
INSERT INTO public.eth_contracts (id, address, created, name, network, type) VALUES (356, '0x99b0d6641a63ce173e6eb063b3d3aed9a35cf9bf', 10777093, 'ST_UNI_LP_USDC_FARM', 'eth', 1);
INSERT INTO public.eth_contracts (id, address, created, name, network, type) VALUES (358, '0x6555c79a8829b793f332f1535b0efb1fe4c11958', 11407437, 'ST_UNI_LP_WETH_FARM', 'eth', 1);
INSERT INTO public.eth_contracts (id, address, created, name, network, type) VALUES (360, '0xe58f0d2956628921cded2ea6b195fc821c3a2b16', 11407202, 'ST_UNI_LP_GRAIN_FARM', 'eth', 1);
INSERT INTO public.eth_contracts (id, address, created, name, network, type) VALUES (362, '0x797f1171dc5001b7a79ff7dca68c9539329cce48', 11609483, 'ST_UNI_BAC_DAI', 'eth', 1);
INSERT INTO public.eth_contracts (id, address, created, name, network, type) VALUES (363, '0xc27100c8e424505bfb4106dd5cee9d10ad4c2923', 0, 'OWNER', 'eth', 3);
INSERT INTO public.eth_contracts (id, address, created, name, network, type) VALUES (364, '0xf330891f02f8182d7d4e1a962ed0f3086d626020', 11616168, 'ST_UNI_DAI_BAS', 'eth', 1);
INSERT INTO public.eth_contracts (id, address, created, name, network, type) VALUES (305, '0xcee60cfa923170e4f8204ae08b4fa6a3f5656f3a', 11875162, 'CRV_LINK', 'eth', 4);
INSERT INTO public.eth_contracts (id, address, created, name, network, type) VALUES (357, '0x514906fc121c7878424a5c928cad1852cc545892', 10777016, 'UNI_LP_USDC_FARM', 'eth', 2);
INSERT INTO public.eth_contracts (id, address, created, name, network, type) VALUES (361, '0xb9fa44b0911f6d777faab2fa9d8ef103f25ddf49', 11407008, 'UNI_LP_GRAIN_FARM', 'eth', 2);
INSERT INTO public.eth_contracts (id, address, created, name, network, type) VALUES (293, '0x1f3d61248ec81542889535595903078109707941', 11733661, 'UNI_LP_WBTC_KBTC', 'eth', 2);
INSERT INTO public.eth_contracts (id, address, created, name, network, type) VALUES (302, '0x8b00ee8606cc70c2dce68dea0cefe632cca0fb7b', 11508188, 'SUSHI_LP_ETH_UST', 'eth', 2);
INSERT INTO public.eth_contracts (id, address, created, name, network, type) VALUES (296, '0xc99a74145682c4b4a6e9fa55d559eb49a6884f75', 11380589, 'UNI_LP_MNFLX_UST', 'eth', 2);
INSERT INTO public.eth_contracts (id, address, created, name, network, type) VALUES (299, '0x34856be886a2dba5f7c38c4df7fd86869ab08040', 11380726, 'UNI_LP_MTWTR_UST', 'eth', 2);
INSERT INTO public.eth_contracts (id, address, created, name, network, type) VALUES (319, '0x20d2c17d1928ef4290bf17f922a10eaa2770bf43', 11023967, 'UNI_LP_MUSE_ETH', 'eth', 2);
INSERT INTO public.eth_contracts (id, address, created, name, network, type) VALUES (322, '0x04914cb01eec94e320e3a88b3c7a7e9b1609d13c', 12010817, 'UNI_LP_DUDES20_ETH', 'eth', 2);
INSERT INTO public.eth_contracts (id, address, created, name, network, type) VALUES (325, '0xaa617c8726adfde9e7b08746457e6b90ddb21480', 11844164, 'UNI_LP_MASK20_ETH', 'eth', 2);
INSERT INTO public.eth_contracts (id, address, created, name, network, type) VALUES (328, '0x95acf4ba2c53e31db1459172332d52baac433bb3', 11878846, 'UNI_LP_ROPE20_ETH', 'eth', 2);
INSERT INTO public.eth_contracts (id, address, created, name, network, type) VALUES (365, '0x98ba5e432933e2d536e24a2c021debb8404588c1', 11609503, 'ST_SUSHI_MIC_USDT', 'eth', 1);
INSERT INTO public.eth_contracts (id, address, created, name, network, type) VALUES (366, '0xf4784d07136b5b10c6223134e8b36e1dc190725b', 11609508, 'ST_SUSHI_MIS_USDT', 'eth', 1);
INSERT INTO public.eth_contracts (id, address, created, name, network, type) VALUES (367, '0x91b5cd52fde8dbac37c95ecafef0a70ba4c182fc', 11641089, 'ST_CRV_OBTC', 'eth', 1);
INSERT INTO public.eth_contracts (id, address, created, name, network, type) VALUES (368, '0xda5e9706274d88bbf1bd1877a9b462fc40cdcfad', 11647955, 'ST_ONEINCH_ETH_DAI', 'eth', 1);
INSERT INTO public.eth_contracts (id, address, created, name, network, type) VALUES (369, '0x9a9a6148f7b0a9767ac1fdc67343d1e3e219fddf', 11648033, 'ST_ONEINCH_ETH_USDC', 'eth', 1);
INSERT INTO public.eth_contracts (id, address, created, name, network, type) VALUES (370, '0x2a80e0b572e7ef61ef81ef05ec024e1e52bd70bd', 11648090, 'ST_ONEINCH_ETH_USDT', 'eth', 1);
INSERT INTO public.eth_contracts (id, address, created, name, network, type) VALUES (371, '0x747318cf3171d4e2a1a52bbd3fcc9f9c690448b4', 11648101, 'ST_ONEINCH_ETH_WBTC', 'eth', 1);
INSERT INTO public.eth_contracts (id, address, created, name, network, type) VALUES (372, '0xf5b221e1d9c3a094fb6847bc3e241152772bbbf8', 11660866, 'ST_DAI_BSG', 'eth', 1);
INSERT INTO public.eth_contracts (id, address, created, name, network, type) VALUES (373, '0x63e7d3f6e208cce4967b7a0e6a50a397af0b0e7a', 11660882, 'ST_DAI_BSGS', 'eth', 1);
INSERT INTO public.eth_contracts (id, address, created, name, network, type) VALUES (374, '0x3cdde34c96ecb95a1232c9673e23f2db5fa72280', 11655673, 'ST_BAC', 'eth', 1);
INSERT INTO public.eth_contracts (id, address, created, name, network, type) VALUES (375, '0xdb9c2eba87301e6951d6fbe7a458832eaab2137e', 11655679, 'ST_ESD', 'eth', 1);
INSERT INTO public.eth_contracts (id, address, created, name, network, type) VALUES (376, '0x7c497298d9576499e17f9564ce4e13faa87a9b33', 11655689, 'ST_DSD', 'eth', 1);
INSERT INTO public.eth_contracts (id, address, created, name, network, type) VALUES (377, '0xf4d50f60d53a230abc8268c6697972cb255cd940', 11674656, 'ST_CRV_EURS', 'eth', 1);
INSERT INTO public.eth_contracts (id, address, created, name, network, type) VALUES (378, '0xddb5d3ccd968df64ce48b577776bdc29ebd3120e', 11680930, 'ST_CRV_UST', 'eth', 1);
INSERT INTO public.eth_contracts (id, address, created, name, network, type) VALUES (379, '0xc02d1da469d68adc651dd135d1a7f6b42f4d1a57', 11681748, 'ST_MAAPL_UST', 'eth', 1);
INSERT INTO public.eth_contracts (id, address, created, name, network, type) VALUES (380, '0x8dc427cbcc75cae58dd4f386979eba6662f5c158', 11681037, 'ST_MAMZN_UST', 'eth', 1);
INSERT INTO public.eth_contracts (id, address, created, name, network, type) VALUES (381, '0xfe83a00df3a98de218c08719faf7e3741b220d0d', 11681054, 'ST_MGOOGL_UST', 'eth', 1);
INSERT INTO public.eth_contracts (id, address, created, name, network, type) VALUES (382, '0x40c34b0e1bb6984810e17474c6b0bcc6a6b46614', 11681067, 'ST_MTSLA_UST', 'eth', 1);
INSERT INTO public.eth_contracts (id, address, created, name, network, type) VALUES (383, '0x2e25800957742c52b4d69b65f9c67abc5ccbffe6', 11686133, 'ST_CRV_STETH', 'eth', 1);
INSERT INTO public.eth_contracts (id, address, created, name, network, type) VALUES (384, '0x538613a19eb84d86a4ccfcb63548244a52ab0b68', 11745429, 'ST_CRV_GUSD', 'eth', 1);
INSERT INTO public.eth_contracts (id, address, created, name, network, type) VALUES (385, '0x10f1fc85eaa1f064e38eeffda82fba414841f438', 11830965, 'ST_CRV_AAVE', 'eth', 1);
INSERT INTO public.eth_contracts (id, address, created, name, network, type) VALUES (386, '0x16fbb193f99827c92a4cc22efe8ed7390465bfa3', 11777533, 'ST_SUSHI_SUSHI_ETH', 'eth', 1);
INSERT INTO public.eth_contracts (id, address, created, name, network, type) VALUES (387, '0xdd496a6ba1b4cf2b3ef42def132e2b2c570941fe', 11924852, 'ST_UNI_WBTC_KBTC', 'eth', 1);
INSERT INTO public.eth_contracts (id, address, created, name, network, type) VALUES (388, '0x719d70457658358f2e785b38307cfe24071b7417', 11925210, 'ST_UNI_WBTC_KLON', 'eth', 1);
INSERT INTO public.eth_contracts (id, address, created, name, network, type) VALUES (389, '0x937d4b84f139bec548b825fdce33b172c5bf755a', 11953917, 'ST_MNFLX_UST', 'eth', 1);
INSERT INTO public.eth_contracts (id, address, created, name, network, type) VALUES (390, '0x677ad66025063be55b070685e618a84ff3dd62be', 11954014, 'ST_MTWTR_UST', 'eth', 1);
INSERT INTO public.eth_contracts (id, address, created, name, network, type) VALUES (391, '0x59eeb34065db1621c68d26f37ffeff3a89e5fa8b', 11954061, 'ST_SUSHI_ETH_UST', 'eth', 1);
INSERT INTO public.eth_contracts (id, address, created, name, network, type) VALUES (392, '0x9c6fbdbf59808cd920fdb166c25e2e9fcf708dd1', 11954328, 'ST_CRV_LINK', 'eth', 1);
INSERT INTO public.eth_contracts (id, address, created, name, network, type) VALUES (393, '0xf550804ebd6f89cdc9ec8e92ce8de91a2f64a82e', 11954222, 'ST_SUSHI_HODL', 'eth', 1);
INSERT INTO public.eth_contracts (id, address, created, name, network, type) VALUES (394, '0xf5833723b150929d1fddf785ed9d92eee722387d', 11999019, 'ST_ETH_DAI_HODL', 'eth', 1);
INSERT INTO public.eth_contracts (id, address, created, name, network, type) VALUES (395, '0x378c314028071c92efe15d6990b6cf93594fcb9d', 11999015, 'ST_ETH_USDC_HODL', 'eth', 1);
INSERT INTO public.eth_contracts (id, address, created, name, network, type) VALUES (396, '0x0c67fba277a3fe1b0a792ef5bc798cbbda15a7f5', 11998997, 'ST_ETH_USDT_HODL', 'eth', 1);
INSERT INTO public.eth_contracts (id, address, created, name, network, type) VALUES (397, '0x08aa65118996eaa61372b65978cfa684f2c749b2', 11999022, 'ST_ETH_WBTC_HODL', 'eth', 1);
INSERT INTO public.eth_contracts (id, address, created, name, network, type) VALUES (398, '0x743bd82331cae227fa2c8c97f345a6846f8383b1', 12044252, 'ST_MUSE_ETH', 'eth', 1);
INSERT INTO public.eth_contracts (id, address, created, name, network, type) VALUES (399, '0x3b808a7d8ccdf8893d1360ff421bef4440376842', 12044258, 'ST_DUDES20_ETH', 'eth', 1);
INSERT INTO public.eth_contracts (id, address, created, name, network, type) VALUES (400, '0xc5fc56779b5925218d2cdac093d0bfc6de7cc2d1', 12044260, 'ST_MASK20_ETH', 'eth', 1);
INSERT INTO public.eth_contracts (id, address, created, name, network, type) VALUES (401, '0x14ac1bddd9160866590c6c4ec16853a1510845b9', 12044261, 'ST_ROPE20_ETH', 'eth', 1);
INSERT INTO public.eth_contracts (id, address, created, name, network, type) VALUES (109, '0x0000000000000000000000000000000000000000', 0, 'ZERO', 'bsc', 4);
INSERT INTO public.eth_contracts (id, address, created, name, network, type) VALUES (284, '0xa0246c9032bc3a600820415ae600c6388619a14d', 10770079, 'FARM', 'eth', 4);
INSERT INTO public.eth_contracts (id, address, created, name, network, type) VALUES (402, '0x3472a5a71965499acd81997a54bba8d852c6e53d', 11348423, 'BADGER', 'eth', 4);
INSERT INTO public.eth_contracts (id, address, created, name, network, type) VALUES (403, '0x8daebade922df735c38c80c7ebd708af50815faa', 10867840, 'TBTC', 'eth', 4);
INSERT INTO public.eth_contracts (id, address, created, name, network, type) VALUES (404, '0x0954906da0bf32d5479e25f46056d22f08464cab', 11000455, 'IDX', 'eth', 4);
INSERT INTO public.eth_contracts (id, address, created, name, network, type) VALUES (405, '0x1494ca1f11d487c2bbe4543e90080aeba4ba3c2b', 10830516, 'DPI', 'eth', 4);
INSERT INTO public.eth_contracts (id, address, created, name, network, type) VALUES (406, '0x6589fe1271a0f29346796c6baf0cdf619e25e58e', 11342057, 'GRAIN', 'eth', 4);
INSERT INTO public.eth_contracts (id, address, created, name, network, type) VALUES (178, '0x0000000000085d4780b73119b644ae5ecd22b376', 6988184, 'TUSD', 'eth', 4);
INSERT INTO public.eth_contracts (id, address, created, name, network, type) VALUES (407, '0xa7ed29b253d8b4e3109ce07c80fc570f81b63696', 11355392, 'BAS', 'eth', 4);
INSERT INTO public.eth_contracts (id, address, created, name, network, type) VALUES (408, '0x368b3a58b5f49392e5c9e4c998cb0bb966752e51', 11548901, 'MIC', 'eth', 4);
INSERT INTO public.eth_contracts (id, address, created, name, network, type) VALUES (409, '0x4b4d2e899658fb59b1d518b68fe836b100ee8958', 11548905, 'MIS', 'eth', 4);
INSERT INTO public.eth_contracts (id, address, created, name, network, type) VALUES (410, '0xb34ab2f65c6e4f764ffe740ab83f982021faed6d', 11644470, 'BSG', 'eth', 4);
INSERT INTO public.eth_contracts (id, address, created, name, network, type) VALUES (411, '0xa9d232cc381715ae791417b624d7c4509d2c28db', 11644478, 'BSGS', 'eth', 4);
INSERT INTO public.eth_contracts (id, address, created, name, network, type) VALUES (412, '0xdb25f211ab05b1c97d595516f45794528a807ad8', 5835251, 'EURS', 'eth', 4);
INSERT INTO public.eth_contracts (id, address, created, name, network, type) VALUES (413, '0xa47c8bf37f92abed4a126bda807a7b7498661acd', 11345219, 'UST', 'eth', 4);
INSERT INTO public.eth_contracts (id, address, created, name, network, type) VALUES (414, '0xd36932143f6ebdedd872d5fb0651f4b72fd15a84', 11345258, 'MAAPL', 'eth', 4);
INSERT INTO public.eth_contracts (id, address, created, name, network, type) VALUES (415, '0x0cae9e4d663793c2a2a0b211c1cf4bbca2b9caa7', 11345296, 'MAMZN', 'eth', 4);
INSERT INTO public.eth_contracts (id, address, created, name, network, type) VALUES (416, '0x59a921db27dd6d4d974745b7ffc5c33932653442', 11345264, 'MGOOGL', 'eth', 4);
INSERT INTO public.eth_contracts (id, address, created, name, network, type) VALUES (417, '0x21ca39943e91d704678f5d00b6616650f066fd63', 11345271, 'MTSLA', 'eth', 4);
INSERT INTO public.eth_contracts (id, address, created, name, network, type) VALUES (418, '0x056fd409e1d7a124bd7017459dfea2f387b6d5cd', 6301780, 'GUSD', 'eth', 4);
INSERT INTO public.eth_contracts (id, address, created, name, network, type) VALUES (419, '0xdf574c24545e5ffecb9a659c229253d4111d87e1', 8174400, 'HUSD', 'eth', 4);
INSERT INTO public.eth_contracts (id, address, created, name, network, type) VALUES (308, '0x6b3595068778dd592e39a122f4f5a5cf09c90fe2', 10736094, 'SUSHI', 'eth', 4);
INSERT INTO public.eth_contracts (id, address, created, name, network, type) VALUES (420, '0x0316eb71485b0ab14103307bf65a021042c6d380', 9076087, 'HBTC', 'eth', 4);
INSERT INTO public.eth_contracts (id, address, created, name, network, type) VALUES (421, '0xfe18be6b3bd88a2d2a7f928d00292e7a9963cfc6', 8623122, 'SBTC', 'eth', 4);
INSERT INTO public.eth_contracts (id, address, created, name, network, type) VALUES (422, '0x106538cc16f938776c7c180186975bca23875287', 11818848, 'BASv2', 'eth', 4);
INSERT INTO public.eth_contracts (id, address, created, name, network, type) VALUES (423, '0xe6c3502997f97f9bde34cb165fbce191065e068f', 11733661, 'KBTC', 'eth', 4);
INSERT INTO public.eth_contracts (id, address, created, name, network, type) VALUES (424, '0xb97d5cf2864fb0d08b34a484ff48d5492b2324a0', 11733686, 'KLON', 'eth', 4);
INSERT INTO public.eth_contracts (id, address, created, name, network, type) VALUES (425, '0xc8d674114bac90148d11d3c1d33c61835a0f9dcd', 11345280, 'MNFLX', 'eth', 4);
INSERT INTO public.eth_contracts (id, address, created, name, network, type) VALUES (426, '0xedb0414627e6f1e3f082de65cd4f9c693d78cca9', 11345288, 'MTWTR', 'eth', 4);
INSERT INTO public.eth_contracts (id, address, created, name, network, type) VALUES (427, '0xb6ca7399b4f9ca56fc27cbff44f4d2e4eef1fc81', 11022769, 'MUSE', 'eth', 4);
INSERT INTO public.eth_contracts (id, address, created, name, network, type) VALUES (428, '0x2313e39841fb3809da0ff6249c2067ca84795846', 12007358, 'DUDES20', 'eth', 4);
INSERT INTO public.eth_contracts (id, address, created, name, network, type) VALUES (429, '0xc2bde1a2fa26890c8e6acb10c91cc6d9c11f4a73', 11841388, 'MASK20', 'eth', 4);
INSERT INTO public.eth_contracts (id, address, created, name, network, type) VALUES (430, '0xb3cdc594d8c8e8152d99f162cf8f9edfdc0a80a2', 11869798, 'ROPE20', 'eth', 4);
INSERT INTO public.eth_contracts (id, address, created, name, network, type) VALUES (431, '0x514910771af9ca656af840dff83e8264ecf986ca', 4281611, 'LINK', 'eth', 4);
INSERT INTO public.eth_contracts (id, address, created, name, network, type) VALUES (432, '0x004375dff511095cc5a197a54140a24efef3a416', 10092348, 'UNI_LP_USDC_WBTC', 'eth', 2);
INSERT INTO public.eth_contracts (id, address, created, name, network, type) VALUES (359, '0x56feaccb7f750b997b36a68625c7c596f0b41a58', 10777652, 'UNI_LP_WETH_FARM', 'eth', 2);
INSERT INTO public.eth_contracts (id, address, created, name, network, type) VALUES (433, '0x3452a7f30a712e415a0674c0341d44ee9d9786f9', 11004221, 'UNI_LP_IDX_ETH', 'eth', 2);
INSERT INTO public.eth_contracts (id, address, created, name, network, type) VALUES (434, '0xc372089019614e5791b08b5036f298d002a8cbef', 11096263, 'UNI_LP_USDC_IDX', 'eth', 2);
INSERT INTO public.eth_contracts (id, address, created, name, network, type) VALUES (435, '0xcd7989894bc033581532d2cd88da5db0a4b12859', 11380633, 'UNI_LP_WBTC_BADGER', 'eth', 2);
INSERT INTO public.eth_contracts (id, address, created, name, network, type) VALUES (436, '0x0379da7a5895d13037b6937b109fa8607a659adf', 11355401, 'UNI_LP_DAI_BAS', 'eth', 2);
INSERT INTO public.eth_contracts (id, address, created, name, network, type) VALUES (437, '0x7566126f2fd0f2dddae01bb8a6ea49b760383d5a', 11607878, 'ONEINCH_LP_ETH_DAI', 'eth', 2);
INSERT INTO public.eth_contracts (id, address, created, name, network, type) VALUES (438, '0xb4db55a20e0624edd82a0cf356e3488b4669bd27', 11607881, 'ONEINCH_LP_ETH_USDC', 'eth', 2);
INSERT INTO public.eth_contracts (id, address, created, name, network, type) VALUES (439, '0xbba17b81ab4193455be10741512d0e71520f43cb', 11607877, 'ONEINCH_LP_ETH_USDT', 'eth', 2);
INSERT INTO public.eth_contracts (id, address, created, name, network, type) VALUES (440, '0x6a11f3e5a01d129e566d783a7b6e8862bfd66cca', 11607880, 'ONEINCH_LP_ETH_WBTC', 'eth', 2);
INSERT INTO public.eth_contracts (id, address, created, name, network, type) VALUES (441, '0x88ff79eb2bc5850f27315415da8685282c7610f9', 10722560, 'UNI_LP_ESD_USDC', 'eth', 2);
INSERT INTO public.eth_contracts (id, address, created, name, network, type) VALUES (442, '0x66e33d2605c5fb25ebb7cd7528e7997b0afa55e8', 11330245, 'UNI_LP_USDC_DSD', 'eth', 2);
INSERT INTO public.eth_contracts (id, address, created, name, network, type) VALUES (443, '0x767055e2a9f15783b1ec5ef134a89acf3165332f', 10097736, 'UNI_LP_USDC_EURS', 'eth', 2);
INSERT INTO public.eth_contracts (id, address, created, name, network, type) VALUES (444, '0xa6f4eae7fdaa20e632c45d4cd39e4f3961892322', 11038392, 'UNI_LP_HBTC_ETH', 'eth', 2);
INSERT INTO public.eth_contracts (id, address, created, name, network, type) VALUES (445, '0x81fbef4704776cc5bba0a5df3a90056d2c6900b3', 10161671, 'UNI_LP_ETH_RENBTC', 'eth', 2);
INSERT INTO public.eth_contracts (id, address, created, name, network, type) VALUES (446, '0xb4d0d9df2738abe81b87b66c80851292492d1404', 10161671, 'UNI_LP_TUSD_ETH', 'eth', 2);
INSERT INTO public.eth_contracts (id, address, created, name, network, type) VALUES (447, '0xc50ef7861153c51d383d9a7d48e6c9467fb90c38', 10161671, 'UNI_LP_UST_USDT', 'eth', 2);
INSERT INTO public.eth_contracts (id, address, created, name, network, type) VALUES (448, '0x61247d8aca1c485a50728e1336d9b26c8339e701', 10161671, 'UNI_LP_GUSD_ETH', 'eth', 2);
INSERT INTO public.eth_contracts (id, address, created, name, network, type) VALUES (449, '0xe53bfffd5d9a53250a3f30409fdc463cb5ed05e1', 10161671, 'UNI_LP_USDT_HUSD', 'eth', 2);
INSERT INTO public.eth_contracts (id, address, created, name, network, type) VALUES (450, '0x26aad2da94c59524ac0d93f6d6cbf9071d7086f2', 11519620, 'UNI_LP_ONEINCH_ETH', 'eth', 2);
INSERT INTO public.eth_contracts (id, address, created, name, network, type) VALUES (451, '0x734e48a1ffea1cdf4f5172210c322f3990d6d760', 11733686, 'UNI_LP_WBTC_KLON', 'eth', 2);
INSERT INTO public.eth_contracts (id, address, created, name, network, type) VALUES (452, '0xa2107fa5b38d9bbd2c461d6edf11b11a50f6b974', 10091428, 'UNI_LP_LINK_ETH', 'eth', 2);

INSERT INTO public.eth_pools (id, updated_block, contract, controller, governance, lp_token, owner, reward_token) VALUES (1, 6420428, 75, 2, 3, 1, 3, 76);
INSERT INTO public.eth_pools (id, updated_block, contract, controller, governance, lp_token, owner, reward_token) VALUES (2, 6420428, 77, 2, 3, 6, 3, 76);
INSERT INTO public.eth_pools (id, updated_block, contract, controller, governance, lp_token, owner, reward_token) VALUES (3, 6420428, 78, 2, 3, 9, 3, 76);
INSERT INTO public.eth_pools (id, updated_block, contract, controller, governance, lp_token, owner, reward_token) VALUES (4, 6420428, 79, 2, 3, 12, 3, 76);
INSERT INTO public.eth_pools (id, updated_block, contract, controller, governance, lp_token, owner, reward_token) VALUES (5, 6420428, 80, 2, 3, 15, 3, 76);
INSERT INTO public.eth_pools (id, updated_block, contract, controller, governance, lp_token, owner, reward_token) VALUES (6, 6420428, 81, 2, 3, 18, 3, 76);
INSERT INTO public.eth_pools (id, updated_block, contract, controller, governance, lp_token, owner, reward_token) VALUES (7, 6420428, 82, 2, 3, 21, 3, 76);
INSERT INTO public.eth_pools (id, updated_block, contract, controller, governance, lp_token, owner, reward_token) VALUES (8, 6420428, 83, 2, 3, 24, 3, 76);
INSERT INTO public.eth_pools (id, updated_block, contract, controller, governance, lp_token, owner, reward_token) VALUES (9, 6420428, 84, 2, 3, 27, 3, 76);
INSERT INTO public.eth_pools (id, updated_block, contract, controller, governance, lp_token, owner, reward_token) VALUES (10, 6420428, 85, 2, 3, 30, 3, 76);
INSERT INTO public.eth_pools (id, updated_block, contract, controller, governance, lp_token, owner, reward_token) VALUES (11, 6420428, 86, 2, 3, 33, 3, 76);
INSERT INTO public.eth_pools (id, updated_block, contract, controller, governance, lp_token, owner, reward_token) VALUES (12, 6420428, 87, 2, 3, 36, 3, 76);
INSERT INTO public.eth_pools (id, updated_block, contract, controller, governance, lp_token, owner, reward_token) VALUES (13, 6420428, 88, 2, 3, 39, 3, 76);
INSERT INTO public.eth_pools (id, updated_block, contract, controller, governance, lp_token, owner, reward_token) VALUES (14, 6420428, 89, 2, 3, 42, 3, 76);
INSERT INTO public.eth_pools (id, updated_block, contract, controller, governance, lp_token, owner, reward_token) VALUES (15, 6420428, 90, 2, 3, 45, 3, 76);
INSERT INTO public.eth_pools (id, updated_block, contract, controller, governance, lp_token, owner, reward_token) VALUES (16, 6420428, 91, 2, 3, 48, 3, 76);
INSERT INTO public.eth_pools (id, updated_block, contract, controller, governance, lp_token, owner, reward_token) VALUES (17, 6420428, 92, 2, 3, 51, 3, 76);
INSERT INTO public.eth_pools (id, updated_block, contract, controller, governance, lp_token, owner, reward_token) VALUES (18, 6420428, 93, 2, 3, 54, 3, 76);
INSERT INTO public.eth_pools (id, updated_block, contract, controller, governance, lp_token, owner, reward_token) VALUES (19, 6420428, 94, 2, 3, 57, 3, 76);
INSERT INTO public.eth_pools (id, updated_block, contract, controller, governance, lp_token, owner, reward_token) VALUES (20, 6420428, 95, 2, 3, 60, 3, 76);
INSERT INTO public.eth_pools (id, updated_block, contract, controller, governance, lp_token, owner, reward_token) VALUES (21, 6420428, 96, 2, 3, 63, 3, 76);
INSERT INTO public.eth_pools (id, updated_block, contract, controller, governance, lp_token, owner, reward_token) VALUES (22, 6420428, 97, 2, 3, 66, 3, 76);
INSERT INTO public.eth_pools (id, updated_block, contract, controller, governance, lp_token, owner, reward_token) VALUES (23, 6420428, 98, 2, 3, 69, 3, 76);
INSERT INTO public.eth_pools (id, updated_block, contract, controller, governance, lp_token, owner, reward_token) VALUES (24, 6420428, 99, 2, 3, 72, 3, 76);
INSERT INTO public.eth_pools (id, updated_block, contract, controller, governance, lp_token, owner, reward_token) VALUES (25, 12206973, 329, 2, 3, 146, 3, 284);
INSERT INTO public.eth_pools (id, updated_block, contract, controller, governance, lp_token, owner, reward_token) VALUES (26, 12206973, 330, 2, 3, 148, 3, 284);
INSERT INTO public.eth_pools (id, updated_block, contract, controller, governance, lp_token, owner, reward_token) VALUES (27, 12206973, 331, 2, 3, 150, 3, 284);
INSERT INTO public.eth_pools (id, updated_block, contract, controller, governance, lp_token, owner, reward_token) VALUES (28, 12206973, 332, 2, 3, 152, 3, 284);
INSERT INTO public.eth_pools (id, updated_block, contract, controller, governance, lp_token, owner, reward_token) VALUES (29, 12206973, 333, 2, 3, 154, 3, 284);
INSERT INTO public.eth_pools (id, updated_block, contract, controller, governance, lp_token, owner, reward_token) VALUES (30, 12206973, 334, 2, 3, 156, 3, 284);
INSERT INTO public.eth_pools (id, updated_block, contract, controller, governance, lp_token, owner, reward_token) VALUES (31, 12206973, 335, 2, 3, 158, 3, 284);
INSERT INTO public.eth_pools (id, updated_block, contract, controller, governance, lp_token, owner, reward_token) VALUES (32, 12206973, 336, 2, 3, 160, 3, 284);
INSERT INTO public.eth_pools (id, updated_block, contract, controller, governance, lp_token, owner, reward_token) VALUES (33, 12206973, 337, 2, 3, 162, 3, 284);
INSERT INTO public.eth_pools (id, updated_block, contract, controller, governance, lp_token, owner, reward_token) VALUES (34, 12206973, 338, 2, 3, 164, 3, 284);
INSERT INTO public.eth_pools (id, updated_block, contract, controller, governance, lp_token, owner, reward_token) VALUES (35, 12206973, 339, 2, 3, 166, 3, 284);
INSERT INTO public.eth_pools (id, updated_block, contract, controller, governance, lp_token, owner, reward_token) VALUES (36, 12206973, 340, 2, 3, 168, 3, 284);
INSERT INTO public.eth_pools (id, updated_block, contract, controller, governance, lp_token, owner, reward_token) VALUES (37, 12206973, 341, 2, 3, 171, 3, 284);
INSERT INTO public.eth_pools (id, updated_block, contract, controller, governance, lp_token, owner, reward_token) VALUES (38, 12206973, 342, 2, 3, 173, 3, 284);
INSERT INTO public.eth_pools (id, updated_block, contract, controller, governance, lp_token, owner, reward_token) VALUES (39, 12206973, 343, 2, 3, 176, 3, 284);
INSERT INTO public.eth_pools (id, updated_block, contract, controller, governance, lp_token, owner, reward_token) VALUES (40, 12206973, 344, 2, 3, 284, 3, 284);
INSERT INTO public.eth_pools (id, updated_block, contract, controller, governance, lp_token, owner, reward_token) VALUES (41, 12206973, 183, 2, 3, 284, 3, 284);
INSERT INTO public.eth_pools (id, updated_block, contract, controller, governance, lp_token, owner, reward_token) VALUES (42, 12206973, 345, 2, 3, 179, 3, 284);
INSERT INTO public.eth_pools (id, updated_block, contract, controller, governance, lp_token, owner, reward_token) VALUES (43, 12206973, 346, 2, 3, 193, 3, 284);
INSERT INTO public.eth_pools (id, updated_block, contract, controller, governance, lp_token, owner, reward_token) VALUES (44, 12206973, 347, 2, 3, 196, 3, 284);
INSERT INTO public.eth_pools (id, updated_block, contract, controller, governance, lp_token, owner, reward_token) VALUES (45, 12206973, 348, 2, 3, 199, 3, 284);
INSERT INTO public.eth_pools (id, updated_block, contract, controller, governance, lp_token, owner, reward_token) VALUES (46, 12206973, 349, 2, 3, 202, 3, 284);
INSERT INTO public.eth_pools (id, updated_block, contract, controller, governance, lp_token, owner, reward_token) VALUES (47, 12206973, 350, 2, 3, 205, 3, 284);
INSERT INTO public.eth_pools (id, updated_block, contract, controller, governance, lp_token, owner, reward_token) VALUES (48, 12206973, 351, 2, 3, 184, 3, 284);
INSERT INTO public.eth_pools (id, updated_block, contract, controller, governance, lp_token, owner, reward_token) VALUES (49, 12206973, 352, 2, 3, 187, 3, 284);
INSERT INTO public.eth_pools (id, updated_block, contract, controller, governance, lp_token, owner, reward_token) VALUES (50, 12206973, 353, 2, 3, 190, 3, 284);
INSERT INTO public.eth_pools (id, updated_block, contract, controller, governance, lp_token, owner, reward_token) VALUES (51, 12206973, 354, 2, 3, 208, 3, 284);
INSERT INTO public.eth_pools (id, updated_block, contract, controller, governance, lp_token, owner, reward_token) VALUES (52, 12206973, 355, 2, 3, 211, 3, 284);
INSERT INTO public.eth_pools (id, updated_block, contract, controller, governance, lp_token, owner, reward_token) VALUES (53, 12206973, 356, 2, 3, 357, 3, 284);
INSERT INTO public.eth_pools (id, updated_block, contract, controller, governance, lp_token, owner, reward_token) VALUES (54, 12206973, 358, 2, 3, 359, 3, 284);
INSERT INTO public.eth_pools (id, updated_block, contract, controller, governance, lp_token, owner, reward_token) VALUES (55, 12206973, 360, 2, 3, 361, 3, 284);
INSERT INTO public.eth_pools (id, updated_block, contract, controller, governance, lp_token, owner, reward_token) VALUES (56, 12206973, 362, 2, 3, 214, 363, 284);
INSERT INTO public.eth_pools (id, updated_block, contract, controller, governance, lp_token, owner, reward_token) VALUES (57, 12206973, 364, 2, 3, 217, 363, 284);
INSERT INTO public.eth_pools (id, updated_block, contract, controller, governance, lp_token, owner, reward_token) VALUES (58, 12206973, 365, 2, 3, 220, 363, 284);
INSERT INTO public.eth_pools (id, updated_block, contract, controller, governance, lp_token, owner, reward_token) VALUES (59, 12206973, 366, 2, 3, 223, 363, 284);
INSERT INTO public.eth_pools (id, updated_block, contract, controller, governance, lp_token, owner, reward_token) VALUES (60, 12206973, 367, 2, 3, 226, 3, 284);
INSERT INTO public.eth_pools (id, updated_block, contract, controller, governance, lp_token, owner, reward_token) VALUES (61, 12206973, 368, 2, 3, 229, 3, 284);
INSERT INTO public.eth_pools (id, updated_block, contract, controller, governance, lp_token, owner, reward_token) VALUES (62, 12206973, 369, 2, 3, 231, 3, 284);
INSERT INTO public.eth_pools (id, updated_block, contract, controller, governance, lp_token, owner, reward_token) VALUES (63, 12206973, 370, 2, 3, 233, 3, 284);
INSERT INTO public.eth_pools (id, updated_block, contract, controller, governance, lp_token, owner, reward_token) VALUES (64, 12206973, 371, 2, 3, 235, 3, 284);
INSERT INTO public.eth_pools (id, updated_block, contract, controller, governance, lp_token, owner, reward_token) VALUES (65, 12206973, 372, 2, 3, 237, 363, 284);
INSERT INTO public.eth_pools (id, updated_block, contract, controller, governance, lp_token, owner, reward_token) VALUES (66, 12206973, 373, 2, 3, 240, 363, 284);
INSERT INTO public.eth_pools (id, updated_block, contract, controller, governance, lp_token, owner, reward_token) VALUES (67, 12206973, 374, 2, 3, 243, 3, 284);
INSERT INTO public.eth_pools (id, updated_block, contract, controller, governance, lp_token, owner, reward_token) VALUES (68, 12206973, 375, 2, 3, 246, 3, 284);
INSERT INTO public.eth_pools (id, updated_block, contract, controller, governance, lp_token, owner, reward_token) VALUES (69, 12206973, 376, 2, 3, 249, 3, 284);
INSERT INTO public.eth_pools (id, updated_block, contract, controller, governance, lp_token, owner, reward_token) VALUES (70, 12206973, 377, 2, 3, 252, 3, 284);
INSERT INTO public.eth_pools (id, updated_block, contract, controller, governance, lp_token, owner, reward_token) VALUES (71, 12206973, 378, 2, 3, 255, 3, 284);
INSERT INTO public.eth_pools (id, updated_block, contract, controller, governance, lp_token, owner, reward_token) VALUES (72, 12206973, 379, 2, 3, 258, 363, 284);
INSERT INTO public.eth_pools (id, updated_block, contract, controller, governance, lp_token, owner, reward_token) VALUES (73, 12206973, 380, 2, 3, 261, 363, 284);
INSERT INTO public.eth_pools (id, updated_block, contract, controller, governance, lp_token, owner, reward_token) VALUES (74, 12206973, 381, 2, 3, 264, 363, 284);
INSERT INTO public.eth_pools (id, updated_block, contract, controller, governance, lp_token, owner, reward_token) VALUES (75, 12206973, 382, 2, 3, 267, 363, 284);
INSERT INTO public.eth_pools (id, updated_block, contract, controller, governance, lp_token, owner, reward_token) VALUES (76, 12206973, 383, 2, 3, 270, 3, 284);
INSERT INTO public.eth_pools (id, updated_block, contract, controller, governance, lp_token, owner, reward_token) VALUES (77, 12206973, 384, 2, 3, 273, 3, 284);
INSERT INTO public.eth_pools (id, updated_block, contract, controller, governance, lp_token, owner, reward_token) VALUES (78, 12206973, 385, 2, 3, 276, 3, 284);
INSERT INTO public.eth_pools (id, updated_block, contract, controller, governance, lp_token, owner, reward_token) VALUES (79, 12206973, 386, 2, 3, 279, 3, 284);
INSERT INTO public.eth_pools (id, updated_block, contract, controller, governance, lp_token, owner, reward_token) VALUES (80, 12206973, 387, 2, 3, 291, 3, 282);
INSERT INTO public.eth_pools (id, updated_block, contract, controller, governance, lp_token, owner, reward_token) VALUES (81, 12206973, 388, 2, 3, 288, 3, 282);
INSERT INTO public.eth_pools (id, updated_block, contract, controller, governance, lp_token, owner, reward_token) VALUES (82, 12206973, 389, 2, 3, 294, 3, 282);
INSERT INTO public.eth_pools (id, updated_block, contract, controller, governance, lp_token, owner, reward_token) VALUES (83, 12206973, 390, 2, 3, 297, 3, 282);
INSERT INTO public.eth_pools (id, updated_block, contract, controller, governance, lp_token, owner, reward_token) VALUES (84, 12206973, 391, 2, 3, 300, 3, 282);
INSERT INTO public.eth_pools (id, updated_block, contract, controller, governance, lp_token, owner, reward_token) VALUES (85, 12206973, 392, 2, 3, 303, 3, 282);
INSERT INTO public.eth_pools (id, updated_block, contract, controller, governance, lp_token, owner, reward_token) VALUES (86, 12206973, 393, 2, 3, 306, 3, 282);
INSERT INTO public.eth_pools (id, updated_block, contract, controller, governance, lp_token, owner, reward_token) VALUES (87, 12206973, 394, 2, 3, 309, 3, 282);
INSERT INTO public.eth_pools (id, updated_block, contract, controller, governance, lp_token, owner, reward_token) VALUES (88, 12206973, 395, 2, 3, 311, 3, 282);
INSERT INTO public.eth_pools (id, updated_block, contract, controller, governance, lp_token, owner, reward_token) VALUES (89, 12206973, 396, 2, 3, 313, 3, 282);
INSERT INTO public.eth_pools (id, updated_block, contract, controller, governance, lp_token, owner, reward_token) VALUES (90, 12206973, 397, 2, 3, 315, 3, 282);
INSERT INTO public.eth_pools (id, updated_block, contract, controller, governance, lp_token, owner, reward_token) VALUES (91, 12206973, 398, 2, 3, 317, 3, 282);
INSERT INTO public.eth_pools (id, updated_block, contract, controller, governance, lp_token, owner, reward_token) VALUES (92, 12206973, 399, 2, 3, 320, 3, 282);
INSERT INTO public.eth_pools (id, updated_block, contract, controller, governance, lp_token, owner, reward_token) VALUES (93, 12206973, 400, 2, 3, 323, 3, 282);
INSERT INTO public.eth_pools (id, updated_block, contract, controller, governance, lp_token, owner, reward_token) VALUES (94, 12206973, 401, 2, 3, 326, 3, 282);

INSERT INTO public.eth_tokens (id, decimals, name, symbol, updated_block, contract) VALUES (1, 18, 'BUSD Token', 'BUSD', 6420428, 59);
INSERT INTO public.eth_tokens (id, decimals, name, symbol, updated_block, contract) VALUES (2, 18, 'Ethereum Token', 'ETH', 6420428, 32);
INSERT INTO public.eth_tokens (id, decimals, name, symbol, updated_block, contract) VALUES (3, 18, 'Tether USD', 'USDT', 6420428, 56);
INSERT INTO public.eth_tokens (id, decimals, name, symbol, updated_block, contract) VALUES (4, 18, 'Venus', 'XVS', 6420428, 23);
INSERT INTO public.eth_tokens (id, decimals, name, symbol, updated_block, contract) VALUES (5, 18, 'PancakeSwap Token', 'Cake', 6420428, 8);
INSERT INTO public.eth_tokens (id, decimals, name, symbol, updated_block, contract) VALUES (6, 18, 'VAI Stablecoin', 'VAI', 6420428, 26);
INSERT INTO public.eth_tokens (id, decimals, name, symbol, updated_block, contract) VALUES (7, 18, 'Binance Beacon ETH', 'BETH', 6420428, 29);
INSERT INTO public.eth_tokens (id, decimals, name, symbol, updated_block, contract) VALUES (8, 18, 'Wrapped BNB', 'WBNB', 6420428, 35);
INSERT INTO public.eth_tokens (id, decimals, name, symbol, updated_block, contract) VALUES (9, 18, 'BTCB Token', 'BTCB', 6420428, 38);
INSERT INTO public.eth_tokens (id, decimals, name, symbol, updated_block, contract) VALUES (10, 18, 'Goose Golden Egg', 'EGG', 6420428, 47);
INSERT INTO public.eth_tokens (id, decimals, name, symbol, updated_block, contract) VALUES (11, 18, 'Dai Token', 'DAI', 6420428, 50);
INSERT INTO public.eth_tokens (id, decimals, name, symbol, updated_block, contract) VALUES (12, 18, 'USD Coin', 'USDC', 6420428, 53);
INSERT INTO public.eth_tokens (id, decimals, name, symbol, updated_block, contract) VALUES (13, 18, 'bDollar', 'BDO', 6420428, 100);
INSERT INTO public.eth_tokens (id, decimals, name, symbol, updated_block, contract) VALUES (14, 18, 'bDollar Share', 'sBDO', 6420428, 101);
INSERT INTO public.eth_tokens (id, decimals, name, symbol, updated_block, contract) VALUES (15, 18, '1INCH Token', '1INCH', 6420428, 102);
INSERT INTO public.eth_tokens (id, decimals, name, symbol, updated_block, contract) VALUES (16, 8, 'renBTC', 'renBTC', 6420428, 103);
INSERT INTO public.eth_tokens (id, decimals, name, symbol, updated_block, contract) VALUES (17, 0, '', '', 12206973, 109);
INSERT INTO public.eth_tokens (id, decimals, name, symbol, updated_block, contract) VALUES (18, 18, 'FARM Reward Token', 'FARM', 12206973, 284);
INSERT INTO public.eth_tokens (id, decimals, name, symbol, updated_block, contract) VALUES (19, 18, 'Badger', 'BADGER', 12206973, 402);
INSERT INTO public.eth_tokens (id, decimals, name, symbol, updated_block, contract) VALUES (20, 6, 'USD Coin', 'USDC', 12206973, 118);
INSERT INTO public.eth_tokens (id, decimals, name, symbol, updated_block, contract) VALUES (21, 18, 'Wrapped Ether', 'WETH', 12206973, 115);
INSERT INTO public.eth_tokens (id, decimals, name, symbol, updated_block, contract) VALUES (22, 8, 'Wrapped BTC', 'WBTC', 12206973, 127);
INSERT INTO public.eth_tokens (id, decimals, name, symbol, updated_block, contract) VALUES (23, 18, 'Dai Stablecoin', 'DAI', 12206973, 124);
INSERT INTO public.eth_tokens (id, decimals, name, symbol, updated_block, contract) VALUES (24, 18, 'tBTC', 'TBTC', 12206973, 403);
INSERT INTO public.eth_tokens (id, decimals, name, symbol, updated_block, contract) VALUES (25, 6, 'Tether USD', 'USDT', 12206973, 121);
INSERT INTO public.eth_tokens (id, decimals, name, symbol, updated_block, contract) VALUES (26, 18, 'Index', 'INDEX', 12206973, 404);
INSERT INTO public.eth_tokens (id, decimals, name, symbol, updated_block, contract) VALUES (27, 18, 'DefiPulse Index', 'DPI', 12206973, 405);
INSERT INTO public.eth_tokens (id, decimals, name, symbol, updated_block, contract) VALUES (28, 18, 'GRAIN Token', 'GRAIN', 12206973, 406);
INSERT INTO public.eth_tokens (id, decimals, name, symbol, updated_block, contract) VALUES (29, 18, 'TrueUSD', 'TUSD', 12206973, 178);
INSERT INTO public.eth_tokens (id, decimals, name, symbol, updated_block, contract) VALUES (30, 18, 'BAC', 'BAC', 12206973, 245);
INSERT INTO public.eth_tokens (id, decimals, name, symbol, updated_block, contract) VALUES (31, 18, 'BAS', 'BAS', 12206973, 407);
INSERT INTO public.eth_tokens (id, decimals, name, symbol, updated_block, contract) VALUES (32, 18, 'MIC', 'MIC', 12206973, 408);
INSERT INTO public.eth_tokens (id, decimals, name, symbol, updated_block, contract) VALUES (33, 18, 'MIS', 'MIS', 12206973, 409);
INSERT INTO public.eth_tokens (id, decimals, name, symbol, updated_block, contract) VALUES (34, 18, 'BSG', 'BSG', 12206973, 410);
INSERT INTO public.eth_tokens (id, decimals, name, symbol, updated_block, contract) VALUES (35, 18, 'BSGS', 'BSGS', 12206973, 411);
INSERT INTO public.eth_tokens (id, decimals, name, symbol, updated_block, contract) VALUES (36, 18, 'Empty Set Dollar', 'ESD', 12206973, 248);
INSERT INTO public.eth_tokens (id, decimals, name, symbol, updated_block, contract) VALUES (37, 18, 'Dynamic Set Dollar', 'DSD', 12206973, 251);
INSERT INTO public.eth_tokens (id, decimals, name, symbol, updated_block, contract) VALUES (38, 2, 'STASIS EURS Token', 'EURS', 12206973, 412);
INSERT INTO public.eth_tokens (id, decimals, name, symbol, updated_block, contract) VALUES (39, 18, 'Wrapped UST Token', 'UST', 12206973, 413);
INSERT INTO public.eth_tokens (id, decimals, name, symbol, updated_block, contract) VALUES (40, 18, 'Wrapped Mirror AAPL Token', 'mAAPL', 12206973, 414);
INSERT INTO public.eth_tokens (id, decimals, name, symbol, updated_block, contract) VALUES (41, 18, 'Wrapped Mirror AMZN Token', 'mAMZN', 12206973, 415);
INSERT INTO public.eth_tokens (id, decimals, name, symbol, updated_block, contract) VALUES (42, 18, 'Wrapped Mirror GOOGL Token', 'mGOOGL', 12206973, 416);
INSERT INTO public.eth_tokens (id, decimals, name, symbol, updated_block, contract) VALUES (43, 18, 'Wrapped Mirror TSLA Token', 'mTSLA', 12206973, 417);
INSERT INTO public.eth_tokens (id, decimals, name, symbol, updated_block, contract) VALUES (44, 2, 'Gemini dollar', 'GUSD', 12206973, 418);
INSERT INTO public.eth_tokens (id, decimals, name, symbol, updated_block, contract) VALUES (45, 18, 'Curve.fi yDAI/yUSDC/yUSDT/yTUSD', 'yDAI+yUSDC+yUSDT+yTUSD', 12206973, 112);
INSERT INTO public.eth_tokens (id, decimals, name, symbol, updated_block, contract) VALUES (46, 18, 'Curve.fi DAI/USDC/USDT', '3Crv', 12206973, 175);
INSERT INTO public.eth_tokens (id, decimals, name, symbol, updated_block, contract) VALUES (47, 18, 'Curve.fi cDAI/cUSDC', 'cDAI+cUSDC', 12206973, 186);
INSERT INTO public.eth_tokens (id, decimals, name, symbol, updated_block, contract) VALUES (48, 18, 'Curve.fi yDAI/yUSDC/yUSDT/yBUSD', 'yDAI+yUSDC+yUSDT+yBUSD', 12206973, 189);
INSERT INTO public.eth_tokens (id, decimals, name, symbol, updated_block, contract) VALUES (49, 18, 'Curve.fi USDN/3Crv', 'usdn3CRV', 12206973, 192);
INSERT INTO public.eth_tokens (id, decimals, name, symbol, updated_block, contract) VALUES (50, 8, 'HUSD', 'HUSD', 12206973, 419);
INSERT INTO public.eth_tokens (id, decimals, name, symbol, updated_block, contract) VALUES (51, 18, 'Curve.fi UST/3Crv', 'ust3CRV', 12206973, 257);
INSERT INTO public.eth_tokens (id, decimals, name, symbol, updated_block, contract) VALUES (52, 18, 'Curve.fi GUSD/3Crv', 'gusd3CRV', 12206973, 275);
INSERT INTO public.eth_tokens (id, decimals, name, symbol, updated_block, contract) VALUES (53, 18, 'Curve.fi EURS/sEUR', 'eursCRV', 12206973, 254);
INSERT INTO public.eth_tokens (id, decimals, name, symbol, updated_block, contract) VALUES (54, 18, 'Curve.fi oBTC/sbtcCRV', 'oBTC/sbtcCRV', 12206973, 228);
INSERT INTO public.eth_tokens (id, decimals, name, symbol, updated_block, contract) VALUES (55, 18, 'Curve.fi ETH/stETH', 'steCRV', 12206973, 272);
INSERT INTO public.eth_tokens (id, decimals, name, symbol, updated_block, contract) VALUES (56, 18, 'Curve.fi aDAI/aUSDC/aUSDT', 'a3CRV', 12206973, 278);
INSERT INTO public.eth_tokens (id, decimals, name, symbol, updated_block, contract) VALUES (57, 18, 'SushiToken', 'SUSHI', 12206973, 308);
INSERT INTO public.eth_tokens (id, decimals, name, symbol, updated_block, contract) VALUES (58, 18, 'Huobi BTC', 'HBTC', 12206973, 420);
INSERT INTO public.eth_tokens (id, decimals, name, symbol, updated_block, contract) VALUES (59, 18, 'Synth sBTC', 'sBTC', 12206973, 421);
INSERT INTO public.eth_tokens (id, decimals, name, symbol, updated_block, contract) VALUES (60, 8, 'renBTC', 'renBTC', 12206973, 130);
INSERT INTO public.eth_tokens (id, decimals, name, symbol, updated_block, contract) VALUES (61, 18, 'BASv2', 'BASv2', 12206973, 422);
INSERT INTO public.eth_tokens (id, decimals, name, symbol, updated_block, contract) VALUES (62, 18, 'KBTC', 'KBTC', 12206973, 423);
INSERT INTO public.eth_tokens (id, decimals, name, symbol, updated_block, contract) VALUES (63, 18, 'KLON', 'KLON', 12206973, 424);
INSERT INTO public.eth_tokens (id, decimals, name, symbol, updated_block, contract) VALUES (64, 18, 'Wrapped Mirror NFLX Token', 'mNFLX', 12206973, 425);
INSERT INTO public.eth_tokens (id, decimals, name, symbol, updated_block, contract) VALUES (65, 18, 'Wrapped Mirror TWTR Token', 'mTWTR', 12206973, 426);
INSERT INTO public.eth_tokens (id, decimals, name, symbol, updated_block, contract) VALUES (66, 18, 'Curve.fi LINK/sLINK', 'linkCRV', 12206973, 305);
INSERT INTO public.eth_tokens (id, decimals, name, symbol, updated_block, contract) VALUES (67, 18, 'Muse', 'MUSE', 12206973, 427);
INSERT INTO public.eth_tokens (id, decimals, name, symbol, updated_block, contract) VALUES (68, 18, 'Nifty Dudes', 'DUDES20', 12206973, 428);
INSERT INTO public.eth_tokens (id, decimals, name, symbol, updated_block, contract) VALUES (69, 18, 'Hashmasks', 'MASK20', 12206973, 429);
INSERT INTO public.eth_tokens (id, decimals, name, symbol, updated_block, contract) VALUES (70, 18, 'ROPE', 'ROPE20', 12206973, 430);
INSERT INTO public.eth_tokens (id, decimals, name, symbol, updated_block, contract) VALUES (71, 18, 'ChainLink Token', 'LINK', 12206973, 431);
INSERT INTO public.eth_tokens (id, decimals, name, symbol, updated_block, contract) VALUES (72, 18, 'Curve.fi renBTC/wBTC', 'crvRenWBTC', 12206973, 133);

INSERT INTO public.eth_uni_pairs (id, decimals, type, updated_block, contract, key_token, token0_id, token1_id) VALUES (16, 18, 0, 6420428, 62, null, 100, 35);
INSERT INTO public.eth_uni_pairs (id, decimals, type, updated_block, contract, key_token, token0_id, token1_id) VALUES (17, 18, 0, 6420428, 41, null, 35, 47);
INSERT INTO public.eth_uni_pairs (id, decimals, type, updated_block, contract, key_token, token0_id, token1_id) VALUES (1, 18, 0, 6420428, 5, 8, 35, 59);
INSERT INTO public.eth_uni_pairs (id, decimals, type, updated_block, contract, key_token, token0_id, token1_id) VALUES (2, 18, 0, 6420428, 11, 2, 32, 35);
INSERT INTO public.eth_uni_pairs (id, decimals, type, updated_block, contract, key_token, token0_id, token1_id) VALUES (3, 18, 0, 6420428, 14, 3, 56, 35);
INSERT INTO public.eth_uni_pairs (id, decimals, type, updated_block, contract, key_token, token0_id, token1_id) VALUES (4, 18, 0, 6420428, 17, 4, 35, 23);
INSERT INTO public.eth_uni_pairs (id, decimals, type, updated_block, contract, key_token, token0_id, token1_id) VALUES (5, 18, 0, 6420428, 20, 5, 8, 35);
INSERT INTO public.eth_uni_pairs (id, decimals, type, updated_block, contract, key_token, token0_id, token1_id) VALUES (6, 18, 0, 6420428, 104, 6, 26, 59);
INSERT INTO public.eth_uni_pairs (id, decimals, type, updated_block, contract, key_token, token0_id, token1_id) VALUES (7, 18, 0, 6420428, 105, 7, 32, 29);
INSERT INTO public.eth_uni_pairs (id, decimals, type, updated_block, contract, key_token, token0_id, token1_id) VALUES (8, 18, 0, 6420428, 106, 9, 38, 35);
INSERT INTO public.eth_uni_pairs (id, decimals, type, updated_block, contract, key_token, token0_id, token1_id) VALUES (9, 18, 0, 6420428, 44, 10, 59, 47);
INSERT INTO public.eth_uni_pairs (id, decimals, type, updated_block, contract, key_token, token0_id, token1_id) VALUES (10, 18, 0, 6420428, 107, 11, 50, 59);
INSERT INTO public.eth_uni_pairs (id, decimals, type, updated_block, contract, key_token, token0_id, token1_id) VALUES (11, 18, 0, 6420428, 108, 12, 53, 59);
INSERT INTO public.eth_uni_pairs (id, decimals, type, updated_block, contract, key_token, token0_id, token1_id) VALUES (12, 18, 0, 6420428, 65, 13, 100, 59);
INSERT INTO public.eth_uni_pairs (id, decimals, type, updated_block, contract, key_token, token0_id, token1_id) VALUES (13, 18, 0, 6420428, 68, 14, 101, 59);
INSERT INTO public.eth_uni_pairs (id, decimals, type, updated_block, contract, key_token, token0_id, token1_id) VALUES (14, 18, 3, 6420428, 71, 15, 109, 102);
INSERT INTO public.eth_uni_pairs (id, decimals, type, updated_block, contract, key_token, token0_id, token1_id) VALUES (15, 18, 3, 6420428, 74, 16, 102, 103);
INSERT INTO public.eth_uni_pairs (id, decimals, type, updated_block, contract, key_token, token0_id, token1_id) VALUES (23, 18, 1, 12206973, 432, null, 127, 118);
INSERT INTO public.eth_uni_pairs (id, decimals, type, updated_block, contract, key_token, token0_id, token1_id) VALUES (27, 18, 1, 12206973, 434, null, 404, 118);
INSERT INTO public.eth_uni_pairs (id, decimals, type, updated_block, contract, key_token, token0_id, token1_id) VALUES (30, 18, 2, 12206973, 195, null, 124, 115);
INSERT INTO public.eth_uni_pairs (id, decimals, type, updated_block, contract, key_token, token0_id, token1_id) VALUES (31, 18, 2, 12206973, 198, null, 118, 115);
INSERT INTO public.eth_uni_pairs (id, decimals, type, updated_block, contract, key_token, token0_id, token1_id) VALUES (32, 18, 2, 12206973, 201, null, 115, 121);
INSERT INTO public.eth_uni_pairs (id, decimals, type, updated_block, contract, key_token, token0_id, token1_id) VALUES (33, 18, 2, 12206973, 204, null, 127, 115);
INSERT INTO public.eth_uni_pairs (id, decimals, type, updated_block, contract, key_token, token0_id, token1_id) VALUES (39, 18, 3, 12206973, 437, null, 109, 124);
INSERT INTO public.eth_uni_pairs (id, decimals, type, updated_block, contract, key_token, token0_id, token1_id) VALUES (40, 18, 3, 12206973, 438, null, 109, 118);
INSERT INTO public.eth_uni_pairs (id, decimals, type, updated_block, contract, key_token, token0_id, token1_id) VALUES (41, 18, 3, 12206973, 439, null, 109, 121);
INSERT INTO public.eth_uni_pairs (id, decimals, type, updated_block, contract, key_token, token0_id, token1_id) VALUES (42, 18, 3, 12206973, 440, null, 109, 127);
INSERT INTO public.eth_uni_pairs (id, decimals, type, updated_block, contract, key_token, token0_id, token1_id) VALUES (18, 18, 1, 12206973, 136, 23, 124, 115);
INSERT INTO public.eth_uni_pairs (id, decimals, type, updated_block, contract, key_token, token0_id, token1_id) VALUES (19, 18, 1, 12206973, 139, 21, 118, 115);
INSERT INTO public.eth_uni_pairs (id, decimals, type, updated_block, contract, key_token, token0_id, token1_id) VALUES (20, 18, 1, 12206973, 142, 25, 115, 121);
INSERT INTO public.eth_uni_pairs (id, decimals, type, updated_block, contract, key_token, token0_id, token1_id) VALUES (21, 18, 1, 12206973, 145, 22, 127, 115);
INSERT INTO public.eth_uni_pairs (id, decimals, type, updated_block, contract, key_token, token0_id, token1_id) VALUES (22, 18, 2, 12206973, 170, 24, 127, 403);
INSERT INTO public.eth_uni_pairs (id, decimals, type, updated_block, contract, key_token, token0_id, token1_id) VALUES (24, 18, 1, 12206973, 357, 18, 284, 118);
INSERT INTO public.eth_uni_pairs (id, decimals, type, updated_block, contract, key_token, token0_id, token1_id) VALUES (25, 18, 1, 12206973, 359, 18, 284, 115);
INSERT INTO public.eth_uni_pairs (id, decimals, type, updated_block, contract, key_token, token0_id, token1_id) VALUES (26, 18, 1, 12206973, 433, 26, 404, 115);
INSERT INTO public.eth_uni_pairs (id, decimals, type, updated_block, contract, key_token, token0_id, token1_id) VALUES (28, 18, 1, 12206973, 207, 27, 405, 115);
INSERT INTO public.eth_uni_pairs (id, decimals, type, updated_block, contract, key_token, token0_id, token1_id) VALUES (29, 18, 1, 12206973, 435, 19, 127, 402);
INSERT INTO public.eth_uni_pairs (id, decimals, type, updated_block, contract, key_token, token0_id, token1_id) VALUES (34, 18, 1, 12206973, 361, 28, 406, 284);
INSERT INTO public.eth_uni_pairs (id, decimals, type, updated_block, contract, key_token, token0_id, token1_id) VALUES (35, 18, 1, 12206973, 216, 30, 245, 124);
INSERT INTO public.eth_uni_pairs (id, decimals, type, updated_block, contract, key_token, token0_id, token1_id) VALUES (36, 18, 1, 12206973, 436, 31, 124, 407);
INSERT INTO public.eth_uni_pairs (id, decimals, type, updated_block, contract, key_token, token0_id, token1_id) VALUES (37, 18, 2, 12206973, 222, 32, 408, 121);
INSERT INTO public.eth_uni_pairs (id, decimals, type, updated_block, contract, key_token, token0_id, token1_id) VALUES (38, 18, 2, 12206973, 225, 33, 409, 121);
INSERT INTO public.eth_uni_pairs (id, decimals, type, updated_block, contract, key_token, token0_id, token1_id) VALUES (43, 18, 1, 12206973, 239, 34, 124, 410);
INSERT INTO public.eth_uni_pairs (id, decimals, type, updated_block, contract, key_token, token0_id, token1_id) VALUES (44, 18, 1, 12206973, 242, 35, 124, 411);
INSERT INTO public.eth_uni_pairs (id, decimals, type, updated_block, contract, key_token, token0_id, token1_id) VALUES (45, 18, 1, 12206973, 441, 36, 248, 118);
INSERT INTO public.eth_uni_pairs (id, decimals, type, updated_block, contract, key_token, token0_id, token1_id) VALUES (46, 18, 1, 12206973, 442, 37, 118, 251);
INSERT INTO public.eth_uni_pairs (id, decimals, type, updated_block, contract, key_token, token0_id, token1_id) VALUES (47, 18, 1, 12206973, 260, 40, 413, 414);
INSERT INTO public.eth_uni_pairs (id, decimals, type, updated_block, contract, key_token, token0_id, token1_id) VALUES (48, 18, 1, 12206973, 263, 41, 415, 413);
INSERT INTO public.eth_uni_pairs (id, decimals, type, updated_block, contract, key_token, token0_id, token1_id) VALUES (49, 18, 1, 12206973, 266, 42, 416, 413);
INSERT INTO public.eth_uni_pairs (id, decimals, type, updated_block, contract, key_token, token0_id, token1_id) VALUES (50, 18, 1, 12206973, 269, 43, 417, 413);
INSERT INTO public.eth_uni_pairs (id, decimals, type, updated_block, contract, key_token, token0_id, token1_id) VALUES (51, 18, 1, 12206973, 443, 38, 118, 412);
INSERT INTO public.eth_uni_pairs (id, decimals, type, updated_block, contract, key_token, token0_id, token1_id) VALUES (52, 18, 2, 12206973, 281, 57, 308, 115);
INSERT INTO public.eth_uni_pairs (id, decimals, type, updated_block, contract, key_token, token0_id, token1_id) VALUES (53, 18, 1, 12206973, 444, 58, 420, 115);
INSERT INTO public.eth_uni_pairs (id, decimals, type, updated_block, contract, key_token, token0_id, token1_id) VALUES (54, 18, 1, 12206973, 445, 60, 115, 130);
INSERT INTO public.eth_uni_pairs (id, decimals, type, updated_block, contract, key_token, token0_id, token1_id) VALUES (55, 18, 1, 12206973, 446, 29, 178, 115);
INSERT INTO public.eth_uni_pairs (id, decimals, type, updated_block, contract, key_token, token0_id, token1_id) VALUES (56, 18, 1, 12206973, 447, 39, 413, 121);
INSERT INTO public.eth_uni_pairs (id, decimals, type, updated_block, contract, key_token, token0_id, token1_id) VALUES (57, 18, 1, 12206973, 448, 44, 418, 115);
INSERT INTO public.eth_uni_pairs (id, decimals, type, updated_block, contract, key_token, token0_id, token1_id) VALUES (58, 18, 1, 12206973, 449, 50, 121, 419);
INSERT INTO public.eth_uni_pairs (id, decimals, type, updated_block, contract, key_token, token0_id, token1_id) VALUES (59, 18, 1, 12206973, 219, 61, 422, 124);
INSERT INTO public.eth_uni_pairs (id, decimals, type, updated_block, contract, key_token, token0_id, token1_id) VALUES (60, 18, 3, 12206973, 287, 15, 109, 102);
INSERT INTO public.eth_uni_pairs (id, decimals, type, updated_block, contract, key_token, token0_id, token1_id) VALUES (61, 18, 1, 12206973, 450, 15, 102, 115);
INSERT INTO public.eth_uni_pairs (id, decimals, type, updated_block, contract, key_token, token0_id, token1_id) VALUES (62, 18, 1, 12206973, 293, 62, 127, 423);
INSERT INTO public.eth_uni_pairs (id, decimals, type, updated_block, contract, key_token, token0_id, token1_id) VALUES (63, 18, 1, 12206973, 451, 63, 127, 424);
INSERT INTO public.eth_uni_pairs (id, decimals, type, updated_block, contract, key_token, token0_id, token1_id) VALUES (64, 18, 2, 12206973, 302, 39, 413, 115);
INSERT INTO public.eth_uni_pairs (id, decimals, type, updated_block, contract, key_token, token0_id, token1_id) VALUES (65, 18, 1, 12206973, 296, 64, 413, 425);
INSERT INTO public.eth_uni_pairs (id, decimals, type, updated_block, contract, key_token, token0_id, token1_id) VALUES (66, 18, 1, 12206973, 299, 65, 413, 426);
INSERT INTO public.eth_uni_pairs (id, decimals, type, updated_block, contract, key_token, token0_id, token1_id) VALUES (67, 18, 1, 12206973, 319, 67, 427, 115);
INSERT INTO public.eth_uni_pairs (id, decimals, type, updated_block, contract, key_token, token0_id, token1_id) VALUES (68, 18, 1, 12206973, 322, 68, 428, 115);
INSERT INTO public.eth_uni_pairs (id, decimals, type, updated_block, contract, key_token, token0_id, token1_id) VALUES (69, 18, 1, 12206973, 325, 69, 115, 429);
INSERT INTO public.eth_uni_pairs (id, decimals, type, updated_block, contract, key_token, token0_id, token1_id) VALUES (70, 18, 1, 12206973, 328, 70, 430, 115);
INSERT INTO public.eth_uni_pairs (id, decimals, type, updated_block, contract, key_token, token0_id, token1_id) VALUES (71, 18, 1, 12206973, 452, 71, 431, 115);

INSERT INTO public.eth_vaults (id, decimals, name, symbol, underlying_unit, updated_block, contract, controller_id, governance_id, strategy_id, underlying_id) VALUES (1, 18, 'bFARM_Cake-LP', 'bfCake-LP', 1000000000000000000, 6420428, 1, 2, 3, 4, 5);
INSERT INTO public.eth_vaults (id, decimals, name, symbol, underlying_unit, updated_block, contract, controller_id, governance_id, strategy_id, underlying_id) VALUES (2, 18, 'bFARM_Cake', 'bfCake', 1000000000000000000, 6420428, 6, 2, 3, 7, 8);
INSERT INTO public.eth_vaults (id, decimals, name, symbol, underlying_unit, updated_block, contract, controller_id, governance_id, strategy_id, underlying_id) VALUES (3, 18, 'bFARM_Cake-LP', 'bfCake-LP', 1000000000000000000, 6420428, 9, 2, 3, 10, 11);
INSERT INTO public.eth_vaults (id, decimals, name, symbol, underlying_unit, updated_block, contract, controller_id, governance_id, strategy_id, underlying_id) VALUES (4, 18, 'bFARM_Cake-LP', 'bfCake-LP', 1000000000000000000, 6420428, 12, 2, 3, 13, 14);
INSERT INTO public.eth_vaults (id, decimals, name, symbol, underlying_unit, updated_block, contract, controller_id, governance_id, strategy_id, underlying_id) VALUES (5, 18, 'bFARM_Cake-LP', 'bfCake-LP', 1000000000000000000, 6420428, 15, 2, 3, 16, 17);
INSERT INTO public.eth_vaults (id, decimals, name, symbol, underlying_unit, updated_block, contract, controller_id, governance_id, strategy_id, underlying_id) VALUES (6, 18, 'bFARM_Cake-LP', 'bfCake-LP', 1000000000000000000, 6420428, 18, 2, 3, 19, 20);
INSERT INTO public.eth_vaults (id, decimals, name, symbol, underlying_unit, updated_block, contract, controller_id, governance_id, strategy_id, underlying_id) VALUES (7, 18, 'bFARM_XVS', 'bfXVS', 1000000000000000000, 6420428, 21, 2, 3, 22, 23);
INSERT INTO public.eth_vaults (id, decimals, name, symbol, underlying_unit, updated_block, contract, controller_id, governance_id, strategy_id, underlying_id) VALUES (8, 18, 'bFARM_VAI', 'bfVAI', 1000000000000000000, 6420428, 24, 2, 3, 25, 26);
INSERT INTO public.eth_vaults (id, decimals, name, symbol, underlying_unit, updated_block, contract, controller_id, governance_id, strategy_id, underlying_id) VALUES (9, 18, 'bFARM_BETH', 'bfBETH', 1000000000000000000, 6420428, 27, 2, 3, 28, 29);
INSERT INTO public.eth_vaults (id, decimals, name, symbol, underlying_unit, updated_block, contract, controller_id, governance_id, strategy_id, underlying_id) VALUES (10, 18, 'bFARM_ETH', 'bfETH', 1000000000000000000, 6420428, 30, 2, 3, 31, 32);
INSERT INTO public.eth_vaults (id, decimals, name, symbol, underlying_unit, updated_block, contract, controller_id, governance_id, strategy_id, underlying_id) VALUES (11, 18, 'bFARM_WBNB', 'bfWBNB', 1000000000000000000, 6420428, 33, 2, 3, 34, 35);
INSERT INTO public.eth_vaults (id, decimals, name, symbol, underlying_unit, updated_block, contract, controller_id, governance_id, strategy_id, underlying_id) VALUES (12, 18, 'bFARM_BTCB', 'bfBTCB', 1000000000000000000, 6420428, 36, 2, 3, 37, 38);
INSERT INTO public.eth_vaults (id, decimals, name, symbol, underlying_unit, updated_block, contract, controller_id, governance_id, strategy_id, underlying_id) VALUES (13, 18, 'bFARM_Cake-LP', 'bfCake-LP', 1000000000000000000, 6420428, 39, 2, 3, 40, 41);
INSERT INTO public.eth_vaults (id, decimals, name, symbol, underlying_unit, updated_block, contract, controller_id, governance_id, strategy_id, underlying_id) VALUES (14, 18, 'bFARM_Cake-LP', 'bfCake-LP', 1000000000000000000, 6420428, 42, 2, 3, 43, 44);
INSERT INTO public.eth_vaults (id, decimals, name, symbol, underlying_unit, updated_block, contract, controller_id, governance_id, strategy_id, underlying_id) VALUES (15, 18, 'bFARM_EGG', 'bfEGG', 1000000000000000000, 6420428, 45, 2, 3, 46, 47);
INSERT INTO public.eth_vaults (id, decimals, name, symbol, underlying_unit, updated_block, contract, controller_id, governance_id, strategy_id, underlying_id) VALUES (16, 18, 'bFARM_DAI', 'bfDAI', 1000000000000000000, 6420428, 48, 2, 3, 49, 50);
INSERT INTO public.eth_vaults (id, decimals, name, symbol, underlying_unit, updated_block, contract, controller_id, governance_id, strategy_id, underlying_id) VALUES (17, 18, 'bFARM_USDC', 'bfUSDC', 1000000000000000000, 6420428, 51, 2, 3, 52, 53);
INSERT INTO public.eth_vaults (id, decimals, name, symbol, underlying_unit, updated_block, contract, controller_id, governance_id, strategy_id, underlying_id) VALUES (18, 18, 'bFARM_USDT', 'bfUSDT', 1000000000000000000, 6420428, 54, 2, 3, 55, 56);
INSERT INTO public.eth_vaults (id, decimals, name, symbol, underlying_unit, updated_block, contract, controller_id, governance_id, strategy_id, underlying_id) VALUES (19, 18, 'bFARM_BUSD', 'bfBUSD', 1000000000000000000, 6420428, 57, 2, 3, 58, 59);
INSERT INTO public.eth_vaults (id, decimals, name, symbol, underlying_unit, updated_block, contract, controller_id, governance_id, strategy_id, underlying_id) VALUES (20, 18, 'bFARM_Cake-LP', 'bfCake-LP', 1000000000000000000, 6420428, 60, 2, 3, 61, 62);
INSERT INTO public.eth_vaults (id, decimals, name, symbol, underlying_unit, updated_block, contract, controller_id, governance_id, strategy_id, underlying_id) VALUES (21, 18, 'bFARM_Cake-LP', 'bfCake-LP', 1000000000000000000, 6420428, 63, 2, 3, 64, 65);
INSERT INTO public.eth_vaults (id, decimals, name, symbol, underlying_unit, updated_block, contract, controller_id, governance_id, strategy_id, underlying_id) VALUES (22, 18, 'bFARM_Cake-LP', 'bfCake-LP', 1000000000000000000, 6420428, 66, 2, 3, 67, 68);
INSERT INTO public.eth_vaults (id, decimals, name, symbol, underlying_unit, updated_block, contract, controller_id, governance_id, strategy_id, underlying_id) VALUES (23, 18, 'bFARM_1LP-ETH-1INCH', 'bf1LP-ETH-1INCH', 1000000000000000000, 6420428, 69, 2, 3, 70, 71);
INSERT INTO public.eth_vaults (id, decimals, name, symbol, underlying_unit, updated_block, contract, controller_id, governance_id, strategy_id, underlying_id) VALUES (24, 18, 'bFARM_1LP-1INCH-renBTC', 'bf1LP-1INCH-renBTC', 1000000000000000000, 6420428, 72, 2, 3, 73, 74);
INSERT INTO public.eth_vaults (id, decimals, name, symbol, underlying_unit, updated_block, contract, controller_id, governance_id, strategy_id, underlying_id) VALUES (25, 18, 'FARM_yDAI+yUSDC+yUSDT+yTUSD', 'fyDAI+yUSDC+yUSDT+yTUSD', 1000000000000000000, 12206973, 110, 2, 3, 111, 112);
INSERT INTO public.eth_vaults (id, decimals, name, symbol, underlying_unit, updated_block, contract, controller_id, governance_id, strategy_id, underlying_id) VALUES (26, 18, 'FARM_WETH', 'fWETH', 1000000000000000000, 12206973, 113, 2, 3, 114, 115);
INSERT INTO public.eth_vaults (id, decimals, name, symbol, underlying_unit, updated_block, contract, controller_id, governance_id, strategy_id, underlying_id) VALUES (27, 6, 'FARM_USDC', 'fUSDC', 1000000, 12206973, 116, 2, 3, 117, 118);
INSERT INTO public.eth_vaults (id, decimals, name, symbol, underlying_unit, updated_block, contract, controller_id, governance_id, strategy_id, underlying_id) VALUES (28, 6, 'FARM_USDT', 'fUSDT', 1000000, 12206973, 119, 2, 3, 120, 121);
INSERT INTO public.eth_vaults (id, decimals, name, symbol, underlying_unit, updated_block, contract, controller_id, governance_id, strategy_id, underlying_id) VALUES (29, 18, 'FARM_DAI', 'fDAI', 1000000000000000000, 12206973, 122, 2, 3, 123, 124);
INSERT INTO public.eth_vaults (id, decimals, name, symbol, underlying_unit, updated_block, contract, controller_id, governance_id, strategy_id, underlying_id) VALUES (30, 8, 'FARM_WBTC', 'fWBTC', 100000000, 12206973, 125, 2, 3, 126, 127);
INSERT INTO public.eth_vaults (id, decimals, name, symbol, underlying_unit, updated_block, contract, controller_id, governance_id, strategy_id, underlying_id) VALUES (31, 8, 'FARM_renBTC', 'frenBTC', 100000000, 12206973, 128, 2, 3, 129, 130);
INSERT INTO public.eth_vaults (id, decimals, name, symbol, underlying_unit, updated_block, contract, controller_id, governance_id, strategy_id, underlying_id) VALUES (32, 18, 'FARM_crvRenWBTC', 'fcrvRenWBTC', 1000000000000000000, 12206973, 131, 2, 3, 132, 133);
INSERT INTO public.eth_vaults (id, decimals, name, symbol, underlying_unit, updated_block, contract, controller_id, governance_id, strategy_id, underlying_id) VALUES (33, 18, 'FARM_UNI-V2', 'fUNI-V2', 1000000000000000000, 12206973, 134, 2, 3, 135, 136);
INSERT INTO public.eth_vaults (id, decimals, name, symbol, underlying_unit, updated_block, contract, controller_id, governance_id, strategy_id, underlying_id) VALUES (34, 18, 'FARM_UNI-V2', 'fUNI-V2', 1000000000000000000, 12206973, 137, 2, 3, 138, 139);
INSERT INTO public.eth_vaults (id, decimals, name, symbol, underlying_unit, updated_block, contract, controller_id, governance_id, strategy_id, underlying_id) VALUES (35, 18, 'FARM_UNI-V2', 'fUNI-V2', 1000000000000000000, 12206973, 140, 2, 3, 141, 142);
INSERT INTO public.eth_vaults (id, decimals, name, symbol, underlying_unit, updated_block, contract, controller_id, governance_id, strategy_id, underlying_id) VALUES (36, 18, 'FARM_UNI-V2', 'fUNI-V2', 1000000000000000000, 12206973, 143, 2, 3, 144, 145);
INSERT INTO public.eth_vaults (id, decimals, name, symbol, underlying_unit, updated_block, contract, controller_id, governance_id, strategy_id, underlying_id) VALUES (37, 18, 'FARM_UNI-V2', 'fUNI-V2', 1000000000000000000, 12206973, 146, 2, 3, 147, 136);
INSERT INTO public.eth_vaults (id, decimals, name, symbol, underlying_unit, updated_block, contract, controller_id, governance_id, strategy_id, underlying_id) VALUES (38, 18, 'FARM_UNI-V2', 'fUNI-V2', 1000000000000000000, 12206973, 148, 2, 3, 149, 139);
INSERT INTO public.eth_vaults (id, decimals, name, symbol, underlying_unit, updated_block, contract, controller_id, governance_id, strategy_id, underlying_id) VALUES (39, 18, 'FARM_UNI-V2', 'fUNI-V2', 1000000000000000000, 12206973, 150, 2, 3, 151, 142);
INSERT INTO public.eth_vaults (id, decimals, name, symbol, underlying_unit, updated_block, contract, controller_id, governance_id, strategy_id, underlying_id) VALUES (40, 18, 'FARM_UNI-V2', 'fUNI-V2', 1000000000000000000, 12206973, 152, 2, 3, 153, 145);
INSERT INTO public.eth_vaults (id, decimals, name, symbol, underlying_unit, updated_block, contract, controller_id, governance_id, strategy_id, underlying_id) VALUES (41, 18, 'FARM_WETH', 'fWETH', 1000000000000000000, 12206973, 154, 2, 3, 155, 115);
INSERT INTO public.eth_vaults (id, decimals, name, symbol, underlying_unit, updated_block, contract, controller_id, governance_id, strategy_id, underlying_id) VALUES (42, 6, 'FARM_USDC', 'fUSDC', 1000000, 12206973, 156, 2, 3, 157, 118);
INSERT INTO public.eth_vaults (id, decimals, name, symbol, underlying_unit, updated_block, contract, controller_id, governance_id, strategy_id, underlying_id) VALUES (43, 6, 'FARM_USDT', 'fUSDT', 1000000, 12206973, 158, 2, 3, 159, 121);
INSERT INTO public.eth_vaults (id, decimals, name, symbol, underlying_unit, updated_block, contract, controller_id, governance_id, strategy_id, underlying_id) VALUES (44, 18, 'FARM_DAI', 'fDAI', 1000000000000000000, 12206973, 160, 2, 3, 161, 124);
INSERT INTO public.eth_vaults (id, decimals, name, symbol, underlying_unit, updated_block, contract, controller_id, governance_id, strategy_id, underlying_id) VALUES (45, 8, 'FARM_WBTC', 'fWBTC', 100000000, 12206973, 162, 2, 3, 163, 127);
INSERT INTO public.eth_vaults (id, decimals, name, symbol, underlying_unit, updated_block, contract, controller_id, governance_id, strategy_id, underlying_id) VALUES (46, 8, 'FARM_renBTC', 'frenBTC', 100000000, 12206973, 164, 2, 3, 165, 130);
INSERT INTO public.eth_vaults (id, decimals, name, symbol, underlying_unit, updated_block, contract, controller_id, governance_id, strategy_id, underlying_id) VALUES (47, 18, 'FARM_crvRenWBTC', 'fcrvRenWBTC', 1000000000000000000, 12206973, 166, 2, 3, 167, 133);
INSERT INTO public.eth_vaults (id, decimals, name, symbol, underlying_unit, updated_block, contract, controller_id, governance_id, strategy_id, underlying_id) VALUES (48, 18, 'FARM_SLP', 'fSLP', 1000000000000000000, 12206973, 168, 2, 3, 169, 170);
INSERT INTO public.eth_vaults (id, decimals, name, symbol, underlying_unit, updated_block, contract, controller_id, governance_id, strategy_id, underlying_id) VALUES (49, 18, 'FARM_yDAI+yUSDC+yUSDT+yTUSD', 'fyDAI+yUSDC+yUSDT+yTUSD', 1000000000000000000, 12206973, 171, 2, 3, 172, 112);
INSERT INTO public.eth_vaults (id, decimals, name, symbol, underlying_unit, updated_block, contract, controller_id, governance_id, strategy_id, underlying_id) VALUES (50, 18, 'FARM_3Crv', 'f3Crv', 1000000000000000000, 12206973, 173, 2, 3, 174, 175);
INSERT INTO public.eth_vaults (id, decimals, name, symbol, underlying_unit, updated_block, contract, controller_id, governance_id, strategy_id, underlying_id) VALUES (51, 18, 'FARM_TUSD', 'fTUSD', 1000000000000000000, 12206973, 176, 2, 3, 177, 178);
INSERT INTO public.eth_vaults (id, decimals, name, symbol, underlying_unit, updated_block, contract, controller_id, governance_id, strategy_id, underlying_id) VALUES (52, 18, 'FARM_tbtc/sbtcCrv', 'ftbtc/sbtcCrv', 1000000000000000000, 12206973, 179, 2, 3, 180, 181);
INSERT INTO public.eth_vaults (id, decimals, name, symbol, underlying_unit, updated_block, contract, controller_id, governance_id, strategy_id, underlying_id) VALUES (53, 18, 'PS vault', null, null, 12206973, 182, 2, 3, null, null);
INSERT INTO public.eth_vaults (id, decimals, name, symbol, underlying_unit, updated_block, contract, controller_id, governance_id, strategy_id, underlying_id) VALUES (54, 18, 'PS vault', null, null, 12206973, 183, 2, 3, null, null);
INSERT INTO public.eth_vaults (id, decimals, name, symbol, underlying_unit, updated_block, contract, controller_id, governance_id, strategy_id, underlying_id) VALUES (55, 18, 'FARM_cDAI+cUSDC', 'fcDAI+cUSDC', 1000000000000000000, 12206973, 184, 2, 3, 185, 186);
INSERT INTO public.eth_vaults (id, decimals, name, symbol, underlying_unit, updated_block, contract, controller_id, governance_id, strategy_id, underlying_id) VALUES (56, 18, 'FARM_yDAI+yUSDC+yUSDT+yBUSD', 'fyDAI+yUSDC+yUSDT+yBUSD', 1000000000000000000, 12206973, 187, 2, 3, 188, 189);
INSERT INTO public.eth_vaults (id, decimals, name, symbol, underlying_unit, updated_block, contract, controller_id, governance_id, strategy_id, underlying_id) VALUES (57, 18, 'FARM_usdn3CRV', 'fusdn3CRV', 1000000000000000000, 12206973, 190, 2, 3, 191, 192);
INSERT INTO public.eth_vaults (id, decimals, name, symbol, underlying_unit, updated_block, contract, controller_id, governance_id, strategy_id, underlying_id) VALUES (58, 18, 'FARM_SLP', 'fSLP', 1000000000000000000, 12206973, 193, 2, 3, 194, 195);
INSERT INTO public.eth_vaults (id, decimals, name, symbol, underlying_unit, updated_block, contract, controller_id, governance_id, strategy_id, underlying_id) VALUES (59, 18, 'FARM_SLP', 'fSLP', 1000000000000000000, 12206973, 196, 2, 3, 197, 198);
INSERT INTO public.eth_vaults (id, decimals, name, symbol, underlying_unit, updated_block, contract, controller_id, governance_id, strategy_id, underlying_id) VALUES (60, 18, 'FARM_SLP', 'fSLP', 1000000000000000000, 12206973, 199, 2, 3, 200, 201);
INSERT INTO public.eth_vaults (id, decimals, name, symbol, underlying_unit, updated_block, contract, controller_id, governance_id, strategy_id, underlying_id) VALUES (61, 18, 'FARM_SLP', 'fSLP', 1000000000000000000, 12206973, 202, 2, 3, 203, 204);
INSERT INTO public.eth_vaults (id, decimals, name, symbol, underlying_unit, updated_block, contract, controller_id, governance_id, strategy_id, underlying_id) VALUES (62, 18, 'FARM_UNI-V2', 'fUNI-V2', 1000000000000000000, 12206973, 205, 2, 3, 206, 207);
INSERT INTO public.eth_vaults (id, decimals, name, symbol, underlying_unit, updated_block, contract, controller_id, governance_id, strategy_id, underlying_id) VALUES (63, 18, 'FARM_husd3CRV', 'fhusd3CRV', 1000000000000000000, 12206973, 208, 2, 3, 209, 210);
INSERT INTO public.eth_vaults (id, decimals, name, symbol, underlying_unit, updated_block, contract, controller_id, governance_id, strategy_id, underlying_id) VALUES (64, 18, 'FARM_hCRV', 'fhCRV', 1000000000000000000, 12206973, 211, 2, 3, 212, 213);
INSERT INTO public.eth_vaults (id, decimals, name, symbol, underlying_unit, updated_block, contract, controller_id, governance_id, strategy_id, underlying_id) VALUES (65, 18, 'FARM_UNI-V2', 'fUNI-V2', 1000000000000000000, 12206973, 214, 2, 3, 215, 216);
INSERT INTO public.eth_vaults (id, decimals, name, symbol, underlying_unit, updated_block, contract, controller_id, governance_id, strategy_id, underlying_id) VALUES (66, 18, 'FARM_UNI-V2', 'fUNI-V2', 1000000000000000000, 12206973, 217, 2, 3, 218, 219);
INSERT INTO public.eth_vaults (id, decimals, name, symbol, underlying_unit, updated_block, contract, controller_id, governance_id, strategy_id, underlying_id) VALUES (67, 18, 'FARM_SLP', 'fSLP', 1000000000000000000, 12206973, 220, 2, 3, 221, 222);
INSERT INTO public.eth_vaults (id, decimals, name, symbol, underlying_unit, updated_block, contract, controller_id, governance_id, strategy_id, underlying_id) VALUES (68, 18, 'FARM_SLP', 'fSLP', 1000000000000000000, 12206973, 223, 2, 3, 224, 225);
INSERT INTO public.eth_vaults (id, decimals, name, symbol, underlying_unit, updated_block, contract, controller_id, governance_id, strategy_id, underlying_id) VALUES (69, 18, 'FARM_oBTC/sbtcCRV', 'foBTC/sbtcCRV', 1000000000000000000, 12206973, 226, 2, 3, 227, 228);
INSERT INTO public.eth_vaults (id, decimals, name, symbol, underlying_unit, updated_block, contract, controller_id, governance_id, strategy_id, underlying_id) VALUES (70, 18, 'FARM_1LP-ETH-DAI', 'f1LP-ETH-DAI', 1000000000000000000, 12206973, 229, 2, 3, 230, 195);
INSERT INTO public.eth_vaults (id, decimals, name, symbol, underlying_unit, updated_block, contract, controller_id, governance_id, strategy_id, underlying_id) VALUES (71, 18, 'FARM_1LP-ETH-USDC', 'f1LP-ETH-USDC', 1000000000000000000, 12206973, 231, 2, 3, 232, 198);
INSERT INTO public.eth_vaults (id, decimals, name, symbol, underlying_unit, updated_block, contract, controller_id, governance_id, strategy_id, underlying_id) VALUES (72, 18, 'FARM_1LP-ETH-USDT', 'f1LP-ETH-USDT', 1000000000000000000, 12206973, 233, 2, 3, 234, 201);
INSERT INTO public.eth_vaults (id, decimals, name, symbol, underlying_unit, updated_block, contract, controller_id, governance_id, strategy_id, underlying_id) VALUES (73, 18, 'FARM_1LP-ETH-WBTC', 'f1LP-ETH-WBTC', 1000000000000000000, 12206973, 235, 2, 3, 236, 204);
INSERT INTO public.eth_vaults (id, decimals, name, symbol, underlying_unit, updated_block, contract, controller_id, governance_id, strategy_id, underlying_id) VALUES (74, 18, 'FARM_UNI-V2', 'fUNI-V2', 1000000000000000000, 12206973, 237, 2, 3, 238, 239);
INSERT INTO public.eth_vaults (id, decimals, name, symbol, underlying_unit, updated_block, contract, controller_id, governance_id, strategy_id, underlying_id) VALUES (75, 18, 'FARM_UNI-V2', 'fUNI-V2', 1000000000000000000, 12206973, 240, 2, 3, 241, 242);
INSERT INTO public.eth_vaults (id, decimals, name, symbol, underlying_unit, updated_block, contract, controller_id, governance_id, strategy_id, underlying_id) VALUES (76, 18, 'FARM_BAC', 'fBAC', 1000000000000000000, 12206973, 243, 2, 3, 244, 245);
INSERT INTO public.eth_vaults (id, decimals, name, symbol, underlying_unit, updated_block, contract, controller_id, governance_id, strategy_id, underlying_id) VALUES (77, 18, 'FARM_ESD', 'fESD', 1000000000000000000, 12206973, 246, 2, 3, 247, 248);
INSERT INTO public.eth_vaults (id, decimals, name, symbol, underlying_unit, updated_block, contract, controller_id, governance_id, strategy_id, underlying_id) VALUES (78, 18, 'FARM_DSD', 'fDSD', 1000000000000000000, 12206973, 249, 2, 3, 250, 251);
INSERT INTO public.eth_vaults (id, decimals, name, symbol, underlying_unit, updated_block, contract, controller_id, governance_id, strategy_id, underlying_id) VALUES (79, 18, 'FARM_eursCRV', 'feursCRV', 1000000000000000000, 12206973, 252, 2, 3, 253, 254);
INSERT INTO public.eth_vaults (id, decimals, name, symbol, underlying_unit, updated_block, contract, controller_id, governance_id, strategy_id, underlying_id) VALUES (80, 18, 'FARM_ust3CRV', 'fust3CRV', 1000000000000000000, 12206973, 255, 2, 3, 256, 257);
INSERT INTO public.eth_vaults (id, decimals, name, symbol, underlying_unit, updated_block, contract, controller_id, governance_id, strategy_id, underlying_id) VALUES (81, 18, 'FARM_UNI-V2', 'fUNI-V2', 1000000000000000000, 12206973, 258, 2, 3, 259, 260);
INSERT INTO public.eth_vaults (id, decimals, name, symbol, underlying_unit, updated_block, contract, controller_id, governance_id, strategy_id, underlying_id) VALUES (82, 18, 'FARM_UNI-V2', 'fUNI-V2', 1000000000000000000, 12206973, 261, 2, 3, 262, 263);
INSERT INTO public.eth_vaults (id, decimals, name, symbol, underlying_unit, updated_block, contract, controller_id, governance_id, strategy_id, underlying_id) VALUES (83, 18, 'FARM_UNI-V2', 'fUNI-V2', 1000000000000000000, 12206973, 264, 2, 3, 265, 266);
INSERT INTO public.eth_vaults (id, decimals, name, symbol, underlying_unit, updated_block, contract, controller_id, governance_id, strategy_id, underlying_id) VALUES (84, 18, 'FARM_UNI-V2', 'fUNI-V2', 1000000000000000000, 12206973, 267, 2, 3, 268, 269);
INSERT INTO public.eth_vaults (id, decimals, name, symbol, underlying_unit, updated_block, contract, controller_id, governance_id, strategy_id, underlying_id) VALUES (85, 18, 'FARM_steCRV', 'fsteCRV', 1000000000000000000, 12206973, 270, 2, 3, 271, 272);
INSERT INTO public.eth_vaults (id, decimals, name, symbol, underlying_unit, updated_block, contract, controller_id, governance_id, strategy_id, underlying_id) VALUES (86, 18, 'FARM_gusd3CRV', 'fgusd3CRV', 1000000000000000000, 12206973, 273, 2, 3, 274, 275);
INSERT INTO public.eth_vaults (id, decimals, name, symbol, underlying_unit, updated_block, contract, controller_id, governance_id, strategy_id, underlying_id) VALUES (87, 18, 'FARM_a3CRV', 'fa3CRV', 1000000000000000000, 12206973, 276, 2, 3, 277, 278);
INSERT INTO public.eth_vaults (id, decimals, name, symbol, underlying_unit, updated_block, contract, controller_id, governance_id, strategy_id, underlying_id) VALUES (88, 18, 'FARM_SLP', 'fSLP', 1000000000000000000, 12206973, 279, 2, 3, 280, 281);
INSERT INTO public.eth_vaults (id, decimals, name, symbol, underlying_unit, updated_block, contract, controller_id, governance_id, strategy_id, underlying_id) VALUES (89, 18, 'iFARM', 'iFARM', 1000000000000000000, 12206973, 282, 2, 3, 283, 284);
INSERT INTO public.eth_vaults (id, decimals, name, symbol, underlying_unit, updated_block, contract, controller_id, governance_id, strategy_id, underlying_id) VALUES (90, 18, 'FARM_1LP-ETH-1INCH', 'f1LP-ETH-1INCH', 1000000000000000000, 12206973, 285, 2, 3, 286, 287);
INSERT INTO public.eth_vaults (id, decimals, name, symbol, underlying_unit, updated_block, contract, controller_id, governance_id, strategy_id, underlying_id) VALUES (91, 18, 'FARM_UNI-V2', 'fUNI-V2', 1000000000000000000, 12206973, 288, 2, 3, 289, 290);
INSERT INTO public.eth_vaults (id, decimals, name, symbol, underlying_unit, updated_block, contract, controller_id, governance_id, strategy_id, underlying_id) VALUES (92, 18, 'FARM_UNI-V2', 'fUNI-V2', 1000000000000000000, 12206973, 291, 2, 3, 292, 293);
INSERT INTO public.eth_vaults (id, decimals, name, symbol, underlying_unit, updated_block, contract, controller_id, governance_id, strategy_id, underlying_id) VALUES (93, 18, 'FARM_UNI-V2', 'fUNI-V2', 1000000000000000000, 12206973, 294, 2, 3, 295, 296);
INSERT INTO public.eth_vaults (id, decimals, name, symbol, underlying_unit, updated_block, contract, controller_id, governance_id, strategy_id, underlying_id) VALUES (94, 18, 'FARM_UNI-V2', 'fUNI-V2', 1000000000000000000, 12206973, 297, 2, 3, 298, 299);
INSERT INTO public.eth_vaults (id, decimals, name, symbol, underlying_unit, updated_block, contract, controller_id, governance_id, strategy_id, underlying_id) VALUES (95, 18, 'FARM_SLP', 'fSLP', 1000000000000000000, 12206973, 300, 2, 3, 301, 302);
INSERT INTO public.eth_vaults (id, decimals, name, symbol, underlying_unit, updated_block, contract, controller_id, governance_id, strategy_id, underlying_id) VALUES (96, 18, 'FARM_linkCRV', 'flinkCRV', 1000000000000000000, 12206973, 303, 2, 3, 304, 305);
INSERT INTO public.eth_vaults (id, decimals, name, symbol, underlying_unit, updated_block, contract, controller_id, governance_id, strategy_id, underlying_id) VALUES (97, 18, 'FARM_SUSHI', 'fSUSHI', 1000000000000000000, 12206973, 306, 2, 3, 307, 308);
INSERT INTO public.eth_vaults (id, decimals, name, symbol, underlying_unit, updated_block, contract, controller_id, governance_id, strategy_id, underlying_id) VALUES (98, 18, 'FARM_SLP', 'fSLP', 1000000000000000000, 12206973, 309, 2, 3, 310, 195);
INSERT INTO public.eth_vaults (id, decimals, name, symbol, underlying_unit, updated_block, contract, controller_id, governance_id, strategy_id, underlying_id) VALUES (99, 18, 'FARM_SLP', 'fSLP', 1000000000000000000, 12206973, 311, 2, 3, 312, 198);
INSERT INTO public.eth_vaults (id, decimals, name, symbol, underlying_unit, updated_block, contract, controller_id, governance_id, strategy_id, underlying_id) VALUES (100, 18, 'FARM_SLP', 'fSLP', 1000000000000000000, 12206973, 313, 2, 3, 314, 201);
INSERT INTO public.eth_vaults (id, decimals, name, symbol, underlying_unit, updated_block, contract, controller_id, governance_id, strategy_id, underlying_id) VALUES (101, 18, 'FARM_SLP', 'fSLP', 1000000000000000000, 12206973, 315, 2, 3, 316, 204);
INSERT INTO public.eth_vaults (id, decimals, name, symbol, underlying_unit, updated_block, contract, controller_id, governance_id, strategy_id, underlying_id) VALUES (102, 18, 'FARM_UNI-V2', 'fUNI-V2', 1000000000000000000, 12206973, 317, 2, 3, 318, 319);
INSERT INTO public.eth_vaults (id, decimals, name, symbol, underlying_unit, updated_block, contract, controller_id, governance_id, strategy_id, underlying_id) VALUES (103, 18, 'FARM_UNI-V2', 'fUNI-V2', 1000000000000000000, 12206973, 320, 2, 3, 321, 322);
INSERT INTO public.eth_vaults (id, decimals, name, symbol, underlying_unit, updated_block, contract, controller_id, governance_id, strategy_id, underlying_id) VALUES (104, 18, 'FARM_UNI-V2', 'fUNI-V2', 1000000000000000000, 12206973, 323, 2, 3, 324, 325);
INSERT INTO public.eth_vaults (id, decimals, name, symbol, underlying_unit, updated_block, contract, controller_id, governance_id, strategy_id, underlying_id) VALUES (105, 18, 'FARM_UNI-V2', 'fUNI-V2', 1000000000000000000, 12206973, 326, 2, 3, 327, 328);

INSERT INTO public.eth_token_to_uni_pair (id, block_start, token_id, uni_pair_id) VALUES (1, 0, 2, 2);
INSERT INTO public.eth_token_to_uni_pair (id, block_start, token_id, uni_pair_id) VALUES (2, 0, 3, 3);
INSERT INTO public.eth_token_to_uni_pair (id, block_start, token_id, uni_pair_id) VALUES (3, 0, 4, 4);
INSERT INTO public.eth_token_to_uni_pair (id, block_start, token_id, uni_pair_id) VALUES (4, 0, 5, 5);
INSERT INTO public.eth_token_to_uni_pair (id, block_start, token_id, uni_pair_id) VALUES (5, 0, 6, 6);
INSERT INTO public.eth_token_to_uni_pair (id, block_start, token_id, uni_pair_id) VALUES (6, 0, 7, 7);
INSERT INTO public.eth_token_to_uni_pair (id, block_start, token_id, uni_pair_id) VALUES (7, 0, 8, 1);
INSERT INTO public.eth_token_to_uni_pair (id, block_start, token_id, uni_pair_id) VALUES (8, 0, 9, 8);
INSERT INTO public.eth_token_to_uni_pair (id, block_start, token_id, uni_pair_id) VALUES (9, 0, 10, 9);
INSERT INTO public.eth_token_to_uni_pair (id, block_start, token_id, uni_pair_id) VALUES (10, 0, 11, 10);
INSERT INTO public.eth_token_to_uni_pair (id, block_start, token_id, uni_pair_id) VALUES (11, 0, 12, 11);
INSERT INTO public.eth_token_to_uni_pair (id, block_start, token_id, uni_pair_id) VALUES (12, 0, 13, 12);
INSERT INTO public.eth_token_to_uni_pair (id, block_start, token_id, uni_pair_id) VALUES (13, 0, 14, 13);
INSERT INTO public.eth_token_to_uni_pair (id, block_start, token_id, uni_pair_id) VALUES (14, 0, 15, 14);
INSERT INTO public.eth_token_to_uni_pair (id, block_start, token_id, uni_pair_id) VALUES (15, 0, 16, 15);
INSERT INTO public.eth_token_to_uni_pair (id, block_start, token_id, uni_pair_id) VALUES (16, 0, 18, 24);
INSERT INTO public.eth_token_to_uni_pair (id, block_start, token_id, uni_pair_id) VALUES (17, 11609000, 18, 25);
INSERT INTO public.eth_token_to_uni_pair (id, block_start, token_id, uni_pair_id) VALUES (18, 0, 19, 29);
INSERT INTO public.eth_token_to_uni_pair (id, block_start, token_id, uni_pair_id) VALUES (19, 0, 21, 19);
INSERT INTO public.eth_token_to_uni_pair (id, block_start, token_id, uni_pair_id) VALUES (20, 0, 22, 21);
INSERT INTO public.eth_token_to_uni_pair (id, block_start, token_id, uni_pair_id) VALUES (21, 0, 23, 18);
INSERT INTO public.eth_token_to_uni_pair (id, block_start, token_id, uni_pair_id) VALUES (22, 0, 24, 22);
INSERT INTO public.eth_token_to_uni_pair (id, block_start, token_id, uni_pair_id) VALUES (23, 0, 25, 20);
INSERT INTO public.eth_token_to_uni_pair (id, block_start, token_id, uni_pair_id) VALUES (24, 0, 26, 26);
INSERT INTO public.eth_token_to_uni_pair (id, block_start, token_id, uni_pair_id) VALUES (25, 0, 27, 28);
INSERT INTO public.eth_token_to_uni_pair (id, block_start, token_id, uni_pair_id) VALUES (26, 0, 28, 34);
INSERT INTO public.eth_token_to_uni_pair (id, block_start, token_id, uni_pair_id) VALUES (27, 0, 29, 55);
INSERT INTO public.eth_token_to_uni_pair (id, block_start, token_id, uni_pair_id) VALUES (28, 0, 30, 35);
INSERT INTO public.eth_token_to_uni_pair (id, block_start, token_id, uni_pair_id) VALUES (29, 0, 31, 36);
INSERT INTO public.eth_token_to_uni_pair (id, block_start, token_id, uni_pair_id) VALUES (30, 0, 32, 37);
INSERT INTO public.eth_token_to_uni_pair (id, block_start, token_id, uni_pair_id) VALUES (31, 0, 33, 38);
INSERT INTO public.eth_token_to_uni_pair (id, block_start, token_id, uni_pair_id) VALUES (32, 0, 34, 43);
INSERT INTO public.eth_token_to_uni_pair (id, block_start, token_id, uni_pair_id) VALUES (33, 0, 35, 44);
INSERT INTO public.eth_token_to_uni_pair (id, block_start, token_id, uni_pair_id) VALUES (34, 0, 36, 45);
INSERT INTO public.eth_token_to_uni_pair (id, block_start, token_id, uni_pair_id) VALUES (35, 0, 37, 46);
INSERT INTO public.eth_token_to_uni_pair (id, block_start, token_id, uni_pair_id) VALUES (36, 0, 38, 51);
INSERT INTO public.eth_token_to_uni_pair (id, block_start, token_id, uni_pair_id) VALUES (37, 0, 39, 56);
INSERT INTO public.eth_token_to_uni_pair (id, block_start, token_id, uni_pair_id) VALUES (38, 0, 40, 47);
INSERT INTO public.eth_token_to_uni_pair (id, block_start, token_id, uni_pair_id) VALUES (39, 0, 41, 48);
INSERT INTO public.eth_token_to_uni_pair (id, block_start, token_id, uni_pair_id) VALUES (40, 0, 42, 49);
INSERT INTO public.eth_token_to_uni_pair (id, block_start, token_id, uni_pair_id) VALUES (41, 0, 43, 50);
INSERT INTO public.eth_token_to_uni_pair (id, block_start, token_id, uni_pair_id) VALUES (42, 0, 44, 57);
INSERT INTO public.eth_token_to_uni_pair (id, block_start, token_id, uni_pair_id) VALUES (43, 0, 50, 58);
INSERT INTO public.eth_token_to_uni_pair (id, block_start, token_id, uni_pair_id) VALUES (44, 0, 57, 52);
INSERT INTO public.eth_token_to_uni_pair (id, block_start, token_id, uni_pair_id) VALUES (45, 0, 58, 53);
INSERT INTO public.eth_token_to_uni_pair (id, block_start, token_id, uni_pair_id) VALUES (46, 0, 60, 54);
INSERT INTO public.eth_token_to_uni_pair (id, block_start, token_id, uni_pair_id) VALUES (47, 0, 61, 59);
INSERT INTO public.eth_token_to_uni_pair (id, block_start, token_id, uni_pair_id) VALUES (48, 0, 15, 61);
INSERT INTO public.eth_token_to_uni_pair (id, block_start, token_id, uni_pair_id) VALUES (49, 0, 62, 62);
INSERT INTO public.eth_token_to_uni_pair (id, block_start, token_id, uni_pair_id) VALUES (50, 0, 63, 63);
INSERT INTO public.eth_token_to_uni_pair (id, block_start, token_id, uni_pair_id) VALUES (51, 0, 64, 65);
INSERT INTO public.eth_token_to_uni_pair (id, block_start, token_id, uni_pair_id) VALUES (52, 0, 65, 66);
INSERT INTO public.eth_token_to_uni_pair (id, block_start, token_id, uni_pair_id) VALUES (53, 0, 67, 67);
INSERT INTO public.eth_token_to_uni_pair (id, block_start, token_id, uni_pair_id) VALUES (54, 0, 68, 68);
INSERT INTO public.eth_token_to_uni_pair (id, block_start, token_id, uni_pair_id) VALUES (55, 0, 69, 69);
INSERT INTO public.eth_token_to_uni_pair (id, block_start, token_id, uni_pair_id) VALUES (56, 0, 70, 70);
INSERT INTO public.eth_token_to_uni_pair (id, block_start, token_id, uni_pair_id) VALUES (57, 0, 71, 71);
